Order_ID,Customer_ID,Order_Date,Product,Category,Quantity,Unit_Price,Discount,Revenue,City,State,Payment_Mode
ORD_00001,CUST_0103,2025-12-01,Face Wash,Beauty,3,299,0.1,807.3,Shimla,Himachal Pradesh,Credit Card
ORD_00002,CUST_0467,2025-10-25,Coffee Maker,Home,4,2499,0.05,9496.2,New Delhi,Delhi,Credit Card
ORD_00003,CUST_0309,2025-01-20,Sneakers,Clothing,4,1999,0.2,6396.8,Chandigarh,Chandigarh,UPI
ORD_00004,CUST_0161,2025-07-14,Shampoo,Beauty,2,399,0.0,798.0,New Delhi,Delhi,Debit Card
ORD_00005,CUST_0511,2024-07-08,Sneakers,Clothing,4,1999,0.2,6396.8,New Delhi,Delhi,Cash on Delivery
ORD_00006,CUST_0567,2025-10-08,Perfume,Beauty,1,999,0.0,999.0,Shimla,Himachal Pradesh,Debit Card
ORD_00007,CUST_0274,2024-12-11,Face Wash,Beauty,4,299,0.1,1076.4,Solan,Himachal Pradesh,Cash on Delivery
ORD_00008,CUST_0092,2024-02-04,Body Lotion,Beauty,4,349,0.05,1326.2,Amritsar,Punjab,Credit Card
ORD_00009,CUST_0872,2024-04-15,Shampoo,Beauty,2,399,0.1,718.2,Chandigarh,Chandigarh,Credit Card
ORD_00010,CUST_0477,2024-09-26,Jeans,Clothing,4,1299,0.2,4156.8,Chandigarh,Chandigarh,UPI
ORD_00011,CUST_0702,2024-02-22,Exam Guide,Books,1,699,0.05,664.05,Sonipat,Haryana,Cash on Delivery
ORD_00012,CUST_0188,2024-03-05,Face Wash,Beauty,1,299,0.05,284.05,Ludhiana,Punjab,UPI
ORD_00013,CUST_0344,2024-05-18,Power Bank,Electronics,4,999,0.0,3996.0,New Delhi,Delhi,UPI
ORD_00014,CUST_0392,2025-05-04,Coffee Maker,Home,1,2499,0.1,2249.1,Sonipat,Haryana,Cash on Delivery
ORD_00015,CUST_0135,2024-02-17,Power Bank,Electronics,4,999,0.05,3796.2,Shimla,Himachal Pradesh,Cash on Delivery
ORD_00016,CUST_0872,2025-04-06,Coffee Maker,Home,1,2499,0.05,2374.05,New Delhi,Delhi,UPI
ORD_00017,CUST_0005,2025-01-27,Hoodie,Clothing,3,999,0.05,2847.15,Panipat,Haryana,Cash on Delivery
ORD_00018,CUST_0461,2025-07-17,Coffee Maker,Home,4,2499,0.1,8996.4,Solan,Himachal Pradesh,Cash on Delivery
ORD_00019,CUST_0734,2024-06-19,Self Help Book,Books,3,599,0.05,1707.15,Solan,Himachal Pradesh,UPI
ORD_00020,CUST_0160,2025-11-12,Coffee Maker,Home,2,2499,0.15,4248.3,Solan,Himachal Pradesh,UPI
ORD_00021,CUST_0646,2024-11-26,Perfume,Beauty,4,999,0.0,3996.0,Gurugram,Haryana,Cash on Delivery
ORD_00022,CUST_0473,2025-09-24,Wireless Headphones,Electronics,1,1999,0.1,1799.1,Chandigarh,Chandigarh,UPI
ORD_00023,CUST_0745,2025-10-10,Coffee Maker,Home,2,2499,0.1,4498.2,Shimla,Himachal Pradesh,Debit Card
ORD_00024,CUST_0234,2025-11-02,Perfume,Beauty,3,999,0.0,2997.0,Amritsar,Punjab,UPI
ORD_00025,CUST_0830,2025-01-20,Smart Watch,Electronics,4,2499,0.0,9996.0,New Delhi,Delhi,UPI
ORD_00026,CUST_0613,2024-01-02,Power Bank,Electronics,1,999,0.05,949.05,Faridabad,Haryana,Credit Card
ORD_00027,CUST_0855,2025-09-29,Exam Guide,Books,1,699,0.1,629.1,Sonipat,Haryana,Cash on Delivery
ORD_00028,CUST_0730,2025-02-04,Body Lotion,Beauty,3,349,0.05,994.65,Solan,Himachal Pradesh,Credit Card
ORD_00029,CUST_0198,2024-07-19,Coffee Maker,Home,4,2499,0.15,8496.6,Chandigarh,Chandigarh,Debit Card
ORD_00030,CUST_0326,2025-02-06,Self Help Book,Books,4,599,0.05,2276.2,Gurugram,Haryana,Debit Card
ORD_00031,CUST_0147,2025-10-01,Perfume,Beauty,3,999,0.0,2997.0,Faridabad,Haryana,UPI
ORD_00032,CUST_0779,2025-02-18,Face Wash,Beauty,1,299,0.0,299.0,Gurugram,Haryana,Debit Card
ORD_00033,CUST_0764,2024-01-02,Sneakers,Clothing,1,1999,0.1,1799.1,Amritsar,Punjab,Credit Card
ORD_00034,CUST_0652,2024-01-09,Novel,Books,4,499,0.1,1796.4,Ludhiana,Punjab,Debit Card
ORD_00035,CUST_0816,2025-11-03,Storage Box,Home,4,499,0.05,1896.2,Chandigarh,Chandigarh,Debit Card
ORD_00036,CUST_0625,2024-08-14,Shampoo,Beauty,4,399,0.1,1436.4,Ludhiana,Punjab,UPI
ORD_00037,CUST_0861,2024-06-11,Sneakers,Clothing,2,1999,0.1,3598.2,Shimla,Himachal Pradesh,Cash on Delivery
ORD_00038,CUST_0161,2025-05-18,Face Wash,Beauty,2,299,0.05,568.1,New Delhi,Delhi,UPI
ORD_00039,CUST_0640,2025-04-14,Power Bank,Electronics,4,999,0.1,3596.4,Shimla,Himachal Pradesh,Credit Card
ORD_00040,CUST_0776,2025-08-31,Coffee Maker,Home,2,2499,0.05,4748.1,Chandigarh,Chandigarh,Debit Card
ORD_00041,CUST_0960,2025-10-20,Wireless Headphones,Electronics,4,1999,0.1,7196.4,Chandigarh,Chandigarh,Debit Card
ORD_00042,CUST_0192,2024-06-06,Power Bank,Electronics,1,999,0.2,799.2,Solan,Himachal Pradesh,UPI
ORD_00043,CUST_0518,2024-12-14,Storage Box,Home,1,499,0.2,399.2,Mohali,Punjab,UPI
ORD_00044,CUST_0607,2024-09-09,Storage Box,Home,1,499,0.0,499.0,Solan,Himachal Pradesh,Debit Card
ORD_00045,CUST_0161,2025-07-19,Storage Box,Home,2,499,0.1,898.2,Gurugram,Haryana,Cash on Delivery
ORD_00046,CUST_0686,2025-09-30,Sneakers,Clothing,3,1999,0.2,4797.6,New Delhi,Delhi,Credit Card
ORD_00047,CUST_0386,2024-09-02,T-Shirt,Clothing,4,599,0.1,2156.4,Solan,Himachal Pradesh,Debit Card
ORD_00048,CUST_0538,2025-05-20,Bedsheet,Home,1,999,0.1,899.1,Amritsar,Punjab,UPI
ORD_00049,CUST_0020,2025-10-15,Power Bank,Electronics,4,999,0.05,3796.2,Chandigarh,Chandigarh,Debit Card
ORD_00050,CUST_0471,2024-02-20,Shampoo,Beauty,2,399,0.05,758.1,Mohali,Punjab,Debit Card
ORD_00051,CUST_0190,2024-10-31,Programming Book,Books,2,899,0.15,1528.3,Chandigarh,Chandigarh,Credit Card
ORD_00052,CUST_0838,2024-02-22,Storage Box,Home,1,499,0.1,449.1,Chandigarh,Chandigarh,Cash on Delivery
ORD_00053,CUST_0620,2024-12-15,Self Help Book,Books,4,599,0.15,2036.6,New Delhi,Delhi,Debit Card
ORD_00054,CUST_0936,2024-04-15,Perfume,Beauty,1,999,0.2,799.2,New Delhi,Delhi,UPI
ORD_00055,CUST_0120,2025-04-18,Storage Box,Home,2,499,0.0,998.0,Solan,Himachal Pradesh,Debit Card
ORD_00056,CUST_0127,2025-09-25,Power Bank,Electronics,1,999,0.0,999.0,Ludhiana,Punjab,Credit Card
ORD_00057,CUST_0096,2024-09-28,Power Bank,Electronics,1,999,0.05,949.05,Shimla,Himachal Pradesh,Cash on Delivery
ORD_00058,CUST_0447,2024-03-16,Programming Book,Books,1,899,0.05,854.05,Faridabad,Haryana,Debit Card
ORD_00059,CUST_0997,2024-02-16,Wireless Headphones,Electronics,2,1999,0.0,3998.0,Mohali,Punjab,Credit Card
ORD_00060,CUST_0958,2025-04-18,Face Wash,Beauty,4,299,0.0,1196.0,Shimla,Himachal Pradesh,Cash on Delivery
ORD_00061,CUST_0289,2024-04-09,Self Help Book,Books,2,599,0.1,1078.2,Faridabad,Haryana,Debit Card
ORD_00062,CUST_0906,2024-11-20,Hoodie,Clothing,2,999,0.1,1798.2,Solan,Himachal Pradesh,Cash on Delivery
ORD_00063,CUST_0792,2025-04-19,T-Shirt,Clothing,4,599,0.1,2156.4,Chandigarh,Chandigarh,Cash on Delivery
ORD_00064,CUST_0908,2025-11-21,Hoodie,Clothing,4,999,0.0,3996.0,New Delhi,Delhi,UPI
ORD_00065,CUST_0268,2024-02-12,Table Lamp,Home,1,799,0.1,719.1,Chandigarh,Chandigarh,UPI
ORD_00066,CUST_0397,2025-05-13,Body Lotion,Beauty,2,349,0.0,698.0,Gurugram,Haryana,Debit Card
ORD_00067,CUST_0849,2025-08-24,Sneakers,Clothing,1,1999,0.15,1699.15,Gurugram,Haryana,UPI
ORD_00068,CUST_0903,2024-03-15,Shampoo,Beauty,1,399,0.05,379.05,Solan,Himachal Pradesh,Cash on Delivery
ORD_00069,CUST_0729,2025-04-01,Novel,Books,1,499,0.1,449.1,New Delhi,Delhi,UPI
ORD_00070,CUST_0099,2025-10-25,Shampoo,Beauty,1,399,0.15,339.15,Solan,Himachal Pradesh,UPI
ORD_00071,CUST_0695,2024-09-29,Self Help Book,Books,1,599,0.0,599.0,Mohali,Punjab,Cash on Delivery
ORD_00072,CUST_0880,2024-06-25,Smart Watch,Electronics,1,2499,0.15,2124.15,Chandigarh,Chandigarh,Cash on Delivery
ORD_00073,CUST_0445,2025-12-18,Bluetooth Speaker,Electronics,4,1599,0.05,6076.2,Chandigarh,Chandigarh,Debit Card
ORD_00074,CUST_0506,2025-04-13,Novel,Books,3,499,0.1,1347.3,Chandigarh,Chandigarh,UPI
ORD_00075,CUST_0151,2024-07-04,Bluetooth Speaker,Electronics,1,1599,0.2,1279.2,Sonipat,Haryana,Debit Card
ORD_00076,CUST_0215,2025-08-10,Self Help Book,Books,3,599,0.0,1797.0,Mohali,Punjab,Credit Card
ORD_00077,CUST_0492,2025-10-14,Wireless Headphones,Electronics,2,1999,0.0,3998.0,Sonipat,Haryana,Credit Card
ORD_00078,CUST_0795,2025-02-25,Jeans,Clothing,1,1299,0.1,1169.1,New Delhi,Delhi,Cash on Delivery
ORD_00079,CUST_0496,2025-05-25,Novel,Books,2,499,0.15,848.3,Patiala,Punjab,Cash on Delivery
ORD_00080,CUST_0804,2024-06-30,Body Lotion,Beauty,3,349,0.15,889.95,New Delhi,Delhi,Credit Card
ORD_00081,CUST_0858,2025-10-14,Coffee Maker,Home,2,2499,0.05,4748.1,Faridabad,Haryana,Credit Card
ORD_00082,CUST_0058,2024-12-26,Perfume,Beauty,4,999,0.0,3996.0,Ludhiana,Punjab,UPI
ORD_00083,CUST_0348,2024-04-26,Bluetooth Speaker,Electronics,4,1599,0.05,6076.2,Faridabad,Haryana,UPI
ORD_00084,CUST_0672,2024-07-31,Novel,Books,3,499,0.15,1272.45,New Delhi,Delhi,Cash on Delivery
ORD_00085,CUST_0229,2025-02-05,Body Lotion,Beauty,3,349,0.2,837.6,Patiala,Punjab,Credit Card
ORD_00086,CUST_0143,2025-10-17,Wireless Headphones,Electronics,2,1999,0.1,3598.2,Ludhiana,Punjab,Cash on Delivery
ORD_00087,CUST_0330,2024-05-01,Perfume,Beauty,4,999,0.05,3796.2,Chandigarh,Chandigarh,Cash on Delivery
ORD_00088,CUST_0090,2024-02-10,Sneakers,Clothing,2,1999,0.05,3798.1,Chandigarh,Chandigarh,Cash on Delivery
ORD_00089,CUST_0923,2025-04-05,Wireless Headphones,Electronics,1,1999,0.05,1899.05,Chandigarh,Chandigarh,Cash on Delivery
ORD_00090,CUST_0925,2025-08-16,Programming Book,Books,3,899,0.15,2292.45,New Delhi,Delhi,Cash on Delivery
ORD_00091,CUST_0709,2024-08-29,Smart Watch,Electronics,2,2499,0.2,3998.4,New Delhi,Delhi,UPI
ORD_00092,CUST_0005,2024-08-26,Smart Watch,Electronics,1,2499,0.05,2374.05,Ludhiana,Punjab,UPI
ORD_00093,CUST_0282,2025-04-05,Smart Watch,Electronics,3,2499,0.15,6372.45,Mohali,Punjab,UPI
ORD_00094,CUST_0099,2025-04-20,Wireless Headphones,Electronics,4,1999,0.0,7996.0,Patiala,Punjab,Debit Card
ORD_00095,CUST_0645,2025-11-07,Table Lamp,Home,3,799,0.15,2037.45,Panipat,Haryana,Debit Card
ORD_00096,CUST_0145,2024-02-20,Programming Book,Books,1,899,0.0,899.0,Shimla,Himachal Pradesh,Cash on Delivery
ORD_00097,CUST_0446,2024-12-13,Wireless Headphones,Electronics,4,1999,0.1,7196.4,Panipat,Haryana,Credit Card
ORD_00098,CUST_0438,2024-02-23,Coffee Maker,Home,2,2499,0.15,4248.3,Chandigarh,Chandigarh,UPI
ORD_00099,CUST_0990,2024-10-29,Table Lamp,Home,1,799,0.0,799.0,Shimla,Himachal Pradesh,Credit Card
ORD_00100,CUST_0578,2024-11-01,Coffee Maker,Home,3,2499,0.0,7497.0,Panipat,Haryana,Credit Card
ORD_00101,CUST_0335,2024-09-05,Coffee Maker,Home,3,2499,0.1,6747.3,Amritsar,Punjab,Debit Card
ORD_00102,CUST_0542,2024-05-17,Hoodie,Clothing,1,999,0.2,799.2,Mohali,Punjab,UPI
ORD_00103,CUST_0508,2024-02-22,Perfume,Beauty,1,999,0.2,799.2,Sonipat,Haryana,Credit Card
ORD_00104,CUST_0747,2025-10-24,Storage Box,Home,3,499,0.0,1497.0,New Delhi,Delhi,Credit Card
ORD_00105,CUST_0912,2024-07-13,Perfume,Beauty,4,999,0.05,3796.2,New Delhi,Delhi,Debit Card
ORD_00106,CUST_0093,2024-01-05,T-Shirt,Clothing,2,599,0.0,1198.0,Faridabad,Haryana,Credit Card
ORD_00107,CUST_0829,2025-06-07,Programming Book,Books,1,899,0.1,809.1,Panipat,Haryana,Credit Card
ORD_00108,CUST_0945,2024-09-05,T-Shirt,Clothing,3,599,0.0,1797.0,Mohali,Punjab,Debit Card
ORD_00109,CUST_0056,2024-01-26,Coffee Maker,Home,4,2499,0.0,9996.0,Chandigarh,Chandigarh,UPI
ORD_00110,CUST_0008,2024-10-29,Bluetooth Speaker,Electronics,1,1599,0.2,1279.2,Faridabad,Haryana,Debit Card
ORD_00111,CUST_0078,2024-11-07,T-Shirt,Clothing,2,599,0.0,1198.0,New Delhi,Delhi,Debit Card
ORD_00112,CUST_0003,2025-05-20,Coffee Maker,Home,4,2499,0.0,9996.0,New Delhi,Delhi,Debit Card
ORD_00113,CUST_0015,2024-02-08,Bluetooth Speaker,Electronics,1,1599,0.0,1599.0,Patiala,Punjab,Debit Card
ORD_00114,CUST_0086,2025-06-08,Jeans,Clothing,4,1299,0.0,5196.0,Chandigarh,Chandigarh,UPI
ORD_00115,CUST_0580,2024-04-20,Hoodie,Clothing,1,999,0.05,949.05,Chandigarh,Chandigarh,Debit Card
ORD_00116,CUST_0470,2025-08-17,Hoodie,Clothing,4,999,0.1,3596.4,Sonipat,Haryana,UPI
ORD_00117,CUST_0518,2024-11-10,Shampoo,Beauty,4,399,0.1,1436.4,Solan,Himachal Pradesh,UPI
ORD_00118,CUST_0377,2025-08-04,Wireless Headphones,Electronics,2,1999,0.0,3998.0,Chandigarh,Chandigarh,Credit Card
ORD_00119,CUST_0843,2024-02-09,Bluetooth Speaker,Electronics,3,1599,0.1,4317.3,Solan,Himachal Pradesh,Cash on Delivery
ORD_00120,CUST_0223,2025-10-07,Sneakers,Clothing,4,1999,0.2,6396.8,Mohali,Punjab,Cash on Delivery
ORD_00121,CUST_0998,2025-12-15,Bedsheet,Home,1,999,0.1,899.1,Gurugram,Haryana,UPI
ORD_00122,CUST_0300,2025-12-24,Programming Book,Books,2,899,0.05,1708.1,Amritsar,Punjab,UPI
ORD_00123,CUST_0140,2024-05-18,Smart Watch,Electronics,2,2499,0.05,4748.1,Chandigarh,Chandigarh,UPI
ORD_00124,CUST_0259,2024-09-17,Smart Watch,Electronics,2,2499,0.05,4748.1,Faridabad,Haryana,Credit Card
ORD_00125,CUST_0013,2024-11-24,Sneakers,Clothing,1,1999,0.0,1999.0,Patiala,Punjab,Debit Card
ORD_00126,CUST_0911,2024-11-13,Bedsheet,Home,3,999,0.2,2397.6,Chandigarh,Chandigarh,Cash on Delivery
ORD_00127,CUST_0946,2025-08-10,Exam Guide,Books,3,699,0.2,1677.6,New Delhi,Delhi,Debit Card
ORD_00128,CUST_0513,2024-08-16,Perfume,Beauty,1,999,0.0,999.0,Chandigarh,Chandigarh,Credit Card
ORD_00129,CUST_0291,2024-03-18,Novel,Books,1,499,0.0,499.0,Panipat,Haryana,Cash on Delivery
ORD_00130,CUST_0601,2024-10-21,Programming Book,Books,1,899,0.1,809.1,New Delhi,Delhi,UPI
ORD_00131,CUST_0422,2025-10-26,Bluetooth Speaker,Electronics,3,1599,0.1,4317.3,Patiala,Punjab,Debit Card
ORD_00132,CUST_0503,2024-02-08,Jeans,Clothing,1,1299,0.2,1039.2,New Delhi,Delhi,Credit Card
ORD_00133,CUST_0646,2025-03-23,Coffee Maker,Home,3,2499,0.05,7122.15,Chandigarh,Chandigarh,Debit Card
ORD_00134,CUST_0623,2025-02-23,Novel,Books,4,499,0.1,1796.4,Solan,Himachal Pradesh,UPI
ORD_00135,CUST_0097,2024-09-10,Novel,Books,3,499,0.1,1347.3,Chandigarh,Chandigarh,Credit Card
ORD_00136,CUST_0834,2024-04-27,T-Shirt,Clothing,3,599,0.15,1527.45,Shimla,Himachal Pradesh,Debit Card
ORD_00137,CUST_0228,2024-06-05,Exam Guide,Books,4,699,0.05,2656.2,Shimla,Himachal Pradesh,Debit Card
ORD_00138,CUST_0324,2025-09-18,Face Wash,Beauty,2,299,0.0,598.0,New Delhi,Delhi,Cash on Delivery
ORD_00139,CUST_0292,2024-01-11,Hoodie,Clothing,3,999,0.05,2847.15,Faridabad,Haryana,Credit Card
ORD_00140,CUST_0134,2024-05-20,Jeans,Clothing,3,1299,0.0,3897.0,Sonipat,Haryana,UPI
ORD_00141,CUST_0623,2024-11-19,Body Lotion,Beauty,4,349,0.0,1396.0,Solan,Himachal Pradesh,UPI
ORD_00142,CUST_0840,2024-02-20,T-Shirt,Clothing,4,599,0.05,2276.2,Solan,Himachal Pradesh,Cash on Delivery
ORD_00143,CUST_0297,2025-02-08,Coffee Maker,Home,1,2499,0.0,2499.0,Panipat,Haryana,Cash on Delivery
ORD_00144,CUST_0182,2025-01-05,Wireless Headphones,Electronics,3,1999,0.05,5697.15,Shimla,Himachal Pradesh,UPI
ORD_00145,CUST_0309,2025-10-27,Smart Watch,Electronics,4,2499,0.15,8496.6,Ludhiana,Punjab,Debit Card
ORD_00146,CUST_0244,2024-07-28,Smart Watch,Electronics,3,2499,0.2,5997.6,New Delhi,Delhi,Credit Card
ORD_00147,CUST_0347,2024-06-27,Power Bank,Electronics,3,999,0.0,2997.0,Ludhiana,Punjab,Cash on Delivery
ORD_00148,CUST_0710,2024-03-03,Exam Guide,Books,1,699,0.05,664.05,New Delhi,Delhi,Credit Card
ORD_00149,CUST_0666,2024-03-24,Shampoo,Beauty,1,399,0.1,359.1,Patiala,Punjab,Cash on Delivery
ORD_00150,CUST_0630,2024-11-22,Body Lotion,Beauty,1,349,0.0,349.0,Amritsar,Punjab,UPI
ORD_00151,CUST_0990,2024-02-01,Coffee Maker,Home,4,2499,0.15,8496.6,Shimla,Himachal Pradesh,UPI
ORD_00152,CUST_0477,2024-06-23,Bedsheet,Home,1,999,0.15,849.15,Panipat,Haryana,Credit Card
ORD_00153,CUST_0988,2025-10-05,Smart Watch,Electronics,2,2499,0.1,4498.2,Amritsar,Punjab,UPI
ORD_00154,CUST_0055,2024-06-10,Storage Box,Home,2,499,0.05,948.1,Chandigarh,Chandigarh,UPI
ORD_00155,CUST_0087,2024-01-08,Perfume,Beauty,2,999,0.15,1698.3,Patiala,Punjab,Debit Card
ORD_00156,CUST_0835,2024-08-26,Coffee Maker,Home,1,2499,0.1,2249.1,Shimla,Himachal Pradesh,Debit Card
ORD_00157,CUST_0609,2024-04-05,Body Lotion,Beauty,4,349,0.0,1396.0,New Delhi,Delhi,Cash on Delivery
ORD_00158,CUST_0452,2024-01-07,Face Wash,Beauty,2,299,0.0,598.0,Gurugram,Haryana,UPI
ORD_00159,CUST_0151,2025-07-01,Self Help Book,Books,4,599,0.0,2396.0,Solan,Himachal Pradesh,Credit Card
ORD_00160,CUST_0514,2025-01-20,Bluetooth Speaker,Electronics,1,1599,0.05,1519.05,New Delhi,Delhi,Debit Card
ORD_00161,CUST_0119,2024-09-12,Perfume,Beauty,1,999,0.05,949.05,Mohali,Punjab,UPI
ORD_00162,CUST_0940,2024-10-06,Storage Box,Home,2,499,0.15,848.3,Mohali,Punjab,Credit Card
ORD_00163,CUST_0632,2025-12-21,Bedsheet,Home,3,999,0.15,2547.45,Gurugram,Haryana,UPI
ORD_00164,CUST_0526,2024-12-24,Power Bank,Electronics,2,999,0.1,1798.2,Mohali,Punjab,Credit Card
ORD_00165,CUST_0235,2025-09-01,Shampoo,Beauty,2,399,0.2,638.4,Shimla,Himachal Pradesh,Credit Card
ORD_00166,CUST_0146,2024-02-03,Programming Book,Books,4,899,0.05,3416.2,Patiala,Punjab,UPI
ORD_00167,CUST_0998,2024-12-07,Sneakers,Clothing,3,1999,0.0,5997.0,Shimla,Himachal Pradesh,UPI
ORD_00168,CUST_0287,2025-03-30,Storage Box,Home,2,499,0.1,898.2,Sonipat,Haryana,UPI
ORD_00169,CUST_0922,2025-07-29,Exam Guide,Books,2,699,0.1,1258.2,Faridabad,Haryana,Credit Card
ORD_00170,CUST_0363,2024-01-29,Bluetooth Speaker,Electronics,1,1599,0.1,1439.1,Shimla,Himachal Pradesh,Cash on Delivery
ORD_00171,CUST_0011,2024-08-14,Face Wash,Beauty,3,299,0.05,852.15,Gurugram,Haryana,Debit Card
ORD_00172,CUST_0664,2024-05-27,Exam Guide,Books,1,699,0.05,664.05,New Delhi,Delhi,Debit Card
ORD_00173,CUST_0244,2025-04-26,Table Lamp,Home,2,799,0.2,1278.4,Mohali,Punjab,Credit Card
ORD_00174,CUST_0501,2024-08-04,Wireless Headphones,Electronics,4,1999,0.1,7196.4,Shimla,Himachal Pradesh,Cash on Delivery
ORD_00175,CUST_0042,2024-08-16,Bluetooth Speaker,Electronics,3,1599,0.15,4077.45,Chandigarh,Chandigarh,Cash on Delivery
ORD_00176,CUST_0435,2024-01-17,Sneakers,Clothing,3,1999,0.05,5697.15,Sonipat,Haryana,Debit Card
ORD_00177,CUST_0497,2025-10-22,Shampoo,Beauty,4,399,0.15,1356.6,Ludhiana,Punjab,UPI
ORD_00178,CUST_0374,2025-07-24,Smart Watch,Electronics,1,2499,0.1,2249.1,Sonipat,Haryana,UPI
ORD_00179,CUST_0538,2024-03-26,Sneakers,Clothing,3,1999,0.2,4797.6,Gurugram,Haryana,Credit Card
ORD_00180,CUST_0335,2025-05-12,Self Help Book,Books,1,599,0.0,599.0,New Delhi,Delhi,Debit Card
ORD_00181,CUST_0477,2025-02-05,Hoodie,Clothing,2,999,0.0,1998.0,New Delhi,Delhi,Credit Card
ORD_00182,CUST_0615,2025-09-11,Smart Watch,Electronics,3,2499,0.05,7122.15,Chandigarh,Chandigarh,UPI
ORD_00183,CUST_0098,2024-07-01,Table Lamp,Home,3,799,0.05,2277.15,Chandigarh,Chandigarh,Debit Card
ORD_00184,CUST_0527,2025-01-31,Power Bank,Electronics,1,999,0.1,899.1,Sonipat,Haryana,Cash on Delivery
ORD_00185,CUST_0493,2024-06-18,Sneakers,Clothing,2,1999,0.05,3798.1,Panipat,Haryana,Debit Card
ORD_00186,CUST_0759,2024-02-08,Novel,Books,2,499,0.2,798.4,Chandigarh,Chandigarh,UPI
ORD_00187,CUST_0958,2025-11-27,Wireless Headphones,Electronics,2,1999,0.05,3798.1,Chandigarh,Chandigarh,Debit Card
ORD_00188,CUST_0377,2024-12-05,Jeans,Clothing,1,1299,0.05,1234.05,Shimla,Himachal Pradesh,Credit Card
ORD_00189,CUST_0689,2024-11-19,Table Lamp,Home,2,799,0.05,1518.1,Panipat,Haryana,UPI
ORD_00190,CUST_0665,2025-02-02,Wireless Headphones,Electronics,2,1999,0.0,3998.0,Patiala,Punjab,Cash on Delivery
ORD_00191,CUST_0964,2025-01-14,Body Lotion,Beauty,2,349,0.15,593.3,New Delhi,Delhi,Credit Card
ORD_00192,CUST_0845,2025-07-24,T-Shirt,Clothing,3,599,0.2,1437.6,Chandigarh,Chandigarh,UPI
ORD_00193,CUST_0575,2024-04-16,Self Help Book,Books,1,599,0.0,599.0,Sonipat,Haryana,Credit Card
ORD_00194,CUST_0937,2025-05-31,Smart Watch,Electronics,3,2499,0.15,6372.45,Solan,Himachal Pradesh,Debit Card
ORD_00195,CUST_0727,2025-07-26,Wireless Headphones,Electronics,3,1999,0.1,5397.3,New Delhi,Delhi,Credit Card
ORD_00196,CUST_0419,2024-01-03,Jeans,Clothing,2,1299,0.2,2078.4,New Delhi,Delhi,Credit Card
ORD_00197,CUST_0781,2024-12-22,Self Help Book,Books,1,599,0.1,539.1,Gurugram,Haryana,UPI
ORD_00198,CUST_0952,2024-07-13,Coffee Maker,Home,4,2499,0.05,9496.2,Mohali,Punjab,Cash on Delivery
ORD_00199,CUST_0170,2025-01-29,Bluetooth Speaker,Electronics,4,1599,0.2,5116.8,New Delhi,Delhi,Credit Card
ORD_00200,CUST_0984,2024-06-24,Body Lotion,Beauty,2,349,0.05,663.1,Panipat,Haryana,Credit Card
ORD_00201,CUST_0037,2025-08-15,Perfume,Beauty,1,999,0.15,849.15,Faridabad,Haryana,UPI
ORD_00202,CUST_0224,2024-02-09,Self Help Book,Books,2,599,0.1,1078.2,Faridabad,Haryana,Debit Card
ORD_00203,CUST_0973,2024-12-01,Novel,Books,2,499,0.1,898.2,Chandigarh,Chandigarh,UPI
ORD_00204,CUST_0571,2025-07-10,Storage Box,Home,1,499,0.05,474.05,Patiala,Punjab,Credit Card
ORD_00205,CUST_0356,2025-07-10,Bedsheet,Home,4,999,0.0,3996.0,Sonipat,Haryana,Debit Card
ORD_00206,CUST_0031,2025-10-31,Jeans,Clothing,4,1299,0.05,4936.2,Faridabad,Haryana,Credit Card
ORD_00207,CUST_0718,2024-08-11,Novel,Books,4,499,0.0,1996.0,Solan,Himachal Pradesh,Debit Card
ORD_00208,CUST_0113,2025-11-30,Wireless Headphones,Electronics,4,1999,0.05,7596.2,Shimla,Himachal Pradesh,Cash on Delivery
ORD_00209,CUST_0326,2024-08-11,Bedsheet,Home,3,999,0.1,2697.3,Gurugram,Haryana,Cash on Delivery
ORD_00210,CUST_0572,2025-04-28,Novel,Books,2,499,0.2,798.4,Faridabad,Haryana,Debit Card
ORD_00211,CUST_0192,2025-12-05,Power Bank,Electronics,2,999,0.1,1798.2,Faridabad,Haryana,Debit Card
ORD_00212,CUST_0210,2025-12-16,Jeans,Clothing,4,1299,0.1,4676.4,Chandigarh,Chandigarh,Debit Card
ORD_00213,CUST_0227,2024-02-02,Face Wash,Beauty,4,299,0.0,1196.0,New Delhi,Delhi,Debit Card
ORD_00214,CUST_0570,2025-05-30,Jeans,Clothing,2,1299,0.05,2468.1,Ludhiana,Punjab,UPI
ORD_00215,CUST_0489,2024-05-09,Novel,Books,3,499,0.0,1497.0,Chandigarh,Chandigarh,Credit Card
ORD_00216,CUST_0459,2025-03-15,Coffee Maker,Home,1,2499,0.2,1999.2,Chandigarh,Chandigarh,UPI
ORD_00217,CUST_0021,2025-03-28,Self Help Book,Books,4,599,0.05,2276.2,New Delhi,Delhi,Debit Card
ORD_00218,CUST_0257,2024-06-11,Sneakers,Clothing,2,1999,0.0,3998.0,Patiala,Punjab,Cash on Delivery
ORD_00219,CUST_0524,2025-08-06,Hoodie,Clothing,4,999,0.05,3796.2,Chandigarh,Chandigarh,Credit Card
ORD_00220,CUST_0985,2024-01-27,Wireless Headphones,Electronics,1,1999,0.0,1999.0,Faridabad,Haryana,Debit Card
ORD_00221,CUST_0387,2025-01-12,Exam Guide,Books,4,699,0.0,2796.0,New Delhi,Delhi,Cash on Delivery
ORD_00222,CUST_0558,2024-08-23,Smart Watch,Electronics,2,2499,0.1,4498.2,Chandigarh,Chandigarh,Cash on Delivery
ORD_00223,CUST_0521,2025-05-15,Power Bank,Electronics,3,999,0.1,2697.3,Solan,Himachal Pradesh,Cash on Delivery
ORD_00224,CUST_0584,2024-09-30,Storage Box,Home,1,499,0.0,499.0,Panipat,Haryana,Debit Card
ORD_00225,CUST_0607,2024-04-11,Table Lamp,Home,1,799,0.15,679.15,Amritsar,Punjab,Debit Card
ORD_00226,CUST_0214,2024-02-15,Storage Box,Home,1,499,0.0,499.0,Chandigarh,Chandigarh,Cash on Delivery
ORD_00227,CUST_0673,2024-01-02,Sneakers,Clothing,4,1999,0.2,6396.8,Patiala,Punjab,UPI
ORD_00228,CUST_0973,2024-04-12,Wireless Headphones,Electronics,4,1999,0.05,7596.2,Panipat,Haryana,Debit Card
ORD_00229,CUST_0090,2025-03-03,Jeans,Clothing,3,1299,0.0,3897.0,Amritsar,Punjab,Debit Card
ORD_00230,CUST_0317,2024-03-13,Coffee Maker,Home,2,2499,0.1,4498.2,Mohali,Punjab,Cash on Delivery
ORD_00231,CUST_0264,2024-04-20,Sneakers,Clothing,2,1999,0.15,3398.3,New Delhi,Delhi,Debit Card
ORD_00232,CUST_0007,2024-11-09,Storage Box,Home,4,499,0.1,1796.4,Gurugram,Haryana,Debit Card
ORD_00233,CUST_0127,2024-01-12,Power Bank,Electronics,2,999,0.05,1898.1,Chandigarh,Chandigarh,UPI
ORD_00234,CUST_0537,2024-12-21,Self Help Book,Books,2,599,0.05,1138.1,Solan,Himachal Pradesh,UPI
ORD_00235,CUST_0631,2025-08-16,Self Help Book,Books,4,599,0.05,2276.2,Gurugram,Haryana,Credit Card
ORD_00236,CUST_0549,2024-02-04,Bluetooth Speaker,Electronics,3,1599,0.0,4797.0,Shimla,Himachal Pradesh,Credit Card
ORD_00237,CUST_0959,2025-12-25,Bluetooth Speaker,Electronics,4,1599,0.0,6396.0,Sonipat,Haryana,Cash on Delivery
ORD_00238,CUST_0404,2025-06-15,Exam Guide,Books,4,699,0.05,2656.2,Chandigarh,Chandigarh,Cash on Delivery
ORD_00239,CUST_0562,2024-09-06,Bluetooth Speaker,Electronics,4,1599,0.1,5756.4,Solan,Himachal Pradesh,Cash on Delivery
ORD_00240,CUST_0740,2024-10-21,Hoodie,Clothing,2,999,0.15,1698.3,Gurugram,Haryana,Debit Card
ORD_00241,CUST_0186,2025-07-05,Exam Guide,Books,3,699,0.1,1887.3,Shimla,Himachal Pradesh,UPI
ORD_00242,CUST_0867,2025-08-21,Sneakers,Clothing,4,1999,0.2,6396.8,Faridabad,Haryana,Credit Card
ORD_00243,CUST_0334,2025-07-06,Hoodie,Clothing,1,999,0.15,849.15,Chandigarh,Chandigarh,UPI
ORD_00244,CUST_0623,2024-05-24,Power Bank,Electronics,2,999,0.0,1998.0,New Delhi,Delhi,UPI
ORD_00245,CUST_0028,2025-03-24,Hoodie,Clothing,1,999,0.0,999.0,Chandigarh,Chandigarh,Cash on Delivery
ORD_00246,CUST_0676,2024-01-10,Self Help Book,Books,3,599,0.0,1797.0,New Delhi,Delhi,Credit Card
ORD_00247,CUST_0270,2024-12-26,T-Shirt,Clothing,2,599,0.1,1078.2,Patiala,Punjab,Cash on Delivery
ORD_00248,CUST_0776,2024-10-10,Storage Box,Home,1,499,0.05,474.05,Ludhiana,Punjab,UPI
ORD_00249,CUST_0687,2025-09-23,Exam Guide,Books,1,699,0.15,594.15,Chandigarh,Chandigarh,Cash on Delivery
ORD_00250,CUST_0156,2024-11-29,Body Lotion,Beauty,1,349,0.0,349.0,Sonipat,Haryana,Debit Card
ORD_00251,CUST_0293,2024-02-04,Shampoo,Beauty,1,399,0.1,359.1,Shimla,Himachal Pradesh,Debit Card
ORD_00252,CUST_0837,2025-05-04,Wireless Headphones,Electronics,3,1999,0.0,5997.0,Chandigarh,Chandigarh,UPI
ORD_00253,CUST_0242,2024-11-01,Coffee Maker,Home,2,2499,0.2,3998.4,Shimla,Himachal Pradesh,Debit Card
ORD_00254,CUST_0223,2024-05-30,Bedsheet,Home,3,999,0.1,2697.3,Solan,Himachal Pradesh,Cash on Delivery
ORD_00255,CUST_0946,2024-12-06,Sneakers,Clothing,3,1999,0.0,5997.0,Ludhiana,Punjab,Cash on Delivery
ORD_00256,CUST_0669,2024-07-11,Self Help Book,Books,2,599,0.05,1138.1,Gurugram,Haryana,Credit Card
ORD_00257,CUST_0414,2024-10-29,Jeans,Clothing,1,1299,0.15,1104.15,Amritsar,Punjab,Debit Card
ORD_00258,CUST_0840,2024-05-26,Smart Watch,Electronics,4,2499,0.1,8996.4,Solan,Himachal Pradesh,UPI
ORD_00259,CUST_0361,2025-12-04,Jeans,Clothing,4,1299,0.0,5196.0,Patiala,Punjab,UPI
ORD_00260,CUST_0089,2025-05-03,Novel,Books,1,499,0.1,449.1,New Delhi,Delhi,Cash on Delivery
ORD_00261,CUST_0610,2024-01-19,Programming Book,Books,2,899,0.2,1438.4,Panipat,Haryana,UPI
ORD_00262,CUST_0279,2025-03-30,Table Lamp,Home,3,799,0.05,2277.15,Patiala,Punjab,Debit Card
ORD_00263,CUST_0065,2025-08-27,Shampoo,Beauty,3,399,0.1,1077.3,Patiala,Punjab,UPI
ORD_00264,CUST_0736,2024-09-23,Bluetooth Speaker,Electronics,4,1599,0.0,6396.0,New Delhi,Delhi,Cash on Delivery
ORD_00265,CUST_0622,2024-03-25,Jeans,Clothing,2,1299,0.1,2338.2,Faridabad,Haryana,Cash on Delivery
ORD_00266,CUST_0450,2024-01-12,Face Wash,Beauty,1,299,0.05,284.05,Solan,Himachal Pradesh,Cash on Delivery
ORD_00267,CUST_0293,2024-12-08,Perfume,Beauty,3,999,0.05,2847.15,Faridabad,Haryana,Debit Card
ORD_00268,CUST_0427,2024-12-01,Novel,Books,3,499,0.05,1422.15,Solan,Himachal Pradesh,Debit Card
ORD_00269,CUST_0793,2024-05-20,Body Lotion,Beauty,3,349,0.0,1047.0,New Delhi,Delhi,Credit Card
ORD_00270,CUST_0334,2025-05-08,Exam Guide,Books,4,699,0.1,2516.4,New Delhi,Delhi,UPI
ORD_00271,CUST_0751,2025-02-23,Body Lotion,Beauty,4,349,0.05,1326.2,Panipat,Haryana,UPI
ORD_00272,CUST_0589,2024-09-19,Shampoo,Beauty,1,399,0.1,359.1,Chandigarh,Chandigarh,Credit Card
ORD_00273,CUST_0039,2024-08-28,Self Help Book,Books,3,599,0.05,1707.15,Sonipat,Haryana,Credit Card
ORD_00274,CUST_0952,2025-01-19,Perfume,Beauty,4,999,0.0,3996.0,Chandigarh,Chandigarh,Cash on Delivery
ORD_00275,CUST_0685,2024-04-27,Hoodie,Clothing,3,999,0.0,2997.0,Solan,Himachal Pradesh,Cash on Delivery
ORD_00276,CUST_0905,2025-01-12,T-Shirt,Clothing,3,599,0.1,1617.3,Patiala,Punjab,Credit Card
ORD_00277,CUST_0584,2024-02-19,Smart Watch,Electronics,3,2499,0.15,6372.45,New Delhi,Delhi,Cash on Delivery
ORD_00278,CUST_0060,2025-03-14,T-Shirt,Clothing,2,599,0.15,1018.3,Sonipat,Haryana,Debit Card
ORD_00279,CUST_0561,2025-10-22,Storage Box,Home,2,499,0.05,948.1,Mohali,Punjab,Cash on Delivery
ORD_00280,CUST_0805,2025-10-11,Storage Box,Home,3,499,0.1,1347.3,Mohali,Punjab,UPI
ORD_00281,CUST_0509,2024-09-19,Smart Watch,Electronics,1,2499,0.2,1999.2,Solan,Himachal Pradesh,Debit Card
ORD_00282,CUST_0554,2024-10-06,Self Help Book,Books,1,599,0.1,539.1,Chandigarh,Chandigarh,Credit Card
ORD_00283,CUST_0531,2024-06-15,Shampoo,Beauty,2,399,0.1,718.2,Solan,Himachal Pradesh,Cash on Delivery
ORD_00284,CUST_0744,2025-10-09,Novel,Books,4,499,0.0,1996.0,Ludhiana,Punjab,Credit Card
ORD_00285,CUST_0425,2025-05-31,Face Wash,Beauty,1,299,0.15,254.15,Chandigarh,Chandigarh,Debit Card
ORD_00286,CUST_0160,2024-03-07,Exam Guide,Books,2,699,0.1,1258.2,Chandigarh,Chandigarh,UPI
ORD_00287,CUST_0058,2024-06-20,Bedsheet,Home,2,999,0.0,1998.0,Panipat,Haryana,UPI
ORD_00288,CUST_0803,2025-10-23,Hoodie,Clothing,2,999,0.05,1898.1,Chandigarh,Chandigarh,Credit Card
ORD_00289,CUST_0548,2024-11-06,Novel,Books,1,499,0.1,449.1,Panipat,Haryana,Credit Card
ORD_00290,CUST_0633,2025-05-29,Face Wash,Beauty,4,299,0.1,1076.4,Shimla,Himachal Pradesh,Cash on Delivery
ORD_00291,CUST_0627,2024-11-16,Exam Guide,Books,4,699,0.15,2376.6,Mohali,Punjab,UPI
ORD_00292,CUST_0084,2025-04-04,Sneakers,Clothing,3,1999,0.15,5097.45,Chandigarh,Chandigarh,Credit Card
ORD_00293,CUST_0509,2025-07-31,Face Wash,Beauty,3,299,0.05,852.15,Patiala,Punjab,Credit Card
ORD_00294,CUST_0987,2024-06-28,Wireless Headphones,Electronics,1,1999,0.05,1899.05,Faridabad,Haryana,Credit Card
ORD_00295,CUST_0311,2024-11-11,Bedsheet,Home,3,999,0.1,2697.3,Solan,Himachal Pradesh,Credit Card
ORD_00296,CUST_0012,2024-06-06,Smart Watch,Electronics,2,2499,0.15,4248.3,Panipat,Haryana,Credit Card
ORD_00297,CUST_0134,2024-03-13,Storage Box,Home,3,499,0.05,1422.15,Shimla,Himachal Pradesh,Credit Card
ORD_00298,CUST_0859,2024-09-22,Hoodie,Clothing,2,999,0.2,1598.4,Mohali,Punjab,UPI
ORD_00299,CUST_0253,2024-04-19,Power Bank,Electronics,3,999,0.05,2847.15,Solan,Himachal Pradesh,Debit Card
ORD_00300,CUST_0483,2025-04-26,Smart Watch,Electronics,1,2499,0.1,2249.1,Solan,Himachal Pradesh,Cash on Delivery
ORD_00301,CUST_0537,2024-05-07,Face Wash,Beauty,4,299,0.15,1016.6,Chandigarh,Chandigarh,UPI
ORD_00302,CUST_0543,2025-01-24,Shampoo,Beauty,1,399,0.0,399.0,Shimla,Himachal Pradesh,Credit Card
ORD_00303,CUST_0130,2025-05-31,Body Lotion,Beauty,3,349,0.05,994.65,New Delhi,Delhi,Credit Card
ORD_00304,CUST_0778,2024-09-09,Smart Watch,Electronics,2,2499,0.2,3998.4,Ludhiana,Punjab,Debit Card
ORD_00305,CUST_0905,2025-05-08,Table Lamp,Home,1,799,0.15,679.15,New Delhi,Delhi,Debit Card
ORD_00306,CUST_0080,2025-07-05,Face Wash,Beauty,4,299,0.1,1076.4,Patiala,Punjab,Debit Card
ORD_00307,CUST_0380,2025-02-25,Face Wash,Beauty,4,299,0.1,1076.4,Gurugram,Haryana,UPI
ORD_00308,CUST_0628,2025-06-09,Self Help Book,Books,3,599,0.1,1617.3,Shimla,Himachal Pradesh,Credit Card
ORD_00309,CUST_0645,2025-08-13,Jeans,Clothing,3,1299,0.05,3702.15,Solan,Himachal Pradesh,Debit Card
ORD_00310,CUST_0826,2024-08-29,Novel,Books,1,499,0.0,499.0,Shimla,Himachal Pradesh,UPI
ORD_00311,CUST_0338,2025-05-11,Novel,Books,4,499,0.05,1896.2,Chandigarh,Chandigarh,Debit Card
ORD_00312,CUST_0703,2025-05-24,Exam Guide,Books,4,699,0.0,2796.0,Chandigarh,Chandigarh,Credit Card
ORD_00313,CUST_0564,2025-03-11,Shampoo,Beauty,4,399,0.15,1356.6,Solan,Himachal Pradesh,Credit Card
ORD_00314,CUST_0021,2024-01-17,T-Shirt,Clothing,1,599,0.2,479.2,Patiala,Punjab,UPI
ORD_00315,CUST_0130,2024-08-29,Perfume,Beauty,1,999,0.05,949.05,Faridabad,Haryana,Cash on Delivery
ORD_00316,CUST_0232,2025-12-26,Exam Guide,Books,3,699,0.05,1992.15,Ludhiana,Punjab,UPI
ORD_00317,CUST_0956,2025-03-24,Self Help Book,Books,1,599,0.1,539.1,Solan,Himachal Pradesh,UPI
ORD_00318,CUST_0200,2025-03-10,Bluetooth Speaker,Electronics,3,1599,0.1,4317.3,New Delhi,Delhi,Cash on Delivery
ORD_00319,CUST_0017,2024-12-31,Exam Guide,Books,1,699,0.05,664.05,Chandigarh,Chandigarh,Debit Card
ORD_00320,CUST_0436,2025-05-05,Coffee Maker,Home,3,2499,0.0,7497.0,Sonipat,Haryana,UPI
ORD_00321,CUST_0350,2024-08-07,Jeans,Clothing,3,1299,0.0,3897.0,Ludhiana,Punjab,Cash on Delivery
ORD_00322,CUST_0768,2025-07-14,Wireless Headphones,Electronics,2,1999,0.1,3598.2,Chandigarh,Chandigarh,Credit Card
ORD_00323,CUST_0836,2024-07-08,Wireless Headphones,Electronics,1,1999,0.1,1799.1,Panipat,Haryana,UPI
ORD_00324,CUST_0676,2025-11-23,Body Lotion,Beauty,4,349,0.0,1396.0,Chandigarh,Chandigarh,Credit Card
ORD_00325,CUST_0523,2024-07-01,Hoodie,Clothing,1,999,0.2,799.2,Patiala,Punjab,Cash on Delivery
ORD_00326,CUST_0827,2025-02-17,Shampoo,Beauty,1,399,0.0,399.0,Chandigarh,Chandigarh,UPI
ORD_00327,CUST_0172,2024-05-01,Bedsheet,Home,1,999,0.1,899.1,Amritsar,Punjab,UPI
ORD_00328,CUST_0943,2025-09-29,T-Shirt,Clothing,1,599,0.0,599.0,Chandigarh,Chandigarh,Cash on Delivery
ORD_00329,CUST_0203,2025-04-10,Table Lamp,Home,2,799,0.1,1438.2,Sonipat,Haryana,UPI
ORD_00330,CUST_0463,2025-02-10,Body Lotion,Beauty,2,349,0.0,698.0,Chandigarh,Chandigarh,UPI
ORD_00331,CUST_0278,2025-05-29,Table Lamp,Home,1,799,0.1,719.1,New Delhi,Delhi,Debit Card
ORD_00332,CUST_0413,2024-04-20,Body Lotion,Beauty,1,349,0.15,296.65,Panipat,Haryana,Cash on Delivery
ORD_00333,CUST_0584,2024-04-13,Power Bank,Electronics,1,999,0.15,849.15,New Delhi,Delhi,Cash on Delivery
ORD_00334,CUST_0832,2025-02-08,Jeans,Clothing,3,1299,0.05,3702.15,New Delhi,Delhi,Debit Card
ORD_00335,CUST_0066,2025-08-20,Power Bank,Electronics,1,999,0.1,899.1,Panipat,Haryana,Credit Card
ORD_00336,CUST_0566,2025-02-21,Face Wash,Beauty,2,299,0.0,598.0,Shimla,Himachal Pradesh,Cash on Delivery
ORD_00337,CUST_0587,2024-07-29,Coffee Maker,Home,3,2499,0.05,7122.15,Solan,Himachal Pradesh,Cash on Delivery
ORD_00338,CUST_0623,2024-08-14,Exam Guide,Books,4,699,0.15,2376.6,Sonipat,Haryana,Credit Card
ORD_00339,CUST_0469,2024-07-06,Programming Book,Books,2,899,0.0,1798.0,Patiala,Punjab,Cash on Delivery
ORD_00340,CUST_0273,2024-12-01,Face Wash,Beauty,2,299,0.1,538.2,Gurugram,Haryana,Cash on Delivery
ORD_00341,CUST_0900,2024-07-06,Jeans,Clothing,2,1299,0.1,2338.2,Chandigarh,Chandigarh,Debit Card
ORD_00342,CUST_0817,2025-06-25,Bedsheet,Home,4,999,0.05,3796.2,Panipat,Haryana,UPI
ORD_00343,CUST_0927,2024-12-15,Perfume,Beauty,3,999,0.05,2847.15,Ludhiana,Punjab,UPI
ORD_00344,CUST_0146,2024-10-29,Face Wash,Beauty,3,299,0.15,762.45,New Delhi,Delhi,UPI
ORD_00345,CUST_0118,2025-10-21,Novel,Books,1,499,0.1,449.1,New Delhi,Delhi,Debit Card
ORD_00346,CUST_0710,2025-02-03,Body Lotion,Beauty,3,349,0.1,942.3,Shimla,Himachal Pradesh,Cash on Delivery
ORD_00347,CUST_0573,2025-09-16,Jeans,Clothing,3,1299,0.0,3897.0,Solan,Himachal Pradesh,UPI
ORD_00348,CUST_0877,2024-10-28,Table Lamp,Home,3,799,0.05,2277.15,Gurugram,Haryana,UPI
ORD_00349,CUST_0349,2025-12-04,Exam Guide,Books,1,699,0.05,664.05,Solan,Himachal Pradesh,Credit Card
ORD_00350,CUST_0602,2025-10-02,Shampoo,Beauty,3,399,0.2,957.6,Amritsar,Punjab,Credit Card
ORD_00351,CUST_0809,2025-08-18,Perfume,Beauty,4,999,0.05,3796.2,Amritsar,Punjab,UPI
ORD_00352,CUST_0926,2024-06-11,Shampoo,Beauty,2,399,0.0,798.0,Chandigarh,Chandigarh,Credit Card
ORD_00353,CUST_0632,2025-09-09,Sneakers,Clothing,4,1999,0.15,6796.6,Patiala,Punjab,Credit Card
ORD_00354,CUST_0556,2025-08-18,Wireless Headphones,Electronics,4,1999,0.0,7996.0,Panipat,Haryana,Debit Card
ORD_00355,CUST_0441,2025-06-02,Exam Guide,Books,2,699,0.05,1328.1,Faridabad,Haryana,Cash on Delivery
ORD_00356,CUST_0203,2025-03-01,Perfume,Beauty,3,999,0.15,2547.45,Faridabad,Haryana,Cash on Delivery
ORD_00357,CUST_0896,2025-08-03,Wireless Headphones,Electronics,2,1999,0.2,3198.4,New Delhi,Delhi,Debit Card
ORD_00358,CUST_0730,2025-01-18,Exam Guide,Books,1,699,0.05,664.05,Chandigarh,Chandigarh,UPI
ORD_00359,CUST_0445,2025-05-04,Wireless Headphones,Electronics,2,1999,0.1,3598.2,Ludhiana,Punjab,Credit Card
ORD_00360,CUST_0289,2024-01-28,Power Bank,Electronics,1,999,0.0,999.0,Gurugram,Haryana,UPI
ORD_00361,CUST_0423,2024-07-16,Wireless Headphones,Electronics,2,1999,0.0,3998.0,Sonipat,Haryana,Credit Card
ORD_00362,CUST_0853,2024-03-06,Programming Book,Books,2,899,0.15,1528.3,Panipat,Haryana,Cash on Delivery
ORD_00363,CUST_0880,2024-12-09,Table Lamp,Home,3,799,0.1,2157.3,Chandigarh,Chandigarh,Debit Card
ORD_00364,CUST_0650,2024-02-01,Storage Box,Home,3,499,0.15,1272.45,Solan,Himachal Pradesh,Credit Card
ORD_00365,CUST_0383,2025-01-10,Shampoo,Beauty,4,399,0.1,1436.4,Shimla,Himachal Pradesh,Credit Card
ORD_00366,CUST_0628,2025-11-10,Shampoo,Beauty,3,399,0.2,957.6,Faridabad,Haryana,Credit Card
ORD_00367,CUST_0881,2024-02-13,T-Shirt,Clothing,4,599,0.05,2276.2,Mohali,Punjab,Cash on Delivery
ORD_00368,CUST_0227,2025-03-02,Body Lotion,Beauty,1,349,0.05,331.55,New Delhi,Delhi,UPI
ORD_00369,CUST_0307,2025-05-22,Storage Box,Home,4,499,0.1,1796.4,Chandigarh,Chandigarh,UPI
ORD_00370,CUST_0164,2025-07-12,Novel,Books,4,499,0.15,1696.6,Panipat,Haryana,Cash on Delivery
ORD_00371,CUST_0468,2024-09-15,Shampoo,Beauty,3,399,0.1,1077.3,New Delhi,Delhi,Credit Card
ORD_00372,CUST_0875,2025-06-03,Power Bank,Electronics,1,999,0.0,999.0,Solan,Himachal Pradesh,Cash on Delivery
ORD_00373,CUST_0688,2024-12-31,Table Lamp,Home,4,799,0.15,2716.6,New Delhi,Delhi,Cash on Delivery
ORD_00374,CUST_0649,2024-05-08,Body Lotion,Beauty,2,349,0.05,663.1,Shimla,Himachal Pradesh,UPI
ORD_00375,CUST_0533,2025-05-20,Programming Book,Books,4,899,0.2,2876.8,New Delhi,Delhi,Debit Card
ORD_00376,CUST_0640,2024-07-14,Table Lamp,Home,1,799,0.0,799.0,Amritsar,Punjab,Credit Card
ORD_00377,CUST_0666,2024-09-21,Self Help Book,Books,1,599,0.05,569.05,Chandigarh,Chandigarh,Credit Card
ORD_00378,CUST_0434,2025-03-25,Storage Box,Home,4,499,0.2,1596.8,Chandigarh,Chandigarh,Cash on Delivery
ORD_00379,CUST_0457,2025-08-10,Exam Guide,Books,2,699,0.15,1188.3,Chandigarh,Chandigarh,Credit Card
ORD_00380,CUST_0986,2025-02-20,Exam Guide,Books,4,699,0.0,2796.0,Shimla,Himachal Pradesh,Cash on Delivery
ORD_00381,CUST_0546,2024-03-15,Bluetooth Speaker,Electronics,3,1599,0.0,4797.0,Ludhiana,Punjab,Cash on Delivery
ORD_00382,CUST_0896,2024-10-15,Wireless Headphones,Electronics,4,1999,0.05,7596.2,Chandigarh,Chandigarh,UPI
ORD_00383,CUST_0272,2024-06-04,Jeans,Clothing,3,1299,0.1,3507.3,Amritsar,Punjab,Cash on Delivery
ORD_00384,CUST_0001,2024-05-22,Storage Box,Home,2,499,0.1,898.2,Shimla,Himachal Pradesh,UPI
ORD_00385,CUST_0629,2025-04-04,Programming Book,Books,4,899,0.2,2876.8,Ludhiana,Punjab,UPI
ORD_00386,CUST_0867,2025-10-07,Face Wash,Beauty,3,299,0.05,852.15,New Delhi,Delhi,Debit Card
ORD_00387,CUST_0407,2025-07-03,Coffee Maker,Home,2,2499,0.05,4748.1,Chandigarh,Chandigarh,UPI
ORD_00388,CUST_0840,2025-05-21,Coffee Maker,Home,2,2499,0.15,4248.3,Chandigarh,Chandigarh,UPI
ORD_00389,CUST_0281,2024-03-23,Jeans,Clothing,3,1299,0.0,3897.0,New Delhi,Delhi,Debit Card
ORD_00390,CUST_0426,2024-11-22,Table Lamp,Home,4,799,0.0,3196.0,Ludhiana,Punjab,Cash on Delivery
ORD_00391,CUST_0375,2025-02-01,Power Bank,Electronics,3,999,0.15,2547.45,Shimla,Himachal Pradesh,Cash on Delivery
ORD_00392,CUST_0936,2025-01-10,Smart Watch,Electronics,1,2499,0.0,2499.0,Chandigarh,Chandigarh,UPI
ORD_00393,CUST_0654,2024-11-29,Table Lamp,Home,3,799,0.0,2397.0,Amritsar,Punjab,Debit Card
ORD_00394,CUST_0068,2025-09-13,Perfume,Beauty,2,999,0.1,1798.2,Amritsar,Punjab,Debit Card
ORD_00395,CUST_0255,2024-09-24,Programming Book,Books,1,899,0.05,854.05,New Delhi,Delhi,Debit Card
ORD_00396,CUST_0576,2024-10-30,T-Shirt,Clothing,3,599,0.1,1617.3,Chandigarh,Chandigarh,UPI
ORD_00397,CUST_0963,2025-03-20,Face Wash,Beauty,1,299,0.0,299.0,Amritsar,Punjab,Debit Card
ORD_00398,CUST_0977,2024-10-27,Sneakers,Clothing,4,1999,0.1,7196.4,Chandigarh,Chandigarh,Credit Card
ORD_00399,CUST_0588,2025-02-09,Bluetooth Speaker,Electronics,2,1599,0.0,3198.0,Shimla,Himachal Pradesh,Credit Card
ORD_00400,CUST_0788,2025-03-30,Wireless Headphones,Electronics,3,1999,0.0,5997.0,Chandigarh,Chandigarh,Cash on Delivery
ORD_00401,CUST_0772,2024-07-12,Face Wash,Beauty,3,299,0.1,807.3,Gurugram,Haryana,Debit Card
ORD_00402,CUST_0361,2024-08-01,Power Bank,Electronics,3,999,0.05,2847.15,Mohali,Punjab,UPI
ORD_00403,CUST_0573,2025-04-11,Shampoo,Beauty,2,399,0.2,638.4,Chandigarh,Chandigarh,Credit Card
ORD_00404,CUST_0449,2025-02-27,Wireless Headphones,Electronics,1,1999,0.05,1899.05,New Delhi,Delhi,Cash on Delivery
ORD_00405,CUST_0749,2024-02-18,Perfume,Beauty,1,999,0.1,899.1,Mohali,Punjab,Cash on Delivery
ORD_00406,CUST_0555,2024-12-06,Perfume,Beauty,1,999,0.05,949.05,Shimla,Himachal Pradesh,Cash on Delivery
ORD_00407,CUST_0318,2024-12-09,Hoodie,Clothing,2,999,0.2,1598.4,Shimla,Himachal Pradesh,UPI
ORD_00408,CUST_0529,2024-02-10,Self Help Book,Books,3,599,0.1,1617.3,Solan,Himachal Pradesh,Debit Card
ORD_00409,CUST_0494,2025-07-10,Coffee Maker,Home,1,2499,0.2,1999.2,Amritsar,Punjab,Cash on Delivery
ORD_00410,CUST_0019,2024-04-18,Perfume,Beauty,4,999,0.1,3596.4,Chandigarh,Chandigarh,UPI
ORD_00411,CUST_0240,2024-09-06,Wireless Headphones,Electronics,2,1999,0.2,3198.4,Solan,Himachal Pradesh,UPI
ORD_00412,CUST_0859,2025-10-19,Self Help Book,Books,3,599,0.0,1797.0,Faridabad,Haryana,Credit Card
ORD_00413,CUST_0673,2025-02-15,Shampoo,Beauty,1,399,0.0,399.0,Chandigarh,Chandigarh,UPI
ORD_00414,CUST_0737,2024-04-14,Shampoo,Beauty,3,399,0.05,1137.15,Panipat,Haryana,Debit Card
ORD_00415,CUST_0843,2024-04-27,Programming Book,Books,2,899,0.1,1618.2,Patiala,Punjab,Debit Card
ORD_00416,CUST_0540,2025-05-28,Storage Box,Home,2,499,0.0,998.0,Solan,Himachal Pradesh,Debit Card
ORD_00417,CUST_0912,2025-02-22,T-Shirt,Clothing,1,599,0.05,569.05,New Delhi,Delhi,UPI
ORD_00418,CUST_0311,2025-07-27,Self Help Book,Books,2,599,0.2,958.4,Ludhiana,Punjab,Debit Card
ORD_00419,CUST_0921,2024-04-16,Smart Watch,Electronics,4,2499,0.05,9496.2,Faridabad,Haryana,Debit Card
ORD_00420,CUST_0429,2024-07-06,Wireless Headphones,Electronics,2,1999,0.15,3398.3,Chandigarh,Chandigarh,Credit Card
ORD_00421,CUST_0800,2024-02-10,Coffee Maker,Home,4,2499,0.1,8996.4,New Delhi,Delhi,Cash on Delivery
ORD_00422,CUST_0672,2025-01-14,Hoodie,Clothing,1,999,0.0,999.0,Amritsar,Punjab,Debit Card
ORD_00423,CUST_0290,2025-07-21,Face Wash,Beauty,3,299,0.0,897.0,Patiala,Punjab,Debit Card
ORD_00424,CUST_0148,2025-02-22,Table Lamp,Home,2,799,0.1,1438.2,New Delhi,Delhi,Debit Card
ORD_00425,CUST_0479,2025-07-29,Bedsheet,Home,3,999,0.05,2847.15,Solan,Himachal Pradesh,Credit Card
ORD_00426,CUST_0688,2024-01-31,Perfume,Beauty,4,999,0.1,3596.4,Chandigarh,Chandigarh,UPI
ORD_00427,CUST_0877,2025-03-18,T-Shirt,Clothing,2,599,0.0,1198.0,New Delhi,Delhi,Debit Card
ORD_00428,CUST_0557,2024-12-28,Shampoo,Beauty,3,399,0.0,1197.0,New Delhi,Delhi,Credit Card
ORD_00429,CUST_0563,2024-09-01,Jeans,Clothing,3,1299,0.0,3897.0,Sonipat,Haryana,Credit Card
ORD_00430,CUST_0125,2024-03-27,Programming Book,Books,4,899,0.05,3416.2,Chandigarh,Chandigarh,Credit Card
ORD_00431,CUST_0201,2025-09-29,Wireless Headphones,Electronics,1,1999,0.1,1799.1,Chandigarh,Chandigarh,UPI
ORD_00432,CUST_0109,2025-11-04,Face Wash,Beauty,1,299,0.05,284.05,Solan,Himachal Pradesh,UPI
ORD_00433,CUST_0379,2024-04-18,Coffee Maker,Home,2,2499,0.15,4248.3,New Delhi,Delhi,Credit Card
ORD_00434,CUST_0497,2024-10-26,Programming Book,Books,3,899,0.05,2562.15,New Delhi,Delhi,Debit Card
ORD_00435,CUST_0836,2025-09-28,Table Lamp,Home,4,799,0.1,2876.4,New Delhi,Delhi,UPI
ORD_00436,CUST_0111,2024-09-29,Hoodie,Clothing,4,999,0.05,3796.2,New Delhi,Delhi,Cash on Delivery
ORD_00437,CUST_0850,2025-06-03,Power Bank,Electronics,2,999,0.05,1898.1,Chandigarh,Chandigarh,UPI
ORD_00438,CUST_0657,2024-03-04,Exam Guide,Books,2,699,0.0,1398.0,New Delhi,Delhi,UPI
ORD_00439,CUST_0866,2024-09-02,Bedsheet,Home,1,999,0.05,949.05,Solan,Himachal Pradesh,Debit Card
ORD_00440,CUST_0487,2025-07-11,Face Wash,Beauty,1,299,0.1,269.1,Faridabad,Haryana,Credit Card
ORD_00441,CUST_0529,2025-08-04,Coffee Maker,Home,2,2499,0.2,3998.4,Faridabad,Haryana,Credit Card
ORD_00442,CUST_0587,2025-12-15,Smart Watch,Electronics,4,2499,0.05,9496.2,Ludhiana,Punjab,Credit Card
ORD_00443,CUST_0465,2025-08-26,Table Lamp,Home,2,799,0.05,1518.1,New Delhi,Delhi,Debit Card
ORD_00444,CUST_0751,2025-05-25,Body Lotion,Beauty,1,349,0.05,331.55,Amritsar,Punjab,Cash on Delivery
ORD_00445,CUST_0941,2024-05-26,Wireless Headphones,Electronics,1,1999,0.05,1899.05,New Delhi,Delhi,Debit Card
ORD_00446,CUST_0837,2025-12-20,Self Help Book,Books,2,599,0.0,1198.0,Faridabad,Haryana,Credit Card
ORD_00447,CUST_0349,2024-11-15,Coffee Maker,Home,2,2499,0.1,4498.2,Solan,Himachal Pradesh,Cash on Delivery
ORD_00448,CUST_0194,2024-02-26,Power Bank,Electronics,3,999,0.0,2997.0,New Delhi,Delhi,Debit Card
ORD_00449,CUST_0370,2025-10-08,T-Shirt,Clothing,4,599,0.05,2276.2,New Delhi,Delhi,UPI
ORD_00450,CUST_0292,2024-05-20,Wireless Headphones,Electronics,1,1999,0.0,1999.0,Solan,Himachal Pradesh,Cash on Delivery
ORD_00451,CUST_0201,2024-04-13,Power Bank,Electronics,3,999,0.1,2697.3,Mohali,Punjab,Credit Card
ORD_00452,CUST_0974,2024-12-20,Shampoo,Beauty,3,399,0.0,1197.0,New Delhi,Delhi,Credit Card
ORD_00453,CUST_0188,2025-07-26,Novel,Books,4,499,0.0,1996.0,New Delhi,Delhi,Debit Card
ORD_00454,CUST_0358,2025-01-14,Sneakers,Clothing,1,1999,0.1,1799.1,Chandigarh,Chandigarh,Credit Card
ORD_00455,CUST_0450,2025-05-22,T-Shirt,Clothing,4,599,0.05,2276.2,Gurugram,Haryana,Debit Card
ORD_00456,CUST_0904,2024-11-16,Bedsheet,Home,1,999,0.1,899.1,Patiala,Punjab,Credit Card
ORD_00457,CUST_0437,2024-11-08,Novel,Books,3,499,0.05,1422.15,Mohali,Punjab,Debit Card
ORD_00458,CUST_0337,2025-07-17,Jeans,Clothing,4,1299,0.1,4676.4,Chandigarh,Chandigarh,Cash on Delivery
ORD_00459,CUST_0882,2025-02-11,Sneakers,Clothing,2,1999,0.15,3398.3,Chandigarh,Chandigarh,UPI
ORD_00460,CUST_0059,2024-10-16,Sneakers,Clothing,3,1999,0.0,5997.0,Faridabad,Haryana,Credit Card
ORD_00461,CUST_0639,2025-03-16,Table Lamp,Home,4,799,0.05,3036.2,Mohali,Punjab,UPI
ORD_00462,CUST_0154,2024-12-08,Sneakers,Clothing,2,1999,0.1,3598.2,Faridabad,Haryana,UPI
ORD_00463,CUST_0390,2025-10-29,Exam Guide,Books,1,699,0.0,699.0,New Delhi,Delhi,UPI
ORD_00464,CUST_0577,2025-03-03,Coffee Maker,Home,1,2499,0.15,2124.15,Chandigarh,Chandigarh,Cash on Delivery
ORD_00465,CUST_0850,2025-09-15,Table Lamp,Home,3,799,0.2,1917.6,Chandigarh,Chandigarh,Debit Card
ORD_00466,CUST_0421,2025-12-29,Smart Watch,Electronics,3,2499,0.05,7122.15,Gurugram,Haryana,Debit Card
ORD_00467,CUST_0725,2025-06-19,Self Help Book,Books,1,599,0.0,599.0,Chandigarh,Chandigarh,Debit Card
ORD_00468,CUST_0785,2025-06-16,Body Lotion,Beauty,1,349,0.05,331.55,Chandigarh,Chandigarh,Debit Card
ORD_00469,CUST_0723,2025-05-16,Face Wash,Beauty,2,299,0.0,598.0,Chandigarh,Chandigarh,Cash on Delivery
ORD_00470,CUST_0553,2024-08-14,Coffee Maker,Home,4,2499,0.0,9996.0,Chandigarh,Chandigarh,UPI
ORD_00471,CUST_0892,2024-04-09,Wireless Headphones,Electronics,2,1999,0.1,3598.2,Faridabad,Haryana,UPI
ORD_00472,CUST_0329,2024-04-09,Bedsheet,Home,4,999,0.1,3596.4,Shimla,Himachal Pradesh,UPI
ORD_00473,CUST_0749,2024-09-30,T-Shirt,Clothing,4,599,0.2,1916.8,New Delhi,Delhi,Cash on Delivery
ORD_00474,CUST_0326,2025-03-13,Perfume,Beauty,1,999,0.1,899.1,Amritsar,Punjab,UPI
ORD_00475,CUST_0252,2024-04-27,Coffee Maker,Home,1,2499,0.0,2499.0,Sonipat,Haryana,Cash on Delivery
ORD_00476,CUST_0815,2024-04-11,Programming Book,Books,2,899,0.0,1798.0,Panipat,Haryana,UPI
ORD_00477,CUST_0868,2025-09-05,Hoodie,Clothing,1,999,0.1,899.1,Amritsar,Punjab,Credit Card
ORD_00478,CUST_0884,2024-07-06,Self Help Book,Books,1,599,0.2,479.2,Panipat,Haryana,UPI
ORD_00479,CUST_0852,2025-08-26,Perfume,Beauty,3,999,0.0,2997.0,Faridabad,Haryana,Debit Card
ORD_00480,CUST_0502,2025-11-04,Programming Book,Books,3,899,0.05,2562.15,Solan,Himachal Pradesh,Debit Card
ORD_00481,CUST_0992,2025-06-02,Novel,Books,1,499,0.1,449.1,Chandigarh,Chandigarh,UPI
ORD_00482,CUST_0638,2025-04-28,Perfume,Beauty,4,999,0.05,3796.2,Shimla,Himachal Pradesh,Cash on Delivery
ORD_00483,CUST_0623,2024-08-12,Table Lamp,Home,4,799,0.15,2716.6,Amritsar,Punjab,Cash on Delivery
ORD_00484,CUST_0045,2025-05-03,Storage Box,Home,4,499,0.0,1996.0,Solan,Himachal Pradesh,Credit Card
ORD_00485,CUST_0412,2024-08-05,Self Help Book,Books,4,599,0.05,2276.2,Chandigarh,Chandigarh,Credit Card
ORD_00486,CUST_0104,2025-03-09,Bluetooth Speaker,Electronics,1,1599,0.1,1439.1,New Delhi,Delhi,Debit Card
ORD_00487,CUST_0800,2024-03-30,Shampoo,Beauty,1,399,0.0,399.0,Chandigarh,Chandigarh,Debit Card
ORD_00488,CUST_0362,2024-10-27,Smart Watch,Electronics,1,2499,0.15,2124.15,New Delhi,Delhi,Debit Card
ORD_00489,CUST_0461,2025-02-15,Exam Guide,Books,4,699,0.2,2236.8,New Delhi,Delhi,Debit Card
ORD_00490,CUST_0833,2025-03-13,Bluetooth Speaker,Electronics,4,1599,0.05,6076.2,Chandigarh,Chandigarh,UPI
ORD_00491,CUST_0559,2024-01-05,Smart Watch,Electronics,2,2499,0.1,4498.2,Chandigarh,Chandigarh,Cash on Delivery
ORD_00492,CUST_0361,2025-02-25,Storage Box,Home,2,499,0.05,948.1,New Delhi,Delhi,Credit Card
ORD_00493,CUST_0015,2025-01-24,Programming Book,Books,1,899,0.2,719.2,Panipat,Haryana,Credit Card
ORD_00494,CUST_0302,2025-06-01,Self Help Book,Books,2,599,0.1,1078.2,Solan,Himachal Pradesh,Cash on Delivery
ORD_00495,CUST_0493,2024-11-26,Storage Box,Home,1,499,0.0,499.0,Solan,Himachal Pradesh,Debit Card
ORD_00496,CUST_0863,2025-08-02,Perfume,Beauty,2,999,0.0,1998.0,New Delhi,Delhi,Cash on Delivery
ORD_00497,CUST_0560,2024-05-18,Bedsheet,Home,2,999,0.1,1798.2,Shimla,Himachal Pradesh,Credit Card
ORD_00498,CUST_0019,2025-07-24,Jeans,Clothing,2,1299,0.0,2598.0,Solan,Himachal Pradesh,UPI
ORD_00499,CUST_0619,2024-09-03,Table Lamp,Home,4,799,0.2,2556.8,Solan,Himachal Pradesh,Cash on Delivery
ORD_00500,CUST_0478,2024-02-08,Body Lotion,Beauty,2,349,0.1,628.2,Ludhiana,Punjab,Cash on Delivery
ORD_00501,CUST_0600,2024-05-16,Jeans,Clothing,1,1299,0.05,1234.05,Solan,Himachal Pradesh,Cash on Delivery
ORD_00502,CUST_0613,2024-06-19,Perfume,Beauty,4,999,0.0,3996.0,Solan,Himachal Pradesh,Credit Card
ORD_00503,CUST_0764,2025-09-04,Hoodie,Clothing,4,999,0.15,3396.6,New Delhi,Delhi,UPI
ORD_00504,CUST_0349,2024-09-21,Storage Box,Home,1,499,0.0,499.0,New Delhi,Delhi,Credit Card
ORD_00505,CUST_0499,2025-02-07,Power Bank,Electronics,1,999,0.15,849.15,Solan,Himachal Pradesh,Debit Card
ORD_00506,CUST_0611,2024-01-17,Bluetooth Speaker,Electronics,3,1599,0.05,4557.15,Sonipat,Haryana,Cash on Delivery
ORD_00507,CUST_0861,2024-04-23,Face Wash,Beauty,3,299,0.05,852.15,Mohali,Punjab,Credit Card
ORD_00508,CUST_0877,2025-12-15,Perfume,Beauty,3,999,0.1,2697.3,Patiala,Punjab,UPI
ORD_00509,CUST_0890,2025-08-02,Wireless Headphones,Electronics,2,1999,0.15,3398.3,Solan,Himachal Pradesh,Debit Card
ORD_00510,CUST_0824,2025-02-06,Table Lamp,Home,3,799,0.05,2277.15,Solan,Himachal Pradesh,Debit Card
ORD_00511,CUST_0303,2024-05-11,Sneakers,Clothing,1,1999,0.05,1899.05,Faridabad,Haryana,Debit Card
ORD_00512,CUST_0754,2025-01-02,Face Wash,Beauty,1,299,0.05,284.05,New Delhi,Delhi,Cash on Delivery
ORD_00513,CUST_0615,2024-09-27,Shampoo,Beauty,1,399,0.05,379.05,New Delhi,Delhi,UPI
ORD_00514,CUST_0897,2024-07-07,Coffee Maker,Home,4,2499,0.15,8496.6,Chandigarh,Chandigarh,Credit Card
ORD_00515,CUST_0989,2025-03-08,Sneakers,Clothing,3,1999,0.1,5397.3,Solan,Himachal Pradesh,Cash on Delivery
ORD_00516,CUST_0279,2025-11-11,Novel,Books,3,499,0.0,1497.0,Patiala,Punjab,UPI
ORD_00517,CUST_0700,2025-09-06,Novel,Books,2,499,0.0,998.0,Shimla,Himachal Pradesh,Cash on Delivery
ORD_00518,CUST_0515,2024-02-07,Bedsheet,Home,3,999,0.0,2997.0,New Delhi,Delhi,Debit Card
ORD_00519,CUST_0420,2024-11-01,Wireless Headphones,Electronics,1,1999,0.05,1899.05,Shimla,Himachal Pradesh,Cash on Delivery
ORD_00520,CUST_0411,2025-01-13,Bedsheet,Home,1,999,0.05,949.05,Chandigarh,Chandigarh,Debit Card
ORD_00521,CUST_0528,2024-09-28,Programming Book,Books,1,899,0.0,899.0,New Delhi,Delhi,Debit Card
ORD_00522,CUST_0799,2024-09-10,Jeans,Clothing,4,1299,0.0,5196.0,Patiala,Punjab,Debit Card
ORD_00523,CUST_0480,2025-07-13,Jeans,Clothing,1,1299,0.05,1234.05,Chandigarh,Chandigarh,Debit Card
ORD_00524,CUST_0153,2024-07-09,Table Lamp,Home,1,799,0.0,799.0,Ludhiana,Punjab,Cash on Delivery
ORD_00525,CUST_0081,2024-04-05,Bluetooth Speaker,Electronics,4,1599,0.0,6396.0,New Delhi,Delhi,Credit Card
ORD_00526,CUST_0001,2025-08-15,Hoodie,Clothing,1,999,0.15,849.15,Gurugram,Haryana,UPI
ORD_00527,CUST_0477,2024-11-03,Wireless Headphones,Electronics,2,1999,0.05,3798.1,Shimla,Himachal Pradesh,UPI
ORD_00528,CUST_0575,2024-07-01,Power Bank,Electronics,4,999,0.1,3596.4,Patiala,Punjab,Debit Card
ORD_00529,CUST_0474,2025-01-03,Perfume,Beauty,4,999,0.1,3596.4,New Delhi,Delhi,Debit Card
ORD_00530,CUST_0884,2024-09-26,Storage Box,Home,2,499,0.1,898.2,Sonipat,Haryana,Debit Card
ORD_00531,CUST_0900,2024-06-16,Table Lamp,Home,3,799,0.1,2157.3,New Delhi,Delhi,UPI
ORD_00532,CUST_0193,2025-06-08,Self Help Book,Books,4,599,0.15,2036.6,New Delhi,Delhi,Debit Card
ORD_00533,CUST_0716,2024-04-04,Coffee Maker,Home,2,2499,0.15,4248.3,Chandigarh,Chandigarh,Cash on Delivery
ORD_00534,CUST_0151,2025-06-02,Sneakers,Clothing,2,1999,0.1,3598.2,New Delhi,Delhi,Credit Card
ORD_00535,CUST_0784,2024-05-03,Coffee Maker,Home,2,2499,0.0,4998.0,Patiala,Punjab,Cash on Delivery
ORD_00536,CUST_0126,2025-02-04,Self Help Book,Books,1,599,0.05,569.05,Patiala,Punjab,UPI
ORD_00537,CUST_0924,2024-11-13,Programming Book,Books,4,899,0.15,3056.6,Faridabad,Haryana,UPI
ORD_00538,CUST_0019,2025-11-09,Self Help Book,Books,2,599,0.0,1198.0,Chandigarh,Chandigarh,UPI
ORD_00539,CUST_0141,2025-06-09,Shampoo,Beauty,3,399,0.1,1077.3,New Delhi,Delhi,Cash on Delivery
ORD_00540,CUST_0822,2024-12-03,Exam Guide,Books,4,699,0.05,2656.2,Sonipat,Haryana,UPI
ORD_00541,CUST_0392,2024-11-17,Jeans,Clothing,1,1299,0.2,1039.2,Sonipat,Haryana,Cash on Delivery
ORD_00542,CUST_0318,2025-02-28,Wireless Headphones,Electronics,2,1999,0.1,3598.2,Ludhiana,Punjab,UPI
ORD_00543,CUST_0204,2024-07-26,Coffee Maker,Home,2,2499,0.1,4498.2,Faridabad,Haryana,Cash on Delivery
ORD_00544,CUST_0586,2025-10-30,Hoodie,Clothing,3,999,0.0,2997.0,Chandigarh,Chandigarh,Debit Card
ORD_00545,CUST_0553,2025-01-01,Perfume,Beauty,3,999,0.1,2697.3,Panipat,Haryana,UPI
ORD_00546,CUST_0802,2024-03-13,Bedsheet,Home,3,999,0.1,2697.3,Amritsar,Punjab,Cash on Delivery
ORD_00547,CUST_0326,2024-09-14,Bluetooth Speaker,Electronics,4,1599,0.0,6396.0,Solan,Himachal Pradesh,UPI
ORD_00548,CUST_0595,2024-11-10,T-Shirt,Clothing,2,599,0.1,1078.2,New Delhi,Delhi,Cash on Delivery
ORD_00549,CUST_0917,2025-02-17,Storage Box,Home,2,499,0.1,898.2,Patiala,Punjab,Cash on Delivery
ORD_00550,CUST_0449,2024-05-16,Wireless Headphones,Electronics,4,1999,0.2,6396.8,Chandigarh,Chandigarh,Debit Card
ORD_00551,CUST_0897,2025-09-09,Sneakers,Clothing,1,1999,0.15,1699.15,Mohali,Punjab,Credit Card
ORD_00552,CUST_0795,2024-05-06,Hoodie,Clothing,4,999,0.1,3596.4,Amritsar,Punjab,Debit Card
ORD_00553,CUST_0271,2024-09-04,Face Wash,Beauty,3,299,0.1,807.3,Chandigarh,Chandigarh,UPI
ORD_00554,CUST_0043,2025-05-07,Wireless Headphones,Electronics,2,1999,0.1,3598.2,Patiala,Punjab,Debit Card
ORD_00555,CUST_0111,2024-12-31,Body Lotion,Beauty,4,349,0.0,1396.0,Shimla,Himachal Pradesh,Cash on Delivery
ORD_00556,CUST_0802,2024-11-09,Table Lamp,Home,2,799,0.1,1438.2,Ludhiana,Punjab,Cash on Delivery
ORD_00557,CUST_0338,2024-06-12,Jeans,Clothing,2,1299,0.05,2468.1,New Delhi,Delhi,Debit Card
ORD_00558,CUST_0589,2025-08-25,Bedsheet,Home,2,999,0.1,1798.2,New Delhi,Delhi,Credit Card
ORD_00559,CUST_0490,2024-10-21,Wireless Headphones,Electronics,1,1999,0.1,1799.1,Amritsar,Punjab,Cash on Delivery
ORD_00560,CUST_0865,2025-03-20,Novel,Books,2,499,0.15,848.3,Gurugram,Haryana,Debit Card
ORD_00561,CUST_0188,2025-09-10,Sneakers,Clothing,4,1999,0.1,7196.4,Shimla,Himachal Pradesh,Cash on Delivery
ORD_00562,CUST_0530,2025-11-28,Hoodie,Clothing,2,999,0.15,1698.3,Patiala,Punjab,Cash on Delivery
ORD_00563,CUST_0214,2024-07-25,Self Help Book,Books,2,599,0.0,1198.0,Ludhiana,Punjab,Debit Card
ORD_00564,CUST_0974,2024-12-06,T-Shirt,Clothing,1,599,0.2,479.2,Shimla,Himachal Pradesh,UPI
ORD_00565,CUST_0714,2025-09-12,Face Wash,Beauty,2,299,0.15,508.3,Chandigarh,Chandigarh,Debit Card
ORD_00566,CUST_0803,2025-03-19,Face Wash,Beauty,1,299,0.05,284.05,New Delhi,Delhi,Cash on Delivery
ORD_00567,CUST_0746,2024-02-21,Wireless Headphones,Electronics,1,1999,0.05,1899.05,Patiala,Punjab,Debit Card
ORD_00568,CUST_0814,2024-12-27,Exam Guide,Books,2,699,0.05,1328.1,Gurugram,Haryana,Cash on Delivery
ORD_00569,CUST_0097,2024-04-18,Wireless Headphones,Electronics,1,1999,0.05,1899.05,New Delhi,Delhi,Debit Card
ORD_00570,CUST_0662,2025-04-09,Smart Watch,Electronics,1,2499,0.1,2249.1,Chandigarh,Chandigarh,Debit Card
ORD_00571,CUST_0976,2025-04-01,Bedsheet,Home,1,999,0.0,999.0,Shimla,Himachal Pradesh,UPI
ORD_00572,CUST_0599,2025-09-15,Exam Guide,Books,2,699,0.05,1328.1,Shimla,Himachal Pradesh,Debit Card
ORD_00573,CUST_0616,2024-01-18,Programming Book,Books,1,899,0.1,809.1,Mohali,Punjab,UPI
ORD_00574,CUST_0638,2025-09-25,Storage Box,Home,2,499,0.15,848.3,Gurugram,Haryana,Cash on Delivery
ORD_00575,CUST_0115,2024-01-11,Shampoo,Beauty,1,399,0.0,399.0,New Delhi,Delhi,Credit Card
ORD_00576,CUST_0911,2024-05-16,Perfume,Beauty,4,999,0.2,3196.8,Mohali,Punjab,UPI
ORD_00577,CUST_0019,2025-03-24,Bedsheet,Home,4,999,0.1,3596.4,Solan,Himachal Pradesh,Credit Card
ORD_00578,CUST_0499,2024-08-26,Programming Book,Books,1,899,0.1,809.1,Solan,Himachal Pradesh,UPI
ORD_00579,CUST_0245,2024-10-08,Novel,Books,3,499,0.0,1497.0,Ludhiana,Punjab,UPI
ORD_00580,CUST_0325,2024-04-12,T-Shirt,Clothing,3,599,0.0,1797.0,Shimla,Himachal Pradesh,UPI
ORD_00581,CUST_0574,2025-01-21,Bluetooth Speaker,Electronics,1,1599,0.1,1439.1,Shimla,Himachal Pradesh,Debit Card
ORD_00582,CUST_0416,2025-10-29,Sneakers,Clothing,4,1999,0.0,7996.0,Amritsar,Punjab,Cash on Delivery
ORD_00583,CUST_0833,2025-05-13,Novel,Books,2,499,0.15,848.3,Chandigarh,Chandigarh,Debit Card
ORD_00584,CUST_0630,2025-10-20,Bluetooth Speaker,Electronics,2,1599,0.1,2878.2,Sonipat,Haryana,UPI
ORD_00585,CUST_0783,2024-02-26,Coffee Maker,Home,1,2499,0.05,2374.05,Gurugram,Haryana,Cash on Delivery
ORD_00586,CUST_0560,2025-12-16,Sneakers,Clothing,4,1999,0.15,6796.6,Amritsar,Punjab,Cash on Delivery
ORD_00587,CUST_0335,2024-03-22,Perfume,Beauty,1,999,0.2,799.2,Sonipat,Haryana,UPI
ORD_00588,CUST_0335,2024-11-18,Perfume,Beauty,1,999,0.1,899.1,New Delhi,Delhi,Debit Card
ORD_00589,CUST_0694,2025-07-25,Coffee Maker,Home,2,2499,0.05,4748.1,Chandigarh,Chandigarh,Debit Card
ORD_00590,CUST_0122,2024-03-02,Storage Box,Home,3,499,0.05,1422.15,Patiala,Punjab,Cash on Delivery
ORD_00591,CUST_0671,2024-02-17,Shampoo,Beauty,1,399,0.0,399.0,Amritsar,Punjab,Cash on Delivery
ORD_00592,CUST_0201,2025-04-24,Jeans,Clothing,1,1299,0.1,1169.1,Faridabad,Haryana,UPI
ORD_00593,CUST_0355,2025-07-24,Self Help Book,Books,4,599,0.1,2156.4,Chandigarh,Chandigarh,UPI
ORD_00594,CUST_0895,2025-02-03,Shampoo,Beauty,1,399,0.0,399.0,New Delhi,Delhi,UPI
ORD_00595,CUST_0576,2025-04-14,Sneakers,Clothing,2,1999,0.1,3598.2,Faridabad,Haryana,Credit Card
ORD_00596,CUST_0445,2025-09-07,Self Help Book,Books,2,599,0.05,1138.1,New Delhi,Delhi,UPI
ORD_00597,CUST_0040,2025-12-16,Self Help Book,Books,2,599,0.05,1138.1,Faridabad,Haryana,Debit Card
ORD_00598,CUST_0207,2025-01-05,Smart Watch,Electronics,2,2499,0.0,4998.0,Gurugram,Haryana,Credit Card
ORD_00599,CUST_0318,2024-08-26,Power Bank,Electronics,2,999,0.1,1798.2,New Delhi,Delhi,Credit Card
ORD_00600,CUST_0963,2024-06-04,Novel,Books,2,499,0.05,948.1,Solan,Himachal Pradesh,Credit Card
ORD_00601,CUST_0781,2025-03-12,Storage Box,Home,3,499,0.05,1422.15,Chandigarh,Chandigarh,Cash on Delivery
ORD_00602,CUST_0791,2024-06-09,Shampoo,Beauty,1,399,0.1,359.1,Chandigarh,Chandigarh,Cash on Delivery
ORD_00603,CUST_0769,2025-02-08,Self Help Book,Books,2,599,0.0,1198.0,New Delhi,Delhi,Debit Card
ORD_00604,CUST_0517,2024-08-04,Perfume,Beauty,2,999,0.1,1798.2,New Delhi,Delhi,Cash on Delivery
ORD_00605,CUST_0744,2024-09-14,Self Help Book,Books,4,599,0.1,2156.4,New Delhi,Delhi,UPI
ORD_00606,CUST_0182,2024-10-02,Exam Guide,Books,2,699,0.0,1398.0,Chandigarh,Chandigarh,Debit Card
ORD_00607,CUST_0957,2024-12-30,Storage Box,Home,1,499,0.15,424.15,New Delhi,Delhi,Debit Card
ORD_00608,CUST_0351,2025-04-03,Novel,Books,1,499,0.2,399.2,New Delhi,Delhi,UPI
ORD_00609,CUST_0499,2025-05-15,Bedsheet,Home,3,999,0.0,2997.0,New Delhi,Delhi,Credit Card
ORD_00610,CUST_0166,2025-11-25,T-Shirt,Clothing,4,599,0.05,2276.2,New Delhi,Delhi,Credit Card
ORD_00611,CUST_0355,2024-05-17,Storage Box,Home,1,499,0.15,424.15,New Delhi,Delhi,UPI
ORD_00612,CUST_0068,2025-03-25,Novel,Books,3,499,0.1,1347.3,Sonipat,Haryana,Debit Card
ORD_00613,CUST_0665,2025-10-12,Perfume,Beauty,3,999,0.15,2547.45,Gurugram,Haryana,Cash on Delivery
ORD_00614,CUST_0709,2025-07-15,Table Lamp,Home,3,799,0.05,2277.15,Chandigarh,Chandigarh,Credit Card
ORD_00615,CUST_0113,2025-12-15,Sneakers,Clothing,2,1999,0.1,3598.2,New Delhi,Delhi,UPI
ORD_00616,CUST_0914,2025-04-15,Coffee Maker,Home,2,2499,0.05,4748.1,New Delhi,Delhi,UPI
ORD_00617,CUST_0940,2024-06-30,Self Help Book,Books,1,599,0.1,539.1,Panipat,Haryana,Debit Card
ORD_00618,CUST_0833,2025-02-09,Face Wash,Beauty,3,299,0.0,897.0,Gurugram,Haryana,UPI
ORD_00619,CUST_0093,2025-01-09,Sneakers,Clothing,2,1999,0.15,3398.3,New Delhi,Delhi,Debit Card
ORD_00620,CUST_0207,2024-06-14,Perfume,Beauty,2,999,0.1,1798.2,New Delhi,Delhi,Cash on Delivery
ORD_00621,CUST_0184,2025-03-13,Jeans,Clothing,1,1299,0.0,1299.0,Gurugram,Haryana,Cash on Delivery
ORD_00622,CUST_0876,2024-10-22,Bedsheet,Home,4,999,0.0,3996.0,Panipat,Haryana,UPI
ORD_00623,CUST_0640,2025-06-02,Perfume,Beauty,3,999,0.15,2547.45,Shimla,Himachal Pradesh,Debit Card
ORD_00624,CUST_0952,2025-05-25,Table Lamp,Home,3,799,0.05,2277.15,Ludhiana,Punjab,Debit Card
ORD_00625,CUST_0212,2025-09-22,Programming Book,Books,1,899,0.1,809.1,Amritsar,Punjab,Debit Card
ORD_00626,CUST_0607,2024-11-04,Programming Book,Books,2,899,0.05,1708.1,Chandigarh,Chandigarh,UPI
ORD_00627,CUST_0785,2025-06-06,Jeans,Clothing,1,1299,0.0,1299.0,Panipat,Haryana,Debit Card
ORD_00628,CUST_0364,2024-12-23,Jeans,Clothing,3,1299,0.05,3702.15,Faridabad,Haryana,Cash on Delivery
ORD_00629,CUST_0783,2025-08-06,Exam Guide,Books,3,699,0.2,1677.6,Chandigarh,Chandigarh,Cash on Delivery
ORD_00630,CUST_0919,2025-07-21,Bedsheet,Home,4,999,0.05,3796.2,Chandigarh,Chandigarh,Credit Card
ORD_00631,CUST_0039,2024-02-05,Face Wash,Beauty,4,299,0.1,1076.4,Solan,Himachal Pradesh,Credit Card
ORD_00632,CUST_0516,2025-01-10,Sneakers,Clothing,2,1999,0.15,3398.3,Gurugram,Haryana,Debit Card
ORD_00633,CUST_0011,2024-07-10,Shampoo,Beauty,4,399,0.0,1596.0,Faridabad,Haryana,Cash on Delivery
ORD_00634,CUST_0238,2024-12-08,Storage Box,Home,4,499,0.0,1996.0,Patiala,Punjab,Debit Card
ORD_00635,CUST_0735,2024-07-02,T-Shirt,Clothing,3,599,0.0,1797.0,Sonipat,Haryana,Credit Card
ORD_00636,CUST_0909,2025-02-02,Power Bank,Electronics,2,999,0.1,1798.2,Gurugram,Haryana,Debit Card
ORD_00637,CUST_0831,2025-10-21,Novel,Books,4,499,0.15,1696.6,Gurugram,Haryana,UPI
ORD_00638,CUST_0082,2025-03-03,Exam Guide,Books,1,699,0.05,664.05,New Delhi,Delhi,Cash on Delivery
ORD_00639,CUST_0327,2025-03-14,Bluetooth Speaker,Electronics,4,1599,0.05,6076.2,Chandigarh,Chandigarh,Debit Card
ORD_00640,CUST_0345,2025-01-24,Novel,Books,1,499,0.15,424.15,New Delhi,Delhi,UPI
ORD_00641,CUST_0188,2025-07-04,Jeans,Clothing,3,1299,0.05,3702.15,Patiala,Punjab,Cash on Delivery
ORD_00642,CUST_0187,2025-10-04,Face Wash,Beauty,2,299,0.15,508.3,Solan,Himachal Pradesh,Credit Card
ORD_00643,CUST_0720,2024-07-03,Programming Book,Books,4,899,0.1,3236.4,New Delhi,Delhi,Credit Card
ORD_00644,CUST_0387,2024-12-14,Storage Box,Home,1,499,0.1,449.1,Solan,Himachal Pradesh,Cash on Delivery
ORD_00645,CUST_0345,2025-08-18,Bluetooth Speaker,Electronics,2,1599,0.1,2878.2,Chandigarh,Chandigarh,UPI
ORD_00646,CUST_0557,2025-12-17,Jeans,Clothing,1,1299,0.1,1169.1,Mohali,Punjab,Cash on Delivery
ORD_00647,CUST_0481,2024-02-27,Bluetooth Speaker,Electronics,1,1599,0.0,1599.0,Gurugram,Haryana,UPI
ORD_00648,CUST_0279,2024-08-16,Bedsheet,Home,3,999,0.2,2397.6,Amritsar,Punjab,UPI
ORD_00649,CUST_0701,2024-10-12,Jeans,Clothing,2,1299,0.1,2338.2,Solan,Himachal Pradesh,Credit Card
ORD_00650,CUST_0733,2025-10-22,T-Shirt,Clothing,3,599,0.0,1797.0,Amritsar,Punjab,Debit Card
ORD_00651,CUST_0628,2025-07-18,Power Bank,Electronics,2,999,0.15,1698.3,Chandigarh,Chandigarh,Credit Card
ORD_00652,CUST_0417,2024-01-01,Power Bank,Electronics,1,999,0.15,849.15,Chandigarh,Chandigarh,Debit Card
ORD_00653,CUST_0843,2024-05-19,Sneakers,Clothing,1,1999,0.05,1899.05,Patiala,Punjab,Credit Card
ORD_00654,CUST_0953,2024-08-19,Bedsheet,Home,4,999,0.05,3796.2,Panipat,Haryana,Debit Card
ORD_00655,CUST_0139,2025-05-20,Coffee Maker,Home,1,2499,0.0,2499.0,Shimla,Himachal Pradesh,UPI
ORD_00656,CUST_0424,2025-05-13,Jeans,Clothing,1,1299,0.1,1169.1,Patiala,Punjab,Debit Card
ORD_00657,CUST_0371,2025-03-25,Storage Box,Home,1,499,0.05,474.05,New Delhi,Delhi,Debit Card
ORD_00658,CUST_0668,2024-01-28,Table Lamp,Home,2,799,0.1,1438.2,Panipat,Haryana,Debit Card
ORD_00659,CUST_0293,2024-06-25,Storage Box,Home,4,499,0.05,1896.2,New Delhi,Delhi,Cash on Delivery
ORD_00660,CUST_0058,2024-04-14,Exam Guide,Books,2,699,0.1,1258.2,Chandigarh,Chandigarh,Debit Card
ORD_00661,CUST_0700,2025-11-26,Bedsheet,Home,4,999,0.05,3796.2,New Delhi,Delhi,Cash on Delivery
ORD_00662,CUST_0897,2025-03-22,Jeans,Clothing,4,1299,0.15,4416.6,Chandigarh,Chandigarh,Cash on Delivery
ORD_00663,CUST_0472,2024-05-16,Sneakers,Clothing,2,1999,0.0,3998.0,Chandigarh,Chandigarh,Debit Card
ORD_00664,CUST_0472,2024-09-06,Novel,Books,3,499,0.1,1347.3,Sonipat,Haryana,Credit Card
ORD_00665,CUST_0916,2024-07-13,Hoodie,Clothing,3,999,0.05,2847.15,Gurugram,Haryana,Cash on Delivery
ORD_00666,CUST_0113,2024-10-08,Storage Box,Home,1,499,0.1,449.1,Gurugram,Haryana,Debit Card
ORD_00667,CUST_0434,2025-11-18,Perfume,Beauty,3,999,0.05,2847.15,Mohali,Punjab,UPI
ORD_00668,CUST_0578,2025-03-08,Bedsheet,Home,1,999,0.05,949.05,Chandigarh,Chandigarh,Credit Card
ORD_00669,CUST_0469,2024-05-22,Novel,Books,4,499,0.05,1896.2,Panipat,Haryana,Credit Card
ORD_00670,CUST_0948,2024-03-10,Wireless Headphones,Electronics,4,1999,0.0,7996.0,Ludhiana,Punjab,Cash on Delivery
ORD_00671,CUST_0364,2025-12-26,Body Lotion,Beauty,2,349,0.0,698.0,New Delhi,Delhi,Cash on Delivery
ORD_00672,CUST_0242,2025-05-17,T-Shirt,Clothing,4,599,0.0,2396.0,New Delhi,Delhi,UPI
ORD_00673,CUST_0192,2025-07-02,Programming Book,Books,1,899,0.0,899.0,New Delhi,Delhi,UPI
ORD_00674,CUST_0870,2025-05-28,Novel,Books,1,499,0.15,424.15,Amritsar,Punjab,Cash on Delivery
ORD_00675,CUST_0819,2025-08-24,Storage Box,Home,4,499,0.0,1996.0,Shimla,Himachal Pradesh,Cash on Delivery
ORD_00676,CUST_0959,2025-08-28,Novel,Books,2,499,0.05,948.1,Ludhiana,Punjab,Debit Card
ORD_00677,CUST_0698,2025-06-26,Exam Guide,Books,3,699,0.0,2097.0,Chandigarh,Chandigarh,UPI
ORD_00678,CUST_0588,2024-04-20,Bluetooth Speaker,Electronics,2,1599,0.0,3198.0,Patiala,Punjab,UPI
ORD_00679,CUST_0191,2024-07-27,Jeans,Clothing,2,1299,0.15,2208.3,New Delhi,Delhi,UPI
ORD_00680,CUST_0208,2025-10-18,Wireless Headphones,Electronics,2,1999,0.0,3998.0,Amritsar,Punjab,Credit Card
ORD_00681,CUST_0429,2025-03-20,Bedsheet,Home,2,999,0.05,1898.1,Shimla,Himachal Pradesh,UPI
ORD_00682,CUST_0753,2025-12-09,Exam Guide,Books,3,699,0.0,2097.0,Sonipat,Haryana,Debit Card
ORD_00683,CUST_0217,2025-06-15,Jeans,Clothing,3,1299,0.05,3702.15,New Delhi,Delhi,Cash on Delivery
ORD_00684,CUST_0754,2025-04-06,Sneakers,Clothing,1,1999,0.2,1599.2,Shimla,Himachal Pradesh,Cash on Delivery
ORD_00685,CUST_0556,2025-02-22,Coffee Maker,Home,3,2499,0.0,7497.0,Ludhiana,Punjab,Debit Card
ORD_00686,CUST_0916,2024-02-13,Body Lotion,Beauty,4,349,0.2,1116.8,Shimla,Himachal Pradesh,UPI
ORD_00687,CUST_0327,2024-06-12,Bedsheet,Home,1,999,0.05,949.05,Solan,Himachal Pradesh,Credit Card
ORD_00688,CUST_0128,2024-07-05,Exam Guide,Books,3,699,0.05,1992.15,Chandigarh,Chandigarh,Cash on Delivery
ORD_00689,CUST_0190,2024-08-24,Face Wash,Beauty,2,299,0.0,598.0,Gurugram,Haryana,Debit Card
ORD_00690,CUST_0758,2025-08-05,Coffee Maker,Home,1,2499,0.05,2374.05,Chandigarh,Chandigarh,Debit Card
ORD_00691,CUST_0103,2025-04-02,T-Shirt,Clothing,1,599,0.05,569.05,Panipat,Haryana,UPI
ORD_00692,CUST_0885,2025-01-16,Self Help Book,Books,4,599,0.05,2276.2,Shimla,Himachal Pradesh,UPI
ORD_00693,CUST_0350,2024-04-02,T-Shirt,Clothing,2,599,0.0,1198.0,Panipat,Haryana,Debit Card
ORD_00694,CUST_0424,2024-07-30,Sneakers,Clothing,1,1999,0.05,1899.05,New Delhi,Delhi,Debit Card
ORD_00695,CUST_0835,2025-01-22,Hoodie,Clothing,3,999,0.2,2397.6,Chandigarh,Chandigarh,UPI
ORD_00696,CUST_0809,2025-03-29,Table Lamp,Home,4,799,0.1,2876.4,New Delhi,Delhi,Credit Card
ORD_00697,CUST_0193,2025-05-29,Shampoo,Beauty,4,399,0.1,1436.4,Amritsar,Punjab,Cash on Delivery
ORD_00698,CUST_0599,2025-12-14,Smart Watch,Electronics,1,2499,0.05,2374.05,New Delhi,Delhi,UPI
ORD_00699,CUST_0175,2024-01-30,Self Help Book,Books,4,599,0.1,2156.4,Amritsar,Punjab,Credit Card
ORD_00700,CUST_0237,2025-05-08,Smart Watch,Electronics,2,2499,0.1,4498.2,Panipat,Haryana,Debit Card
ORD_00701,CUST_0639,2024-02-17,Wireless Headphones,Electronics,2,1999,0.0,3998.0,Panipat,Haryana,Debit Card
ORD_00702,CUST_0459,2025-05-17,Table Lamp,Home,1,799,0.2,639.2,Amritsar,Punjab,Credit Card
ORD_00703,CUST_0576,2024-02-23,Sneakers,Clothing,1,1999,0.05,1899.05,New Delhi,Delhi,Debit Card
ORD_00704,CUST_0784,2024-07-05,Bluetooth Speaker,Electronics,2,1599,0.15,2718.3,Faridabad,Haryana,Credit Card
ORD_00705,CUST_0953,2024-10-24,Body Lotion,Beauty,3,349,0.0,1047.0,Chandigarh,Chandigarh,Cash on Delivery
ORD_00706,CUST_0333,2024-10-09,Body Lotion,Beauty,2,349,0.1,628.2,Chandigarh,Chandigarh,Cash on Delivery
ORD_00707,CUST_0141,2025-01-10,Table Lamp,Home,3,799,0.0,2397.0,Chandigarh,Chandigarh,UPI
ORD_00708,CUST_0520,2025-09-21,Programming Book,Books,4,899,0.0,3596.0,Shimla,Himachal Pradesh,Cash on Delivery
ORD_00709,CUST_0613,2025-01-15,Hoodie,Clothing,1,999,0.15,849.15,Shimla,Himachal Pradesh,Debit Card
ORD_00710,CUST_0911,2025-04-05,Body Lotion,Beauty,2,349,0.1,628.2,Sonipat,Haryana,Cash on Delivery
ORD_00711,CUST_0165,2024-10-07,Coffee Maker,Home,4,2499,0.1,8996.4,Chandigarh,Chandigarh,Credit Card
ORD_00712,CUST_0918,2024-02-14,T-Shirt,Clothing,2,599,0.0,1198.0,New Delhi,Delhi,Debit Card
ORD_00713,CUST_0034,2025-06-17,Self Help Book,Books,2,599,0.2,958.4,Chandigarh,Chandigarh,Cash on Delivery
ORD_00714,CUST_0367,2025-07-03,Face Wash,Beauty,3,299,0.0,897.0,Chandigarh,Chandigarh,Debit Card
ORD_00715,CUST_0335,2024-02-19,Power Bank,Electronics,1,999,0.1,899.1,Sonipat,Haryana,Cash on Delivery
ORD_00716,CUST_0855,2024-10-26,Table Lamp,Home,2,799,0.1,1438.2,Sonipat,Haryana,Credit Card
ORD_00717,CUST_0649,2025-05-04,Hoodie,Clothing,3,999,0.0,2997.0,New Delhi,Delhi,UPI
ORD_00718,CUST_0853,2024-10-14,Self Help Book,Books,3,599,0.2,1437.6,Gurugram,Haryana,Cash on Delivery
ORD_00719,CUST_0138,2024-05-23,Jeans,Clothing,4,1299,0.1,4676.4,Shimla,Himachal Pradesh,Debit Card
ORD_00720,CUST_0088,2024-11-22,Bluetooth Speaker,Electronics,3,1599,0.0,4797.0,Gurugram,Haryana,Credit Card
ORD_00721,CUST_0908,2024-11-16,Wireless Headphones,Electronics,3,1999,0.2,4797.6,Chandigarh,Chandigarh,UPI
ORD_00722,CUST_0618,2025-06-14,Jeans,Clothing,4,1299,0.1,4676.4,Gurugram,Haryana,Cash on Delivery
ORD_00723,CUST_0818,2024-07-13,Coffee Maker,Home,1,2499,0.0,2499.0,Gurugram,Haryana,UPI
ORD_00724,CUST_0182,2025-11-24,T-Shirt,Clothing,4,599,0.0,2396.0,Chandigarh,Chandigarh,Credit Card
ORD_00725,CUST_0796,2024-10-24,Power Bank,Electronics,1,999,0.05,949.05,Patiala,Punjab,Cash on Delivery
ORD_00726,CUST_0361,2024-08-24,Hoodie,Clothing,1,999,0.1,899.1,Amritsar,Punjab,Credit Card
ORD_00727,CUST_0363,2025-04-18,Table Lamp,Home,4,799,0.05,3036.2,Mohali,Punjab,Cash on Delivery
ORD_00728,CUST_0424,2025-05-19,Power Bank,Electronics,2,999,0.0,1998.0,Faridabad,Haryana,Cash on Delivery
ORD_00729,CUST_0039,2025-11-06,Shampoo,Beauty,1,399,0.1,359.1,New Delhi,Delhi,Credit Card
ORD_00730,CUST_0671,2025-06-07,Smart Watch,Electronics,2,2499,0.0,4998.0,Solan,Himachal Pradesh,Cash on Delivery
ORD_00731,CUST_0125,2025-10-19,Programming Book,Books,2,899,0.0,1798.0,Faridabad,Haryana,Credit Card
ORD_00732,CUST_0332,2025-09-30,Face Wash,Beauty,4,299,0.1,1076.4,Solan,Himachal Pradesh,Cash on Delivery
ORD_00733,CUST_0729,2024-10-20,Wireless Headphones,Electronics,4,1999,0.1,7196.4,New Delhi,Delhi,Debit Card
ORD_00734,CUST_0480,2025-03-27,Self Help Book,Books,4,599,0.0,2396.0,Solan,Himachal Pradesh,Debit Card
ORD_00735,CUST_0462,2024-05-21,Perfume,Beauty,1,999,0.1,899.1,Shimla,Himachal Pradesh,Credit Card
ORD_00736,CUST_0800,2025-07-09,Face Wash,Beauty,1,299,0.05,284.05,Sonipat,Haryana,UPI
ORD_00737,CUST_0795,2024-07-24,Body Lotion,Beauty,4,349,0.05,1326.2,New Delhi,Delhi,UPI
ORD_00738,CUST_0245,2024-07-08,Table Lamp,Home,4,799,0.05,3036.2,Shimla,Himachal Pradesh,Cash on Delivery
ORD_00739,CUST_0291,2025-02-12,Novel,Books,1,499,0.0,499.0,Sonipat,Haryana,UPI
ORD_00740,CUST_0508,2025-12-24,Table Lamp,Home,4,799,0.0,3196.0,Chandigarh,Chandigarh,Debit Card
ORD_00741,CUST_0608,2024-02-23,Coffee Maker,Home,3,2499,0.2,5997.6,Faridabad,Haryana,Debit Card
ORD_00742,CUST_0532,2024-04-20,Table Lamp,Home,3,799,0.05,2277.15,Patiala,Punjab,Credit Card
ORD_00743,CUST_0925,2025-11-03,Shampoo,Beauty,4,399,0.05,1516.2,New Delhi,Delhi,Cash on Delivery
ORD_00744,CUST_0675,2025-09-12,Self Help Book,Books,4,599,0.1,2156.4,Chandigarh,Chandigarh,UPI
ORD_00745,CUST_0679,2025-11-15,Body Lotion,Beauty,2,349,0.2,558.4,New Delhi,Delhi,UPI
ORD_00746,CUST_0909,2024-04-20,Face Wash,Beauty,2,299,0.05,568.1,Shimla,Himachal Pradesh,Credit Card
ORD_00747,CUST_0043,2025-09-18,Storage Box,Home,4,499,0.1,1796.4,Gurugram,Haryana,Debit Card
ORD_00748,CUST_0077,2025-07-04,Face Wash,Beauty,4,299,0.1,1076.4,New Delhi,Delhi,Cash on Delivery
ORD_00749,CUST_0207,2025-09-01,Bedsheet,Home,2,999,0.15,1698.3,New Delhi,Delhi,Debit Card
ORD_00750,CUST_0448,2025-07-30,Shampoo,Beauty,1,399,0.1,359.1,New Delhi,Delhi,Cash on Delivery
ORD_00751,CUST_0328,2024-09-19,Storage Box,Home,2,499,0.15,848.3,New Delhi,Delhi,Debit Card
ORD_00752,CUST_0317,2025-10-13,Face Wash,Beauty,4,299,0.1,1076.4,New Delhi,Delhi,Debit Card
ORD_00753,CUST_0629,2024-09-25,Programming Book,Books,1,899,0.05,854.05,Patiala,Punjab,Credit Card
ORD_00754,CUST_0566,2025-04-24,Power Bank,Electronics,2,999,0.1,1798.2,Ludhiana,Punjab,Credit Card
ORD_00755,CUST_0634,2025-03-04,Storage Box,Home,2,499,0.1,898.2,Faridabad,Haryana,Debit Card
ORD_00756,CUST_0367,2025-04-11,Smart Watch,Electronics,1,2499,0.0,2499.0,Amritsar,Punjab,Credit Card
ORD_00757,CUST_0334,2025-12-20,Bedsheet,Home,4,999,0.2,3196.8,Chandigarh,Chandigarh,UPI
ORD_00758,CUST_0685,2025-07-12,Bluetooth Speaker,Electronics,2,1599,0.05,3038.1,Solan,Himachal Pradesh,Credit Card
ORD_00759,CUST_0244,2025-05-04,Jeans,Clothing,4,1299,0.15,4416.6,Mohali,Punjab,UPI
ORD_00760,CUST_0169,2025-01-15,Jeans,Clothing,1,1299,0.1,1169.1,Panipat,Haryana,Debit Card
ORD_00761,CUST_0820,2025-05-30,Wireless Headphones,Electronics,4,1999,0.05,7596.2,Amritsar,Punjab,Debit Card
ORD_00762,CUST_0502,2024-06-26,Sneakers,Clothing,1,1999,0.0,1999.0,Patiala,Punjab,Debit Card
ORD_00763,CUST_0520,2025-09-26,Exam Guide,Books,3,699,0.05,1992.15,New Delhi,Delhi,Debit Card
ORD_00764,CUST_0544,2025-06-11,Smart Watch,Electronics,4,2499,0.05,9496.2,New Delhi,Delhi,Debit Card
ORD_00765,CUST_0763,2025-07-04,Coffee Maker,Home,4,2499,0.1,8996.4,Faridabad,Haryana,Debit Card
ORD_00766,CUST_0489,2024-03-06,Shampoo,Beauty,2,399,0.05,758.1,Chandigarh,Chandigarh,Cash on Delivery
ORD_00767,CUST_0222,2025-03-30,Shampoo,Beauty,2,399,0.05,758.1,Shimla,Himachal Pradesh,Debit Card
ORD_00768,CUST_0442,2025-08-04,Hoodie,Clothing,2,999,0.0,1998.0,Chandigarh,Chandigarh,Cash on Delivery
ORD_00769,CUST_0664,2024-12-22,Table Lamp,Home,2,799,0.1,1438.2,Mohali,Punjab,UPI
ORD_00770,CUST_0970,2025-02-26,Exam Guide,Books,2,699,0.1,1258.2,Mohali,Punjab,UPI
ORD_00771,CUST_0844,2024-09-27,Novel,Books,3,499,0.0,1497.0,Faridabad,Haryana,Debit Card
ORD_00772,CUST_0885,2025-11-13,Shampoo,Beauty,2,399,0.1,718.2,Faridabad,Haryana,Credit Card
ORD_00773,CUST_0421,2025-01-12,T-Shirt,Clothing,4,599,0.0,2396.0,New Delhi,Delhi,Cash on Delivery
ORD_00774,CUST_0891,2024-01-22,Sneakers,Clothing,1,1999,0.1,1799.1,Faridabad,Haryana,Debit Card
ORD_00775,CUST_0134,2025-07-20,T-Shirt,Clothing,3,599,0.1,1617.3,New Delhi,Delhi,Cash on Delivery
ORD_00776,CUST_0863,2025-03-08,Perfume,Beauty,4,999,0.0,3996.0,Mohali,Punjab,UPI
ORD_00777,CUST_0662,2025-04-24,Self Help Book,Books,1,599,0.15,509.15,New Delhi,Delhi,Credit Card
ORD_00778,CUST_0251,2025-01-21,Hoodie,Clothing,3,999,0.05,2847.15,New Delhi,Delhi,Credit Card
ORD_00779,CUST_0348,2025-09-14,Self Help Book,Books,3,599,0.0,1797.0,Shimla,Himachal Pradesh,Debit Card
ORD_00780,CUST_0067,2025-08-19,Sneakers,Clothing,3,1999,0.1,5397.3,New Delhi,Delhi,UPI
ORD_00781,CUST_0136,2024-11-29,Self Help Book,Books,4,599,0.0,2396.0,Shimla,Himachal Pradesh,UPI
ORD_00782,CUST_0327,2025-03-03,T-Shirt,Clothing,2,599,0.1,1078.2,Mohali,Punjab,Debit Card
ORD_00783,CUST_0208,2025-04-09,Wireless Headphones,Electronics,2,1999,0.0,3998.0,Chandigarh,Chandigarh,Credit Card
ORD_00784,CUST_0494,2024-05-13,Power Bank,Electronics,1,999,0.0,999.0,Shimla,Himachal Pradesh,UPI
ORD_00785,CUST_0530,2024-11-10,Self Help Book,Books,2,599,0.05,1138.1,Chandigarh,Chandigarh,Debit Card
ORD_00786,CUST_0441,2024-04-20,Body Lotion,Beauty,4,349,0.05,1326.2,Amritsar,Punjab,Cash on Delivery
ORD_00787,CUST_0468,2024-11-18,Face Wash,Beauty,4,299,0.0,1196.0,Faridabad,Haryana,Credit Card
ORD_00788,CUST_0976,2024-04-27,Novel,Books,1,499,0.0,499.0,Gurugram,Haryana,Credit Card
ORD_00789,CUST_0066,2025-08-10,Hoodie,Clothing,1,999,0.05,949.05,Solan,Himachal Pradesh,Debit Card
ORD_00790,CUST_0761,2025-06-21,Coffee Maker,Home,3,2499,0.05,7122.15,Solan,Himachal Pradesh,Cash on Delivery
ORD_00791,CUST_0233,2025-10-24,Bluetooth Speaker,Electronics,3,1599,0.2,3837.6,New Delhi,Delhi,Credit Card
ORD_00792,CUST_0076,2025-06-23,Perfume,Beauty,4,999,0.1,3596.4,New Delhi,Delhi,Cash on Delivery
ORD_00793,CUST_0253,2024-05-06,Wireless Headphones,Electronics,2,1999,0.15,3398.3,New Delhi,Delhi,Cash on Delivery
ORD_00794,CUST_0592,2025-10-23,Programming Book,Books,3,899,0.1,2427.3,Chandigarh,Chandigarh,Cash on Delivery
ORD_00795,CUST_0419,2025-03-14,Face Wash,Beauty,2,299,0.0,598.0,Solan,Himachal Pradesh,Cash on Delivery
ORD_00796,CUST_0085,2025-09-18,Wireless Headphones,Electronics,1,1999,0.05,1899.05,New Delhi,Delhi,Debit Card
ORD_00797,CUST_0919,2024-08-12,Self Help Book,Books,2,599,0.1,1078.2,Shimla,Himachal Pradesh,Debit Card
ORD_00798,CUST_0919,2024-10-29,Table Lamp,Home,4,799,0.0,3196.0,New Delhi,Delhi,Credit Card
ORD_00799,CUST_0135,2024-12-12,Sneakers,Clothing,4,1999,0.1,7196.4,Patiala,Punjab,UPI
ORD_00800,CUST_0825,2025-08-11,Programming Book,Books,4,899,0.1,3236.4,Ludhiana,Punjab,Cash on Delivery
ORD_00801,CUST_0101,2025-06-20,Exam Guide,Books,1,699,0.1,629.1,Panipat,Haryana,UPI
ORD_00802,CUST_0134,2024-03-15,Table Lamp,Home,1,799,0.1,719.1,Faridabad,Haryana,Debit Card
ORD_00803,CUST_0503,2024-05-25,Self Help Book,Books,1,599,0.0,599.0,Amritsar,Punjab,UPI
ORD_00804,CUST_0344,2024-06-01,Self Help Book,Books,2,599,0.1,1078.2,Shimla,Himachal Pradesh,Cash on Delivery
ORD_00805,CUST_0126,2024-08-08,Bedsheet,Home,1,999,0.05,949.05,New Delhi,Delhi,Debit Card
ORD_00806,CUST_0723,2025-10-02,Power Bank,Electronics,2,999,0.2,1598.4,Gurugram,Haryana,UPI
ORD_00807,CUST_0930,2024-12-10,Perfume,Beauty,3,999,0.05,2847.15,Shimla,Himachal Pradesh,Credit Card
ORD_00808,CUST_0021,2025-05-05,Jeans,Clothing,4,1299,0.15,4416.6,Panipat,Haryana,Credit Card
ORD_00809,CUST_0756,2024-11-24,Sneakers,Clothing,4,1999,0.05,7596.2,Chandigarh,Chandigarh,Debit Card
ORD_00810,CUST_0168,2024-07-27,Wireless Headphones,Electronics,1,1999,0.05,1899.05,New Delhi,Delhi,UPI
ORD_00811,CUST_0820,2025-10-19,Self Help Book,Books,1,599,0.1,539.1,Sonipat,Haryana,UPI
ORD_00812,CUST_0772,2025-09-08,T-Shirt,Clothing,2,599,0.0,1198.0,New Delhi,Delhi,Cash on Delivery
ORD_00813,CUST_0191,2025-04-29,Smart Watch,Electronics,1,2499,0.0,2499.0,Solan,Himachal Pradesh,UPI
ORD_00814,CUST_0164,2024-03-13,Exam Guide,Books,1,699,0.0,699.0,Chandigarh,Chandigarh,Debit Card
ORD_00815,CUST_0130,2025-05-01,Body Lotion,Beauty,3,349,0.2,837.6,Shimla,Himachal Pradesh,UPI
ORD_00816,CUST_0206,2024-03-29,Hoodie,Clothing,1,999,0.15,849.15,Faridabad,Haryana,Cash on Delivery
ORD_00817,CUST_0183,2025-09-25,Wireless Headphones,Electronics,2,1999,0.2,3198.4,Chandigarh,Chandigarh,Credit Card
ORD_00818,CUST_0375,2024-07-10,Bedsheet,Home,3,999,0.05,2847.15,Shimla,Himachal Pradesh,Credit Card
ORD_00819,CUST_0827,2024-05-23,Body Lotion,Beauty,2,349,0.0,698.0,Amritsar,Punjab,Debit Card
ORD_00820,CUST_0217,2025-04-11,Body Lotion,Beauty,3,349,0.15,889.95,Chandigarh,Chandigarh,Debit Card
ORD_00821,CUST_0542,2024-08-19,Table Lamp,Home,1,799,0.2,639.2,New Delhi,Delhi,Cash on Delivery
ORD_00822,CUST_0722,2024-09-29,Perfume,Beauty,4,999,0.05,3796.2,Shimla,Himachal Pradesh,Debit Card
ORD_00823,CUST_0155,2024-08-02,Jeans,Clothing,4,1299,0.0,5196.0,Solan,Himachal Pradesh,UPI
ORD_00824,CUST_0439,2025-01-17,Smart Watch,Electronics,4,2499,0.0,9996.0,New Delhi,Delhi,Credit Card
ORD_00825,CUST_0482,2024-03-18,Body Lotion,Beauty,3,349,0.15,889.95,New Delhi,Delhi,Credit Card
ORD_00826,CUST_0688,2024-11-23,Programming Book,Books,4,899,0.0,3596.0,New Delhi,Delhi,Cash on Delivery
ORD_00827,CUST_0112,2025-10-30,Coffee Maker,Home,1,2499,0.2,1999.2,Chandigarh,Chandigarh,Debit Card
ORD_00828,CUST_0379,2024-10-09,Bedsheet,Home,1,999,0.0,999.0,Ludhiana,Punjab,Cash on Delivery
ORD_00829,CUST_0230,2024-10-24,Body Lotion,Beauty,1,349,0.15,296.65,Shimla,Himachal Pradesh,Credit Card
ORD_00830,CUST_0575,2024-07-27,Face Wash,Beauty,1,299,0.05,284.05,New Delhi,Delhi,Cash on Delivery
ORD_00831,CUST_0389,2024-04-25,Storage Box,Home,3,499,0.0,1497.0,Shimla,Himachal Pradesh,Debit Card
ORD_00832,CUST_0095,2024-02-19,Power Bank,Electronics,4,999,0.0,3996.0,Gurugram,Haryana,Debit Card
ORD_00833,CUST_0582,2025-08-13,Coffee Maker,Home,2,2499,0.1,4498.2,New Delhi,Delhi,Credit Card
ORD_00834,CUST_0559,2024-12-17,Novel,Books,2,499,0.15,848.3,Solan,Himachal Pradesh,Cash on Delivery
ORD_00835,CUST_0222,2025-03-21,Face Wash,Beauty,1,299,0.2,239.2,Chandigarh,Chandigarh,Credit Card
ORD_00836,CUST_0889,2025-04-21,Programming Book,Books,2,899,0.05,1708.1,Shimla,Himachal Pradesh,Credit Card
ORD_00837,CUST_0014,2025-08-23,Bedsheet,Home,2,999,0.0,1998.0,Solan,Himachal Pradesh,UPI
ORD_00838,CUST_0445,2024-11-01,Programming Book,Books,3,899,0.15,2292.45,Faridabad,Haryana,UPI
ORD_00839,CUST_0939,2024-05-11,Power Bank,Electronics,2,999,0.0,1998.0,Shimla,Himachal Pradesh,Credit Card
ORD_00840,CUST_0862,2025-10-21,Bluetooth Speaker,Electronics,1,1599,0.05,1519.05,New Delhi,Delhi,UPI
ORD_00841,CUST_0165,2024-09-21,Wireless Headphones,Electronics,2,1999,0.0,3998.0,New Delhi,Delhi,Cash on Delivery
ORD_00842,CUST_0342,2025-08-31,Hoodie,Clothing,1,999,0.0,999.0,Gurugram,Haryana,UPI
ORD_00843,CUST_0895,2024-05-04,Wireless Headphones,Electronics,4,1999,0.05,7596.2,Gurugram,Haryana,Debit Card
ORD_00844,CUST_0059,2024-08-15,Power Bank,Electronics,2,999,0.0,1998.0,Chandigarh,Chandigarh,Credit Card
ORD_00845,CUST_0318,2024-02-25,Hoodie,Clothing,2,999,0.0,1998.0,Patiala,Punjab,Cash on Delivery
ORD_00846,CUST_0018,2024-07-07,Novel,Books,1,499,0.1,449.1,Sonipat,Haryana,Debit Card
ORD_00847,CUST_0658,2025-12-08,Bedsheet,Home,2,999,0.1,1798.2,New Delhi,Delhi,Debit Card
ORD_00848,CUST_0248,2025-04-14,Jeans,Clothing,3,1299,0.15,3312.45,Sonipat,Haryana,Cash on Delivery
ORD_00849,CUST_0494,2025-04-18,Power Bank,Electronics,2,999,0.0,1998.0,Ludhiana,Punjab,Debit Card
ORD_00850,CUST_0844,2024-05-07,Hoodie,Clothing,4,999,0.15,3396.6,Chandigarh,Chandigarh,Cash on Delivery
ORD_00851,CUST_0411,2025-01-18,Smart Watch,Electronics,1,2499,0.0,2499.0,New Delhi,Delhi,Credit Card
ORD_00852,CUST_0831,2024-10-12,Bluetooth Speaker,Electronics,4,1599,0.05,6076.2,Solan,Himachal Pradesh,Debit Card
ORD_00853,CUST_0212,2025-06-26,Self Help Book,Books,1,599,0.1,539.1,Gurugram,Haryana,Credit Card
ORD_00854,CUST_0273,2025-07-21,Bluetooth Speaker,Electronics,2,1599,0.2,2558.4,New Delhi,Delhi,UPI
ORD_00855,CUST_0940,2025-04-21,Hoodie,Clothing,2,999,0.0,1998.0,Shimla,Himachal Pradesh,Debit Card
ORD_00856,CUST_0897,2024-03-01,Table Lamp,Home,1,799,0.0,799.0,Faridabad,Haryana,Cash on Delivery
ORD_00857,CUST_0065,2025-11-29,Shampoo,Beauty,4,399,0.2,1276.8,Chandigarh,Chandigarh,UPI
ORD_00858,CUST_0327,2025-03-27,Body Lotion,Beauty,2,349,0.05,663.1,New Delhi,Delhi,Credit Card
ORD_00859,CUST_0010,2024-05-29,T-Shirt,Clothing,1,599,0.1,539.1,Amritsar,Punjab,UPI
ORD_00860,CUST_0438,2024-02-14,Programming Book,Books,2,899,0.15,1528.3,Ludhiana,Punjab,Debit Card
ORD_00861,CUST_0410,2024-04-06,Self Help Book,Books,3,599,0.2,1437.6,Chandigarh,Chandigarh,UPI
ORD_00862,CUST_0567,2025-07-20,Table Lamp,Home,1,799,0.0,799.0,Sonipat,Haryana,Cash on Delivery
ORD_00863,CUST_0599,2025-02-16,Programming Book,Books,3,899,0.1,2427.3,Sonipat,Haryana,UPI
ORD_00864,CUST_0681,2024-02-12,Bedsheet,Home,4,999,0.1,3596.4,Patiala,Punjab,UPI
ORD_00865,CUST_0270,2025-08-05,Perfume,Beauty,2,999,0.05,1898.1,Panipat,Haryana,Credit Card
ORD_00866,CUST_0740,2024-03-14,Programming Book,Books,4,899,0.0,3596.0,New Delhi,Delhi,Debit Card
ORD_00867,CUST_0682,2025-07-06,Storage Box,Home,4,499,0.1,1796.4,New Delhi,Delhi,Cash on Delivery
ORD_00868,CUST_0721,2024-10-18,Bedsheet,Home,2,999,0.0,1998.0,Gurugram,Haryana,UPI
ORD_00869,CUST_0271,2025-03-22,Bluetooth Speaker,Electronics,4,1599,0.0,6396.0,Sonipat,Haryana,Debit Card
ORD_00870,CUST_0074,2024-06-14,Wireless Headphones,Electronics,4,1999,0.0,7996.0,Patiala,Punjab,Cash on Delivery
ORD_00871,CUST_0424,2024-05-09,Wireless Headphones,Electronics,4,1999,0.2,6396.8,Amritsar,Punjab,Credit Card
ORD_00872,CUST_0984,2025-01-02,Power Bank,Electronics,1,999,0.0,999.0,Gurugram,Haryana,UPI
ORD_00873,CUST_0661,2024-09-30,Hoodie,Clothing,1,999,0.1,899.1,Faridabad,Haryana,Cash on Delivery
ORD_00874,CUST_0101,2025-03-08,Programming Book,Books,1,899,0.05,854.05,Shimla,Himachal Pradesh,Cash on Delivery
ORD_00875,CUST_0338,2024-04-16,Storage Box,Home,4,499,0.1,1796.4,Chandigarh,Chandigarh,UPI
ORD_00876,CUST_0205,2025-06-14,Coffee Maker,Home,4,2499,0.0,9996.0,Faridabad,Haryana,Credit Card
ORD_00877,CUST_0729,2024-12-03,Jeans,Clothing,2,1299,0.2,2078.4,Shimla,Himachal Pradesh,Credit Card
ORD_00878,CUST_0993,2025-08-10,Hoodie,Clothing,1,999,0.05,949.05,Amritsar,Punjab,Debit Card
ORD_00879,CUST_0643,2025-12-12,Table Lamp,Home,3,799,0.15,2037.45,Chandigarh,Chandigarh,Cash on Delivery
ORD_00880,CUST_0885,2024-05-08,Perfume,Beauty,4,999,0.15,3396.6,Patiala,Punjab,Credit Card
ORD_00881,CUST_0118,2024-05-13,Sneakers,Clothing,1,1999,0.05,1899.05,Chandigarh,Chandigarh,Cash on Delivery
ORD_00882,CUST_0071,2024-11-29,Smart Watch,Electronics,3,2499,0.0,7497.0,Mohali,Punjab,UPI
ORD_00883,CUST_0301,2025-04-03,Body Lotion,Beauty,3,349,0.2,837.6,Panipat,Haryana,Cash on Delivery
ORD_00884,CUST_0286,2025-08-12,Power Bank,Electronics,2,999,0.1,1798.2,Faridabad,Haryana,Credit Card
ORD_00885,CUST_0661,2025-04-01,Perfume,Beauty,4,999,0.0,3996.0,Shimla,Himachal Pradesh,UPI
ORD_00886,CUST_0254,2025-07-11,Shampoo,Beauty,4,399,0.15,1356.6,New Delhi,Delhi,Debit Card
ORD_00887,CUST_0268,2024-12-04,Sneakers,Clothing,4,1999,0.05,7596.2,Faridabad,Haryana,UPI
ORD_00888,CUST_0238,2025-06-07,Exam Guide,Books,4,699,0.0,2796.0,Chandigarh,Chandigarh,Debit Card
ORD_00889,CUST_0246,2025-07-13,Self Help Book,Books,4,599,0.05,2276.2,New Delhi,Delhi,Credit Card
ORD_00890,CUST_0084,2025-10-08,Table Lamp,Home,3,799,0.0,2397.0,New Delhi,Delhi,UPI
ORD_00891,CUST_0523,2024-10-19,Bedsheet,Home,1,999,0.1,899.1,Ludhiana,Punjab,Debit Card
ORD_00892,CUST_0093,2024-09-23,Smart Watch,Electronics,1,2499,0.1,2249.1,Faridabad,Haryana,UPI
ORD_00893,CUST_0547,2024-08-25,Sneakers,Clothing,2,1999,0.1,3598.2,Sonipat,Haryana,Credit Card
ORD_00894,CUST_0634,2025-05-30,Wireless Headphones,Electronics,3,1999,0.05,5697.15,Sonipat,Haryana,Credit Card
ORD_00895,CUST_0106,2024-07-15,Programming Book,Books,1,899,0.2,719.2,New Delhi,Delhi,Credit Card
ORD_00896,CUST_0012,2025-09-28,Smart Watch,Electronics,2,2499,0.0,4998.0,New Delhi,Delhi,Debit Card
ORD_00897,CUST_0447,2025-06-03,Bluetooth Speaker,Electronics,4,1599,0.05,6076.2,Gurugram,Haryana,Cash on Delivery
ORD_00898,CUST_0309,2024-01-08,Shampoo,Beauty,1,399,0.15,339.15,Chandigarh,Chandigarh,UPI
ORD_00899,CUST_0874,2025-10-22,Face Wash,Beauty,2,299,0.15,508.3,Chandigarh,Chandigarh,Credit Card
ORD_00900,CUST_0478,2024-05-08,Perfume,Beauty,3,999,0.1,2697.3,Panipat,Haryana,Credit Card
ORD_00901,CUST_0246,2025-01-09,Exam Guide,Books,2,699,0.05,1328.1,Panipat,Haryana,UPI
ORD_00902,CUST_0051,2024-04-29,Jeans,Clothing,4,1299,0.05,4936.2,Solan,Himachal Pradesh,Credit Card
ORD_00903,CUST_0853,2025-03-18,Smart Watch,Electronics,3,2499,0.05,7122.15,Faridabad,Haryana,Cash on Delivery
ORD_00904,CUST_0825,2024-10-09,Perfume,Beauty,4,999,0.0,3996.0,Panipat,Haryana,UPI
ORD_00905,CUST_0180,2024-02-26,Sneakers,Clothing,2,1999,0.1,3598.2,Chandigarh,Chandigarh,Cash on Delivery
ORD_00906,CUST_0894,2024-10-15,Self Help Book,Books,4,599,0.1,2156.4,Solan,Himachal Pradesh,Credit Card
ORD_00907,CUST_0687,2025-03-10,Wireless Headphones,Electronics,2,1999,0.1,3598.2,Sonipat,Haryana,Credit Card
ORD_00908,CUST_0402,2024-12-08,Programming Book,Books,4,899,0.0,3596.0,Chandigarh,Chandigarh,UPI
ORD_00909,CUST_0139,2025-06-08,Jeans,Clothing,2,1299,0.15,2208.3,Amritsar,Punjab,Credit Card
ORD_00910,CUST_0915,2024-10-05,T-Shirt,Clothing,2,599,0.05,1138.1,New Delhi,Delhi,Credit Card
ORD_00911,CUST_0720,2025-06-13,Power Bank,Electronics,4,999,0.05,3796.2,Amritsar,Punjab,UPI
ORD_00912,CUST_0410,2025-09-07,Self Help Book,Books,1,599,0.0,599.0,New Delhi,Delhi,Credit Card
ORD_00913,CUST_0250,2025-08-16,Shampoo,Beauty,3,399,0.1,1077.3,Shimla,Himachal Pradesh,Credit Card
ORD_00914,CUST_0972,2024-03-28,Hoodie,Clothing,1,999,0.05,949.05,Chandigarh,Chandigarh,Cash on Delivery
ORD_00915,CUST_0151,2025-01-31,Face Wash,Beauty,4,299,0.0,1196.0,Shimla,Himachal Pradesh,Credit Card
ORD_00916,CUST_0820,2025-10-16,Novel,Books,1,499,0.05,474.05,Faridabad,Haryana,Debit Card
ORD_00917,CUST_0775,2025-12-10,Perfume,Beauty,3,999,0.05,2847.15,Amritsar,Punjab,Debit Card
ORD_00918,CUST_0620,2025-05-10,T-Shirt,Clothing,1,599,0.2,479.2,Shimla,Himachal Pradesh,UPI
ORD_00919,CUST_0219,2024-07-07,Self Help Book,Books,3,599,0.0,1797.0,Chandigarh,Chandigarh,Cash on Delivery
ORD_00920,CUST_0336,2025-08-24,Programming Book,Books,1,899,0.0,899.0,Solan,Himachal Pradesh,Cash on Delivery
ORD_00921,CUST_0353,2025-11-24,Face Wash,Beauty,4,299,0.05,1136.2,Chandigarh,Chandigarh,Cash on Delivery
ORD_00922,CUST_0099,2025-09-06,Programming Book,Books,2,899,0.0,1798.0,Sonipat,Haryana,Cash on Delivery
ORD_00923,CUST_0570,2025-06-28,Bedsheet,Home,2,999,0.05,1898.1,Amritsar,Punjab,UPI
ORD_00924,CUST_0768,2025-11-08,Bedsheet,Home,3,999,0.15,2547.45,Shimla,Himachal Pradesh,Debit Card
ORD_00925,CUST_0182,2024-10-07,Bedsheet,Home,4,999,0.2,3196.8,Chandigarh,Chandigarh,Credit Card
ORD_00926,CUST_0420,2025-10-19,Self Help Book,Books,1,599,0.15,509.15,New Delhi,Delhi,Debit Card
ORD_00927,CUST_0510,2025-02-28,Bluetooth Speaker,Electronics,2,1599,0.15,2718.3,Solan,Himachal Pradesh,Debit Card
ORD_00928,CUST_0028,2025-05-27,Sneakers,Clothing,4,1999,0.0,7996.0,Sonipat,Haryana,Cash on Delivery
ORD_00929,CUST_0251,2024-03-30,Storage Box,Home,3,499,0.1,1347.3,Mohali,Punjab,Credit Card
ORD_00930,CUST_0919,2024-07-17,Face Wash,Beauty,3,299,0.05,852.15,Sonipat,Haryana,Cash on Delivery
ORD_00931,CUST_0744,2025-11-19,Coffee Maker,Home,2,2499,0.15,4248.3,Chandigarh,Chandigarh,Credit Card
ORD_00932,CUST_0080,2025-03-27,Bluetooth Speaker,Electronics,1,1599,0.15,1359.15,Chandigarh,Chandigarh,Credit Card
ORD_00933,CUST_0420,2025-05-17,Bedsheet,Home,1,999,0.0,999.0,Chandigarh,Chandigarh,UPI
ORD_00934,CUST_0588,2025-02-18,Exam Guide,Books,4,699,0.15,2376.6,Gurugram,Haryana,Credit Card
ORD_00935,CUST_0949,2024-06-13,Body Lotion,Beauty,3,349,0.2,837.6,Shimla,Himachal Pradesh,UPI
ORD_00936,CUST_0037,2024-07-24,Self Help Book,Books,2,599,0.1,1078.2,Chandigarh,Chandigarh,Cash on Delivery
ORD_00937,CUST_0468,2025-03-03,Body Lotion,Beauty,1,349,0.0,349.0,Solan,Himachal Pradesh,Debit Card
ORD_00938,CUST_0546,2024-02-11,T-Shirt,Clothing,3,599,0.2,1437.6,Patiala,Punjab,Debit Card
ORD_00939,CUST_0453,2025-03-19,Jeans,Clothing,2,1299,0.1,2338.2,New Delhi,Delhi,UPI
ORD_00940,CUST_0392,2024-03-25,Power Bank,Electronics,1,999,0.05,949.05,Shimla,Himachal Pradesh,UPI
ORD_00941,CUST_0145,2025-03-20,Programming Book,Books,1,899,0.0,899.0,New Delhi,Delhi,Debit Card
ORD_00942,CUST_0147,2025-08-31,Shampoo,Beauty,1,399,0.0,399.0,Shimla,Himachal Pradesh,UPI
ORD_00943,CUST_0804,2024-03-11,Sneakers,Clothing,2,1999,0.1,3598.2,Gurugram,Haryana,UPI
ORD_00944,CUST_0092,2024-06-04,Perfume,Beauty,2,999,0.05,1898.1,Solan,Himachal Pradesh,UPI
ORD_00945,CUST_0530,2024-07-11,Wireless Headphones,Electronics,3,1999,0.05,5697.15,Shimla,Himachal Pradesh,Credit Card
ORD_00946,CUST_0277,2025-09-30,Table Lamp,Home,4,799,0.0,3196.0,Solan,Himachal Pradesh,UPI
ORD_00947,CUST_0055,2024-07-02,Perfume,Beauty,4,999,0.0,3996.0,New Delhi,Delhi,UPI
ORD_00948,CUST_0973,2024-11-17,Bluetooth Speaker,Electronics,1,1599,0.0,1599.0,New Delhi,Delhi,Debit Card
ORD_00949,CUST_0504,2024-01-17,Jeans,Clothing,3,1299,0.1,3507.3,New Delhi,Delhi,Debit Card
ORD_00950,CUST_0258,2025-04-10,Body Lotion,Beauty,1,349,0.0,349.0,Solan,Himachal Pradesh,Debit Card
ORD_00951,CUST_0967,2025-01-22,Bluetooth Speaker,Electronics,4,1599,0.0,6396.0,Patiala,Punjab,Credit Card
ORD_00952,CUST_0204,2024-11-02,Perfume,Beauty,1,999,0.0,999.0,Solan,Himachal Pradesh,Credit Card
ORD_00953,CUST_0057,2024-12-09,Storage Box,Home,2,499,0.05,948.1,New Delhi,Delhi,Debit Card
ORD_00954,CUST_0279,2024-09-21,Wireless Headphones,Electronics,3,1999,0.0,5997.0,Chandigarh,Chandigarh,Cash on Delivery
ORD_00955,CUST_0700,2024-12-30,Self Help Book,Books,2,599,0.15,1018.3,Chandigarh,Chandigarh,Cash on Delivery
ORD_00956,CUST_0321,2024-02-16,Novel,Books,1,499,0.1,449.1,New Delhi,Delhi,Debit Card
ORD_00957,CUST_0096,2024-01-27,Shampoo,Beauty,2,399,0.15,678.3,Chandigarh,Chandigarh,Credit Card
ORD_00958,CUST_0679,2025-04-23,Wireless Headphones,Electronics,2,1999,0.15,3398.3,Gurugram,Haryana,Cash on Delivery
ORD_00959,CUST_0402,2025-12-13,Shampoo,Beauty,3,399,0.05,1137.15,New Delhi,Delhi,Debit Card
ORD_00960,CUST_0594,2024-06-15,Programming Book,Books,4,899,0.1,3236.4,Chandigarh,Chandigarh,Cash on Delivery
ORD_00961,CUST_0409,2024-05-29,Perfume,Beauty,2,999,0.1,1798.2,Chandigarh,Chandigarh,UPI
ORD_00962,CUST_0678,2024-05-14,Body Lotion,Beauty,4,349,0.0,1396.0,Ludhiana,Punjab,Cash on Delivery
ORD_00963,CUST_0618,2025-01-14,Exam Guide,Books,2,699,0.0,1398.0,Chandigarh,Chandigarh,Debit Card
ORD_00964,CUST_0658,2024-05-01,Jeans,Clothing,3,1299,0.1,3507.3,Amritsar,Punjab,Debit Card
ORD_00965,CUST_0318,2025-05-17,Bluetooth Speaker,Electronics,3,1599,0.1,4317.3,Panipat,Haryana,Credit Card
ORD_00966,CUST_0486,2025-07-09,Programming Book,Books,3,899,0.0,2697.0,Sonipat,Haryana,Credit Card
ORD_00967,CUST_0416,2025-07-16,Coffee Maker,Home,2,2499,0.1,4498.2,New Delhi,Delhi,UPI
ORD_00968,CUST_0332,2025-01-10,Exam Guide,Books,1,699,0.1,629.1,Faridabad,Haryana,Credit Card
ORD_00969,CUST_0231,2025-12-17,Power Bank,Electronics,2,999,0.15,1698.3,New Delhi,Delhi,UPI
ORD_00970,CUST_0536,2024-11-19,Perfume,Beauty,3,999,0.05,2847.15,Patiala,Punjab,Cash on Delivery
ORD_00971,CUST_0688,2024-10-22,Coffee Maker,Home,4,2499,0.1,8996.4,Solan,Himachal Pradesh,Credit Card
ORD_00972,CUST_0846,2024-08-28,Self Help Book,Books,2,599,0.1,1078.2,New Delhi,Delhi,UPI
ORD_00973,CUST_0770,2024-12-13,Wireless Headphones,Electronics,4,1999,0.0,7996.0,New Delhi,Delhi,Debit Card
ORD_00974,CUST_0474,2025-03-17,Coffee Maker,Home,3,2499,0.05,7122.15,Chandigarh,Chandigarh,Cash on Delivery
ORD_00975,CUST_0581,2025-11-23,Body Lotion,Beauty,3,349,0.0,1047.0,Solan,Himachal Pradesh,UPI
ORD_00976,CUST_0120,2024-12-01,T-Shirt,Clothing,1,599,0.15,509.15,Shimla,Himachal Pradesh,Debit Card
ORD_00977,CUST_0888,2024-04-26,Programming Book,Books,3,899,0.1,2427.3,Panipat,Haryana,Cash on Delivery
ORD_00978,CUST_0162,2024-03-06,Storage Box,Home,3,499,0.0,1497.0,Ludhiana,Punjab,Cash on Delivery
ORD_00979,CUST_0532,2025-01-30,Smart Watch,Electronics,2,2499,0.05,4748.1,Patiala,Punjab,Debit Card
ORD_00980,CUST_0326,2024-06-14,Self Help Book,Books,3,599,0.1,1617.3,Faridabad,Haryana,Credit Card
ORD_00981,CUST_0852,2025-08-06,Bluetooth Speaker,Electronics,4,1599,0.0,6396.0,Shimla,Himachal Pradesh,Cash on Delivery
ORD_00982,CUST_0289,2024-06-14,Hoodie,Clothing,1,999,0.0,999.0,Shimla,Himachal Pradesh,Credit Card
ORD_00983,CUST_0755,2024-10-26,Hoodie,Clothing,2,999,0.05,1898.1,Gurugram,Haryana,UPI
ORD_00984,CUST_0016,2025-11-11,Bedsheet,Home,4,999,0.1,3596.4,New Delhi,Delhi,UPI
ORD_00985,CUST_0375,2024-07-07,Face Wash,Beauty,3,299,0.15,762.45,New Delhi,Delhi,Credit Card
ORD_00986,CUST_0314,2025-03-01,Self Help Book,Books,2,599,0.05,1138.1,Shimla,Himachal Pradesh,Credit Card
ORD_00987,CUST_0453,2024-06-02,Shampoo,Beauty,1,399,0.15,339.15,New Delhi,Delhi,UPI
ORD_00988,CUST_0576,2024-02-08,Programming Book,Books,1,899,0.0,899.0,Chandigarh,Chandigarh,Credit Card
ORD_00989,CUST_0003,2025-03-17,Exam Guide,Books,3,699,0.0,2097.0,New Delhi,Delhi,Debit Card
ORD_00990,CUST_0993,2024-03-06,Self Help Book,Books,3,599,0.05,1707.15,New Delhi,Delhi,Cash on Delivery
ORD_00991,CUST_0971,2024-10-17,Hoodie,Clothing,1,999,0.1,899.1,Chandigarh,Chandigarh,Debit Card
ORD_00992,CUST_0897,2025-12-03,Bluetooth Speaker,Electronics,2,1599,0.1,2878.2,New Delhi,Delhi,Credit Card
ORD_00993,CUST_0210,2024-09-14,Face Wash,Beauty,4,299,0.15,1016.6,Faridabad,Haryana,Credit Card
ORD_00994,CUST_0189,2024-03-25,Jeans,Clothing,4,1299,0.05,4936.2,Ludhiana,Punjab,Credit Card
ORD_00995,CUST_0689,2025-12-01,Bedsheet,Home,1,999,0.05,949.05,Shimla,Himachal Pradesh,Credit Card
ORD_00996,CUST_0230,2024-09-27,Shampoo,Beauty,4,399,0.05,1516.2,New Delhi,Delhi,Cash on Delivery
ORD_00997,CUST_0257,2025-06-08,Self Help Book,Books,4,599,0.1,2156.4,New Delhi,Delhi,UPI
ORD_00998,CUST_0834,2024-12-23,Bedsheet,Home,2,999,0.0,1998.0,Ludhiana,Punjab,Cash on Delivery
ORD_00999,CUST_0776,2025-06-16,Wireless Headphones,Electronics,3,1999,0.0,5997.0,New Delhi,Delhi,Credit Card
ORD_01000,CUST_0959,2024-02-27,Exam Guide,Books,4,699,0.0,2796.0,Sonipat,Haryana,UPI
ORD_01001,CUST_0777,2024-03-24,Jeans,Clothing,1,1299,0.1,1169.1,Solan,Himachal Pradesh,UPI
ORD_01002,CUST_0342,2025-02-15,Power Bank,Electronics,1,999,0.0,999.0,Shimla,Himachal Pradesh,UPI
ORD_01003,CUST_0073,2025-08-24,Bluetooth Speaker,Electronics,3,1599,0.05,4557.15,Shimla,Himachal Pradesh,UPI
ORD_01004,CUST_0939,2025-01-23,Perfume,Beauty,4,999,0.1,3596.4,Gurugram,Haryana,Credit Card
ORD_01005,CUST_0676,2025-06-20,Bluetooth Speaker,Electronics,2,1599,0.0,3198.0,Patiala,Punjab,Debit Card
ORD_01006,CUST_0129,2024-05-04,Jeans,Clothing,4,1299,0.05,4936.2,New Delhi,Delhi,Credit Card
ORD_01007,CUST_0637,2025-05-20,Jeans,Clothing,1,1299,0.15,1104.15,Gurugram,Haryana,Credit Card
ORD_01008,CUST_0204,2024-07-30,Exam Guide,Books,3,699,0.2,1677.6,Patiala,Punjab,UPI
ORD_01009,CUST_0763,2024-04-14,Wireless Headphones,Electronics,4,1999,0.2,6396.8,New Delhi,Delhi,Credit Card
ORD_01010,CUST_0823,2025-03-24,Storage Box,Home,2,499,0.1,898.2,Gurugram,Haryana,Cash on Delivery
ORD_01011,CUST_0540,2024-08-30,Perfume,Beauty,4,999,0.0,3996.0,Mohali,Punjab,Debit Card
ORD_01012,CUST_0705,2025-04-27,Hoodie,Clothing,4,999,0.05,3796.2,Solan,Himachal Pradesh,Debit Card
ORD_01013,CUST_0978,2024-08-02,Hoodie,Clothing,1,999,0.05,949.05,New Delhi,Delhi,Debit Card
ORD_01014,CUST_0259,2024-06-24,Body Lotion,Beauty,1,349,0.15,296.65,Sonipat,Haryana,Debit Card
ORD_01015,CUST_0455,2024-01-28,Perfume,Beauty,2,999,0.1,1798.2,Shimla,Himachal Pradesh,Cash on Delivery
ORD_01016,CUST_0056,2025-03-14,Storage Box,Home,2,499,0.0,998.0,Amritsar,Punjab,Credit Card
ORD_01017,CUST_0595,2025-12-28,Wireless Headphones,Electronics,4,1999,0.05,7596.2,New Delhi,Delhi,UPI
ORD_01018,CUST_0372,2024-10-18,Novel,Books,4,499,0.0,1996.0,Chandigarh,Chandigarh,UPI
ORD_01019,CUST_0466,2024-03-06,Sneakers,Clothing,1,1999,0.05,1899.05,Solan,Himachal Pradesh,Cash on Delivery
ORD_01020,CUST_0812,2024-12-01,Programming Book,Books,2,899,0.05,1708.1,Chandigarh,Chandigarh,Debit Card
ORD_01021,CUST_0243,2025-05-28,Bluetooth Speaker,Electronics,2,1599,0.05,3038.1,Chandigarh,Chandigarh,Cash on Delivery
ORD_01022,CUST_0238,2025-05-09,Table Lamp,Home,3,799,0.0,2397.0,New Delhi,Delhi,Cash on Delivery
ORD_01023,CUST_0514,2025-08-16,Table Lamp,Home,3,799,0.15,2037.45,Chandigarh,Chandigarh,Cash on Delivery
ORD_01024,CUST_0541,2024-04-15,Body Lotion,Beauty,1,349,0.15,296.65,Gurugram,Haryana,UPI
ORD_01025,CUST_0069,2024-04-09,Programming Book,Books,1,899,0.1,809.1,Sonipat,Haryana,Credit Card
ORD_01026,CUST_0697,2024-05-22,Novel,Books,2,499,0.1,898.2,Sonipat,Haryana,Debit Card
ORD_01027,CUST_0861,2024-06-20,Shampoo,Beauty,2,399,0.0,798.0,New Delhi,Delhi,Credit Card
ORD_01028,CUST_0899,2024-04-11,Bedsheet,Home,2,999,0.0,1998.0,Solan,Himachal Pradesh,Credit Card
ORD_01029,CUST_0954,2025-04-05,Shampoo,Beauty,4,399,0.2,1276.8,Chandigarh,Chandigarh,Debit Card
ORD_01030,CUST_0462,2024-04-07,Power Bank,Electronics,4,999,0.2,3196.8,Chandigarh,Chandigarh,UPI
ORD_01031,CUST_0374,2024-02-01,Self Help Book,Books,1,599,0.2,479.2,Mohali,Punjab,Debit Card
ORD_01032,CUST_0542,2025-11-27,Sneakers,Clothing,1,1999,0.15,1699.15,Solan,Himachal Pradesh,UPI
ORD_01033,CUST_0922,2025-06-20,Jeans,Clothing,3,1299,0.1,3507.3,New Delhi,Delhi,UPI
ORD_01034,CUST_0743,2025-10-03,Body Lotion,Beauty,3,349,0.0,1047.0,Solan,Himachal Pradesh,UPI
ORD_01035,CUST_0172,2025-09-13,Body Lotion,Beauty,2,349,0.0,698.0,Solan,Himachal Pradesh,Credit Card
ORD_01036,CUST_0812,2024-06-10,Sneakers,Clothing,4,1999,0.0,7996.0,Solan,Himachal Pradesh,Debit Card
ORD_01037,CUST_0767,2024-05-05,Table Lamp,Home,3,799,0.05,2277.15,Solan,Himachal Pradesh,Debit Card
ORD_01038,CUST_0188,2025-04-28,T-Shirt,Clothing,2,599,0.15,1018.3,Gurugram,Haryana,Debit Card
ORD_01039,CUST_0354,2025-07-11,Jeans,Clothing,1,1299,0.1,1169.1,Chandigarh,Chandigarh,Credit Card
ORD_01040,CUST_0693,2025-01-15,Bedsheet,Home,2,999,0.05,1898.1,Chandigarh,Chandigarh,Credit Card
ORD_01041,CUST_0264,2024-10-02,T-Shirt,Clothing,3,599,0.2,1437.6,Ludhiana,Punjab,UPI
ORD_01042,CUST_0843,2024-01-26,Coffee Maker,Home,3,2499,0.0,7497.0,New Delhi,Delhi,Credit Card
ORD_01043,CUST_0083,2024-06-17,Jeans,Clothing,1,1299,0.05,1234.05,Ludhiana,Punjab,UPI
ORD_01044,CUST_0979,2025-06-21,Bluetooth Speaker,Electronics,4,1599,0.15,5436.6,Chandigarh,Chandigarh,Cash on Delivery
ORD_01045,CUST_0645,2024-10-08,Sneakers,Clothing,1,1999,0.15,1699.15,Solan,Himachal Pradesh,Debit Card
ORD_01046,CUST_0269,2024-01-18,Face Wash,Beauty,3,299,0.05,852.15,Sonipat,Haryana,Credit Card
ORD_01047,CUST_0794,2025-02-25,Self Help Book,Books,1,599,0.05,569.05,Sonipat,Haryana,Credit Card
ORD_01048,CUST_0558,2025-02-28,Jeans,Clothing,2,1299,0.1,2338.2,Chandigarh,Chandigarh,Credit Card
ORD_01049,CUST_0785,2024-09-02,Programming Book,Books,2,899,0.15,1528.3,Gurugram,Haryana,Cash on Delivery
ORD_01050,CUST_0099,2025-08-23,Coffee Maker,Home,4,2499,0.05,9496.2,Shimla,Himachal Pradesh,UPI
ORD_01051,CUST_0394,2024-02-21,Self Help Book,Books,3,599,0.0,1797.0,Sonipat,Haryana,UPI
ORD_01052,CUST_0226,2024-05-10,Bedsheet,Home,2,999,0.0,1998.0,Faridabad,Haryana,Debit Card
ORD_01053,CUST_0838,2024-11-24,Bluetooth Speaker,Electronics,3,1599,0.05,4557.15,Chandigarh,Chandigarh,Cash on Delivery
ORD_01054,CUST_0133,2024-05-08,Coffee Maker,Home,1,2499,0.1,2249.1,New Delhi,Delhi,Cash on Delivery
ORD_01055,CUST_0575,2024-05-09,Programming Book,Books,4,899,0.0,3596.0,Shimla,Himachal Pradesh,Cash on Delivery
ORD_01056,CUST_0944,2024-06-22,Bedsheet,Home,4,999,0.2,3196.8,Shimla,Himachal Pradesh,Cash on Delivery
ORD_01057,CUST_0655,2025-12-20,Body Lotion,Beauty,2,349,0.2,558.4,Sonipat,Haryana,Cash on Delivery
ORD_01058,CUST_0672,2024-06-14,Bedsheet,Home,4,999,0.0,3996.0,New Delhi,Delhi,Cash on Delivery
ORD_01059,CUST_0794,2024-10-30,Self Help Book,Books,2,599,0.15,1018.3,Patiala,Punjab,Debit Card
ORD_01060,CUST_0502,2024-05-28,Jeans,Clothing,1,1299,0.1,1169.1,Patiala,Punjab,UPI
ORD_01061,CUST_0283,2025-07-09,Hoodie,Clothing,2,999,0.1,1798.2,Chandigarh,Chandigarh,Cash on Delivery
ORD_01062,CUST_0429,2024-03-16,Bluetooth Speaker,Electronics,3,1599,0.0,4797.0,Chandigarh,Chandigarh,Credit Card
ORD_01063,CUST_0248,2025-09-02,Novel,Books,1,499,0.2,399.2,New Delhi,Delhi,UPI
ORD_01064,CUST_0962,2024-04-24,Bluetooth Speaker,Electronics,2,1599,0.05,3038.1,Chandigarh,Chandigarh,Cash on Delivery
ORD_01065,CUST_0031,2025-09-08,Coffee Maker,Home,1,2499,0.0,2499.0,New Delhi,Delhi,Debit Card
ORD_01066,CUST_0002,2024-12-06,Novel,Books,2,499,0.0,998.0,Solan,Himachal Pradesh,Debit Card
ORD_01067,CUST_0317,2024-01-26,Shampoo,Beauty,1,399,0.1,359.1,Patiala,Punjab,Debit Card
ORD_01068,CUST_0737,2025-07-13,Bluetooth Speaker,Electronics,1,1599,0.15,1359.15,Patiala,Punjab,Debit Card
ORD_01069,CUST_0291,2024-07-23,Shampoo,Beauty,1,399,0.1,359.1,Ludhiana,Punjab,Credit Card
ORD_01070,CUST_0387,2025-04-16,Face Wash,Beauty,4,299,0.1,1076.4,Amritsar,Punjab,Cash on Delivery
ORD_01071,CUST_0946,2024-11-27,Perfume,Beauty,4,999,0.0,3996.0,Shimla,Himachal Pradesh,Credit Card
ORD_01072,CUST_0551,2025-12-28,Smart Watch,Electronics,4,2499,0.0,9996.0,Chandigarh,Chandigarh,UPI
ORD_01073,CUST_1000,2025-11-30,Hoodie,Clothing,4,999,0.1,3596.4,New Delhi,Delhi,Cash on Delivery
ORD_01074,CUST_0527,2024-07-26,Face Wash,Beauty,3,299,0.05,852.15,Mohali,Punjab,Cash on Delivery
ORD_01075,CUST_0978,2025-03-28,Smart Watch,Electronics,3,2499,0.05,7122.15,Chandigarh,Chandigarh,Debit Card
ORD_01076,CUST_0528,2025-10-24,Storage Box,Home,2,499,0.1,898.2,Solan,Himachal Pradesh,Debit Card
ORD_01077,CUST_0433,2024-02-26,Wireless Headphones,Electronics,1,1999,0.2,1599.2,New Delhi,Delhi,UPI
ORD_01078,CUST_0186,2024-12-24,Exam Guide,Books,2,699,0.15,1188.3,Solan,Himachal Pradesh,Debit Card
ORD_01079,CUST_0446,2025-12-01,Bluetooth Speaker,Electronics,4,1599,0.05,6076.2,Ludhiana,Punjab,Debit Card
ORD_01080,CUST_0326,2025-12-08,Storage Box,Home,1,499,0.1,449.1,Panipat,Haryana,Cash on Delivery
ORD_01081,CUST_0853,2024-08-09,Coffee Maker,Home,4,2499,0.0,9996.0,Amritsar,Punjab,Debit Card
ORD_01082,CUST_0272,2025-06-07,Bedsheet,Home,4,999,0.1,3596.4,New Delhi,Delhi,UPI
ORD_01083,CUST_0021,2024-10-14,Hoodie,Clothing,4,999,0.05,3796.2,Mohali,Punjab,Cash on Delivery
ORD_01084,CUST_0283,2025-03-12,Face Wash,Beauty,2,299,0.0,598.0,Solan,Himachal Pradesh,Debit Card
ORD_01085,CUST_0980,2024-08-13,Bluetooth Speaker,Electronics,1,1599,0.2,1279.2,Solan,Himachal Pradesh,UPI
ORD_01086,CUST_0910,2025-09-25,Jeans,Clothing,3,1299,0.05,3702.15,New Delhi,Delhi,Debit Card
ORD_01087,CUST_0797,2025-02-23,Sneakers,Clothing,1,1999,0.1,1799.1,Faridabad,Haryana,Cash on Delivery
ORD_01088,CUST_0109,2024-12-03,Table Lamp,Home,3,799,0.2,1917.6,Sonipat,Haryana,Credit Card
ORD_01089,CUST_0137,2024-06-30,Body Lotion,Beauty,4,349,0.0,1396.0,Panipat,Haryana,Debit Card
ORD_01090,CUST_0926,2025-03-08,Exam Guide,Books,3,699,0.05,1992.15,Chandigarh,Chandigarh,Credit Card
ORD_01091,CUST_0599,2025-09-04,Storage Box,Home,3,499,0.05,1422.15,Shimla,Himachal Pradesh,UPI
ORD_01092,CUST_0626,2024-09-27,Bedsheet,Home,4,999,0.0,3996.0,Chandigarh,Chandigarh,Cash on Delivery
ORD_01093,CUST_0214,2025-05-18,Jeans,Clothing,3,1299,0.15,3312.45,Gurugram,Haryana,Cash on Delivery
ORD_01094,CUST_0413,2025-07-15,Table Lamp,Home,2,799,0.0,1598.0,Gurugram,Haryana,UPI
ORD_01095,CUST_0483,2025-11-23,Coffee Maker,Home,4,2499,0.1,8996.4,Chandigarh,Chandigarh,Debit Card
ORD_01096,CUST_0295,2024-07-29,Wireless Headphones,Electronics,2,1999,0.1,3598.2,Solan,Himachal Pradesh,Cash on Delivery
ORD_01097,CUST_0480,2025-06-04,Hoodie,Clothing,1,999,0.15,849.15,Ludhiana,Punjab,Debit Card
ORD_01098,CUST_0101,2024-08-30,Programming Book,Books,2,899,0.0,1798.0,Amritsar,Punjab,UPI
ORD_01099,CUST_0555,2025-01-30,Jeans,Clothing,2,1299,0.0,2598.0,Chandigarh,Chandigarh,Cash on Delivery
ORD_01100,CUST_0237,2025-04-24,Jeans,Clothing,3,1299,0.1,3507.3,Chandigarh,Chandigarh,Credit Card
ORD_01101,CUST_0428,2024-12-09,Power Bank,Electronics,2,999,0.05,1898.1,New Delhi,Delhi,Credit Card
ORD_01102,CUST_0856,2025-11-10,Exam Guide,Books,4,699,0.0,2796.0,New Delhi,Delhi,Credit Card
ORD_01103,CUST_0758,2024-12-28,Smart Watch,Electronics,4,2499,0.0,9996.0,Chandigarh,Chandigarh,Cash on Delivery
ORD_01104,CUST_0380,2025-11-05,Programming Book,Books,3,899,0.1,2427.3,Chandigarh,Chandigarh,UPI
ORD_01105,CUST_0042,2024-10-06,Body Lotion,Beauty,2,349,0.05,663.1,Panipat,Haryana,UPI
ORD_01106,CUST_0309,2024-10-31,Body Lotion,Beauty,4,349,0.15,1186.6,Panipat,Haryana,Cash on Delivery
ORD_01107,CUST_0103,2025-09-30,T-Shirt,Clothing,1,599,0.15,509.15,Chandigarh,Chandigarh,Debit Card
ORD_01108,CUST_0190,2025-04-30,Body Lotion,Beauty,2,349,0.0,698.0,Chandigarh,Chandigarh,Credit Card
ORD_01109,CUST_0978,2025-10-29,Perfume,Beauty,1,999,0.1,899.1,Shimla,Himachal Pradesh,Cash on Delivery
ORD_01110,CUST_0735,2025-01-14,Jeans,Clothing,4,1299,0.0,5196.0,New Delhi,Delhi,Cash on Delivery
ORD_01111,CUST_0835,2025-02-06,Self Help Book,Books,2,599,0.0,1198.0,Sonipat,Haryana,Cash on Delivery
ORD_01112,CUST_0115,2025-08-12,T-Shirt,Clothing,4,599,0.0,2396.0,Chandigarh,Chandigarh,UPI
ORD_01113,CUST_0403,2024-05-26,Storage Box,Home,2,499,0.05,948.1,Chandigarh,Chandigarh,UPI
ORD_01114,CUST_0635,2024-01-22,Power Bank,Electronics,2,999,0.05,1898.1,New Delhi,Delhi,UPI
ORD_01115,CUST_0105,2025-09-10,Hoodie,Clothing,4,999,0.1,3596.4,New Delhi,Delhi,Cash on Delivery
ORD_01116,CUST_0221,2024-12-14,Bedsheet,Home,2,999,0.2,1598.4,Mohali,Punjab,Credit Card
ORD_01117,CUST_0236,2024-01-06,Programming Book,Books,4,899,0.1,3236.4,Chandigarh,Chandigarh,Debit Card
ORD_01118,CUST_0104,2024-08-22,Self Help Book,Books,4,599,0.15,2036.6,Chandigarh,Chandigarh,UPI
ORD_01119,CUST_0510,2024-10-24,Novel,Books,2,499,0.1,898.2,Sonipat,Haryana,Cash on Delivery
ORD_01120,CUST_0087,2024-11-05,Bedsheet,Home,3,999,0.1,2697.3,Chandigarh,Chandigarh,Credit Card
ORD_01121,CUST_0281,2024-05-31,Storage Box,Home,2,499,0.0,998.0,Panipat,Haryana,Credit Card
ORD_01122,CUST_0651,2024-05-15,Coffee Maker,Home,1,2499,0.0,2499.0,Shimla,Himachal Pradesh,Cash on Delivery
ORD_01123,CUST_0808,2024-09-29,Sneakers,Clothing,3,1999,0.15,5097.45,Ludhiana,Punjab,Credit Card
ORD_01124,CUST_0308,2024-07-23,Novel,Books,1,499,0.2,399.2,Solan,Himachal Pradesh,UPI
ORD_01125,CUST_0197,2025-10-14,Jeans,Clothing,4,1299,0.1,4676.4,Amritsar,Punjab,UPI
ORD_01126,CUST_0239,2024-01-12,T-Shirt,Clothing,1,599,0.05,569.05,Sonipat,Haryana,UPI
ORD_01127,CUST_0177,2025-07-04,Bluetooth Speaker,Electronics,2,1599,0.1,2878.2,Solan,Himachal Pradesh,Credit Card
ORD_01128,CUST_0999,2024-06-28,Power Bank,Electronics,2,999,0.05,1898.1,New Delhi,Delhi,Debit Card
ORD_01129,CUST_0708,2025-03-15,Perfume,Beauty,3,999,0.05,2847.15,Mohali,Punjab,UPI
ORD_01130,CUST_0192,2025-07-20,Coffee Maker,Home,4,2499,0.0,9996.0,Panipat,Haryana,Cash on Delivery
ORD_01131,CUST_0090,2025-03-14,Wireless Headphones,Electronics,2,1999,0.2,3198.4,Chandigarh,Chandigarh,UPI
ORD_01132,CUST_0664,2024-04-02,Face Wash,Beauty,2,299,0.05,568.1,Faridabad,Haryana,Cash on Delivery
ORD_01133,CUST_0923,2025-12-13,Power Bank,Electronics,2,999,0.1,1798.2,New Delhi,Delhi,UPI
ORD_01134,CUST_0333,2024-12-28,Novel,Books,3,499,0.2,1197.6,Shimla,Himachal Pradesh,Cash on Delivery
ORD_01135,CUST_0299,2025-02-25,Bluetooth Speaker,Electronics,3,1599,0.15,4077.45,New Delhi,Delhi,Credit Card
ORD_01136,CUST_0109,2025-01-26,Self Help Book,Books,2,599,0.05,1138.1,Amritsar,Punjab,Debit Card
ORD_01137,CUST_0289,2025-01-16,Smart Watch,Electronics,4,2499,0.05,9496.2,New Delhi,Delhi,Cash on Delivery
ORD_01138,CUST_0136,2025-09-26,Shampoo,Beauty,1,399,0.1,359.1,Solan,Himachal Pradesh,Cash on Delivery
ORD_01139,CUST_0528,2024-06-14,Power Bank,Electronics,3,999,0.1,2697.3,Shimla,Himachal Pradesh,UPI
ORD_01140,CUST_0612,2025-05-17,Hoodie,Clothing,4,999,0.0,3996.0,Ludhiana,Punjab,UPI
ORD_01141,CUST_0935,2024-04-12,Sneakers,Clothing,4,1999,0.15,6796.6,Gurugram,Haryana,Cash on Delivery
ORD_01142,CUST_0518,2024-08-13,Sneakers,Clothing,3,1999,0.0,5997.0,Mohali,Punjab,UPI
ORD_01143,CUST_0210,2024-03-26,Power Bank,Electronics,2,999,0.1,1798.2,New Delhi,Delhi,Credit Card
ORD_01144,CUST_0696,2024-05-12,Power Bank,Electronics,1,999,0.15,849.15,Mohali,Punjab,Debit Card
ORD_01145,CUST_0221,2024-10-19,Storage Box,Home,3,499,0.0,1497.0,Panipat,Haryana,Debit Card
ORD_01146,CUST_0886,2024-02-03,Bluetooth Speaker,Electronics,3,1599,0.1,4317.3,Gurugram,Haryana,Credit Card
ORD_01147,CUST_0113,2024-07-30,Wireless Headphones,Electronics,3,1999,0.0,5997.0,Sonipat,Haryana,Cash on Delivery
ORD_01148,CUST_0128,2025-05-26,Shampoo,Beauty,1,399,0.2,319.2,Sonipat,Haryana,Cash on Delivery
ORD_01149,CUST_0219,2025-12-03,Bedsheet,Home,3,999,0.2,2397.6,Gurugram,Haryana,Credit Card
ORD_01150,CUST_0838,2024-12-22,Table Lamp,Home,2,799,0.1,1438.2,Amritsar,Punjab,Cash on Delivery
ORD_01151,CUST_0950,2025-08-16,Face Wash,Beauty,4,299,0.1,1076.4,Shimla,Himachal Pradesh,Cash on Delivery
ORD_01152,CUST_0083,2025-05-26,Sneakers,Clothing,4,1999,0.15,6796.6,Patiala,Punjab,Cash on Delivery
ORD_01153,CUST_0749,2024-02-18,Hoodie,Clothing,2,999,0.0,1998.0,Chandigarh,Chandigarh,UPI
ORD_01154,CUST_0293,2025-09-30,Perfume,Beauty,3,999,0.0,2997.0,Sonipat,Haryana,UPI
ORD_01155,CUST_0094,2024-11-24,Bluetooth Speaker,Electronics,2,1599,0.15,2718.3,Chandigarh,Chandigarh,Debit Card
ORD_01156,CUST_0447,2025-06-18,Perfume,Beauty,4,999,0.2,3196.8,New Delhi,Delhi,Credit Card
ORD_01157,CUST_0229,2025-11-01,Power Bank,Electronics,2,999,0.15,1698.3,Solan,Himachal Pradesh,Credit Card
ORD_01158,CUST_0909,2025-06-29,Hoodie,Clothing,3,999,0.1,2697.3,Chandigarh,Chandigarh,Debit Card
ORD_01159,CUST_0029,2025-08-15,T-Shirt,Clothing,4,599,0.1,2156.4,Solan,Himachal Pradesh,Cash on Delivery
ORD_01160,CUST_0531,2025-12-15,Novel,Books,2,499,0.0,998.0,Solan,Himachal Pradesh,Debit Card
ORD_01161,CUST_0615,2024-12-24,Bedsheet,Home,3,999,0.15,2547.45,Gurugram,Haryana,Cash on Delivery
ORD_01162,CUST_0698,2025-03-30,Wireless Headphones,Electronics,1,1999,0.05,1899.05,Patiala,Punjab,UPI
ORD_01163,CUST_0127,2024-04-01,Bluetooth Speaker,Electronics,2,1599,0.0,3198.0,New Delhi,Delhi,UPI
ORD_01164,CUST_0449,2025-12-07,Novel,Books,4,499,0.05,1896.2,Sonipat,Haryana,Credit Card
ORD_01165,CUST_0799,2025-10-18,Table Lamp,Home,3,799,0.0,2397.0,Shimla,Himachal Pradesh,Credit Card
ORD_01166,CUST_0503,2025-10-22,Exam Guide,Books,4,699,0.15,2376.6,Solan,Himachal Pradesh,UPI
ORD_01167,CUST_0601,2024-09-26,Hoodie,Clothing,3,999,0.0,2997.0,Chandigarh,Chandigarh,UPI
ORD_01168,CUST_0149,2025-01-21,Face Wash,Beauty,4,299,0.2,956.8,Ludhiana,Punjab,UPI
ORD_01169,CUST_0066,2024-04-22,Shampoo,Beauty,2,399,0.05,758.1,New Delhi,Delhi,UPI
ORD_01170,CUST_0289,2025-01-18,Programming Book,Books,1,899,0.15,764.15,New Delhi,Delhi,Debit Card
ORD_01171,CUST_0627,2025-04-06,Smart Watch,Electronics,3,2499,0.05,7122.15,Chandigarh,Chandigarh,Cash on Delivery
ORD_01172,CUST_0684,2024-12-06,Self Help Book,Books,1,599,0.05,569.05,Ludhiana,Punjab,Cash on Delivery
ORD_01173,CUST_0448,2024-11-25,Table Lamp,Home,1,799,0.05,759.05,New Delhi,Delhi,Cash on Delivery
ORD_01174,CUST_0454,2024-01-23,Perfume,Beauty,4,999,0.05,3796.2,New Delhi,Delhi,Credit Card
ORD_01175,CUST_0249,2025-03-09,Novel,Books,2,499,0.1,898.2,Amritsar,Punjab,UPI
ORD_01176,CUST_0125,2024-09-09,Sneakers,Clothing,3,1999,0.05,5697.15,New Delhi,Delhi,Credit Card
ORD_01177,CUST_0193,2024-09-24,Shampoo,Beauty,4,399,0.05,1516.2,Panipat,Haryana,Debit Card
ORD_01178,CUST_0455,2024-05-20,Storage Box,Home,4,499,0.1,1796.4,Sonipat,Haryana,Credit Card
ORD_01179,CUST_0184,2025-11-30,Power Bank,Electronics,3,999,0.1,2697.3,Panipat,Haryana,Debit Card
ORD_01180,CUST_0771,2024-07-21,Coffee Maker,Home,2,2499,0.15,4248.3,Solan,Himachal Pradesh,Cash on Delivery
ORD_01181,CUST_0138,2025-08-16,Smart Watch,Electronics,2,2499,0.0,4998.0,Chandigarh,Chandigarh,UPI
ORD_01182,CUST_0600,2025-10-27,Sneakers,Clothing,4,1999,0.05,7596.2,Sonipat,Haryana,Debit Card
ORD_01183,CUST_0065,2024-07-31,Sneakers,Clothing,1,1999,0.15,1699.15,Chandigarh,Chandigarh,UPI
ORD_01184,CUST_0471,2025-02-07,Exam Guide,Books,4,699,0.05,2656.2,Sonipat,Haryana,Credit Card
ORD_01185,CUST_0382,2025-12-15,Power Bank,Electronics,2,999,0.15,1698.3,Chandigarh,Chandigarh,Debit Card
ORD_01186,CUST_0311,2025-03-13,Exam Guide,Books,4,699,0.1,2516.4,Panipat,Haryana,Cash on Delivery
ORD_01187,CUST_0422,2025-06-24,Wireless Headphones,Electronics,3,1999,0.15,5097.45,Shimla,Himachal Pradesh,Credit Card
ORD_01188,CUST_0566,2024-05-17,Sneakers,Clothing,1,1999,0.1,1799.1,New Delhi,Delhi,Credit Card
ORD_01189,CUST_0910,2025-03-01,Body Lotion,Beauty,2,349,0.15,593.3,Gurugram,Haryana,UPI
ORD_01190,CUST_0056,2025-10-31,Programming Book,Books,2,899,0.05,1708.1,Chandigarh,Chandigarh,Debit Card
ORD_01191,CUST_0393,2024-12-05,Jeans,Clothing,1,1299,0.15,1104.15,Shimla,Himachal Pradesh,Cash on Delivery
ORD_01192,CUST_0892,2024-05-29,Exam Guide,Books,1,699,0.0,699.0,Faridabad,Haryana,Credit Card
ORD_01193,CUST_0299,2024-08-26,Smart Watch,Electronics,3,2499,0.1,6747.3,Solan,Himachal Pradesh,UPI
ORD_01194,CUST_0371,2024-05-04,Self Help Book,Books,3,599,0.1,1617.3,Amritsar,Punjab,Credit Card
ORD_01195,CUST_0214,2024-08-26,Novel,Books,1,499,0.15,424.15,Chandigarh,Chandigarh,Cash on Delivery
ORD_01196,CUST_0082,2025-10-05,Table Lamp,Home,2,799,0.05,1518.1,Solan,Himachal Pradesh,UPI
ORD_01197,CUST_0601,2025-12-06,Programming Book,Books,1,899,0.0,899.0,Mohali,Punjab,Debit Card
ORD_01198,CUST_0201,2025-01-28,Body Lotion,Beauty,1,349,0.15,296.65,Mohali,Punjab,UPI
ORD_01199,CUST_0393,2025-09-08,Body Lotion,Beauty,3,349,0.2,837.6,Panipat,Haryana,Cash on Delivery
ORD_01200,CUST_0553,2024-06-10,Face Wash,Beauty,3,299,0.15,762.45,Amritsar,Punjab,UPI
ORD_01201,CUST_0817,2024-10-13,Bluetooth Speaker,Electronics,4,1599,0.0,6396.0,Sonipat,Haryana,Credit Card
ORD_01202,CUST_0349,2025-06-03,Jeans,Clothing,4,1299,0.0,5196.0,Faridabad,Haryana,Cash on Delivery
ORD_01203,CUST_0597,2025-12-16,Perfume,Beauty,2,999,0.0,1998.0,New Delhi,Delhi,Cash on Delivery
ORD_01204,CUST_0742,2025-06-05,T-Shirt,Clothing,1,599,0.05,569.05,Gurugram,Haryana,Credit Card
ORD_01205,CUST_0769,2024-11-12,Novel,Books,3,499,0.05,1422.15,Chandigarh,Chandigarh,Credit Card
ORD_01206,CUST_0343,2025-06-28,Smart Watch,Electronics,4,2499,0.15,8496.6,Gurugram,Haryana,UPI
ORD_01207,CUST_0266,2025-08-14,Face Wash,Beauty,1,299,0.05,284.05,Amritsar,Punjab,Debit Card
ORD_01208,CUST_0535,2025-10-12,Self Help Book,Books,1,599,0.1,539.1,Chandigarh,Chandigarh,Credit Card
ORD_01209,CUST_0992,2025-08-15,Table Lamp,Home,3,799,0.15,2037.45,Mohali,Punjab,Cash on Delivery
ORD_01210,CUST_0917,2025-06-25,Self Help Book,Books,2,599,0.15,1018.3,Ludhiana,Punjab,Cash on Delivery
ORD_01211,CUST_0560,2024-12-21,Smart Watch,Electronics,1,2499,0.0,2499.0,Sonipat,Haryana,Debit Card
ORD_01212,CUST_0265,2024-10-04,Shampoo,Beauty,2,399,0.2,638.4,Panipat,Haryana,Credit Card
ORD_01213,CUST_0706,2025-08-06,Sneakers,Clothing,4,1999,0.2,6396.8,Sonipat,Haryana,Debit Card
ORD_01214,CUST_0053,2024-04-23,Perfume,Beauty,2,999,0.2,1598.4,New Delhi,Delhi,Debit Card
ORD_01215,CUST_0166,2024-06-26,Coffee Maker,Home,1,2499,0.05,2374.05,Panipat,Haryana,Credit Card
ORD_01216,CUST_0926,2024-03-08,Smart Watch,Electronics,3,2499,0.15,6372.45,Shimla,Himachal Pradesh,Credit Card
ORD_01217,CUST_0846,2024-05-24,Shampoo,Beauty,3,399,0.2,957.6,New Delhi,Delhi,UPI
ORD_01218,CUST_0179,2025-02-17,Smart Watch,Electronics,3,2499,0.1,6747.3,Amritsar,Punjab,Debit Card
ORD_01219,CUST_0128,2024-06-07,Sneakers,Clothing,2,1999,0.15,3398.3,Panipat,Haryana,UPI
ORD_01220,CUST_0996,2025-08-07,Novel,Books,2,499,0.05,948.1,Chandigarh,Chandigarh,UPI
ORD_01221,CUST_0419,2025-11-24,Wireless Headphones,Electronics,3,1999,0.1,5397.3,Faridabad,Haryana,Debit Card
ORD_01222,CUST_0297,2025-01-12,Jeans,Clothing,4,1299,0.05,4936.2,Chandigarh,Chandigarh,UPI
ORD_01223,CUST_0105,2025-01-16,Wireless Headphones,Electronics,2,1999,0.05,3798.1,Gurugram,Haryana,Debit Card
ORD_01224,CUST_0270,2025-03-25,Face Wash,Beauty,1,299,0.0,299.0,New Delhi,Delhi,UPI
ORD_01225,CUST_0681,2024-09-26,Table Lamp,Home,2,799,0.15,1358.3,Sonipat,Haryana,Credit Card
ORD_01226,CUST_0031,2024-07-28,Sneakers,Clothing,2,1999,0.15,3398.3,Ludhiana,Punjab,UPI
ORD_01227,CUST_0019,2024-08-23,Perfume,Beauty,3,999,0.15,2547.45,Amritsar,Punjab,UPI
ORD_01228,CUST_0654,2025-11-07,Table Lamp,Home,2,799,0.2,1278.4,New Delhi,Delhi,Cash on Delivery
ORD_01229,CUST_0291,2025-10-09,Self Help Book,Books,2,599,0.0,1198.0,Chandigarh,Chandigarh,Debit Card
ORD_01230,CUST_0684,2025-03-11,Perfume,Beauty,4,999,0.0,3996.0,Chandigarh,Chandigarh,Cash on Delivery
ORD_01231,CUST_0836,2024-03-16,Table Lamp,Home,1,799,0.05,759.05,Patiala,Punjab,Cash on Delivery
ORD_01232,CUST_0768,2025-04-20,Jeans,Clothing,2,1299,0.0,2598.0,Gurugram,Haryana,Cash on Delivery
ORD_01233,CUST_0723,2024-09-01,Wireless Headphones,Electronics,1,1999,0.05,1899.05,Panipat,Haryana,Credit Card
ORD_01234,CUST_0982,2025-01-02,Programming Book,Books,1,899,0.15,764.15,Chandigarh,Chandigarh,Debit Card
ORD_01235,CUST_0352,2025-10-14,Wireless Headphones,Electronics,4,1999,0.0,7996.0,New Delhi,Delhi,Debit Card
ORD_01236,CUST_0624,2024-01-03,T-Shirt,Clothing,4,599,0.2,1916.8,Solan,Himachal Pradesh,Cash on Delivery
ORD_01237,CUST_0016,2025-07-14,Table Lamp,Home,1,799,0.1,719.1,New Delhi,Delhi,Credit Card
ORD_01238,CUST_0289,2025-08-26,Storage Box,Home,3,499,0.15,1272.45,Patiala,Punjab,Credit Card
ORD_01239,CUST_0463,2024-09-05,Shampoo,Beauty,2,399,0.1,718.2,Chandigarh,Chandigarh,Debit Card
ORD_01240,CUST_0157,2024-03-06,Power Bank,Electronics,2,999,0.0,1998.0,Chandigarh,Chandigarh,UPI
ORD_01241,CUST_0840,2024-12-08,Smart Watch,Electronics,1,2499,0.15,2124.15,Shimla,Himachal Pradesh,UPI
ORD_01242,CUST_0857,2025-10-23,Exam Guide,Books,1,699,0.0,699.0,New Delhi,Delhi,Credit Card
ORD_01243,CUST_0310,2025-08-01,Shampoo,Beauty,3,399,0.1,1077.3,Sonipat,Haryana,Debit Card
ORD_01244,CUST_0623,2025-09-16,Bluetooth Speaker,Electronics,1,1599,0.0,1599.0,Shimla,Himachal Pradesh,Debit Card
ORD_01245,CUST_0057,2024-03-16,Self Help Book,Books,3,599,0.15,1527.45,Chandigarh,Chandigarh,UPI
ORD_01246,CUST_0643,2025-10-03,Smart Watch,Electronics,1,2499,0.05,2374.05,New Delhi,Delhi,UPI
ORD_01247,CUST_0400,2024-02-21,Wireless Headphones,Electronics,4,1999,0.0,7996.0,Mohali,Punjab,Cash on Delivery
ORD_01248,CUST_0705,2025-11-10,Hoodie,Clothing,3,999,0.15,2547.45,Shimla,Himachal Pradesh,Debit Card
ORD_01249,CUST_0300,2025-10-01,Face Wash,Beauty,4,299,0.0,1196.0,Mohali,Punjab,Cash on Delivery
ORD_01250,CUST_0148,2025-12-02,Wireless Headphones,Electronics,4,1999,0.15,6796.6,Panipat,Haryana,Cash on Delivery
ORD_01251,CUST_0229,2024-01-11,Face Wash,Beauty,4,299,0.1,1076.4,Mohali,Punjab,Credit Card
ORD_01252,CUST_0702,2024-01-14,Bluetooth Speaker,Electronics,4,1599,0.15,5436.6,Patiala,Punjab,UPI
ORD_01253,CUST_0443,2024-10-05,Novel,Books,1,499,0.2,399.2,Mohali,Punjab,Credit Card
ORD_01254,CUST_0434,2024-12-11,Smart Watch,Electronics,2,2499,0.1,4498.2,Sonipat,Haryana,Cash on Delivery
ORD_01255,CUST_0207,2024-08-08,Hoodie,Clothing,4,999,0.05,3796.2,New Delhi,Delhi,Cash on Delivery
ORD_01256,CUST_0418,2025-05-11,Hoodie,Clothing,2,999,0.0,1998.0,Chandigarh,Chandigarh,Debit Card
ORD_01257,CUST_0580,2025-01-18,Programming Book,Books,1,899,0.0,899.0,Patiala,Punjab,Credit Card
ORD_01258,CUST_0849,2025-01-14,Body Lotion,Beauty,1,349,0.05,331.55,New Delhi,Delhi,Cash on Delivery
ORD_01259,CUST_0749,2024-10-23,Coffee Maker,Home,2,2499,0.05,4748.1,New Delhi,Delhi,Cash on Delivery
ORD_01260,CUST_0585,2024-12-16,Perfume,Beauty,4,999,0.05,3796.2,Chandigarh,Chandigarh,Credit Card
ORD_01261,CUST_0831,2024-10-20,Programming Book,Books,1,899,0.0,899.0,Mohali,Punjab,Cash on Delivery
ORD_01262,CUST_0204,2024-02-23,Programming Book,Books,4,899,0.2,2876.8,Chandigarh,Chandigarh,Debit Card
ORD_01263,CUST_0031,2024-09-09,T-Shirt,Clothing,2,599,0.1,1078.2,Chandigarh,Chandigarh,Credit Card
ORD_01264,CUST_0549,2024-04-10,Bedsheet,Home,3,999,0.0,2997.0,Chandigarh,Chandigarh,Cash on Delivery
ORD_01265,CUST_0751,2025-03-22,Bluetooth Speaker,Electronics,2,1599,0.1,2878.2,Shimla,Himachal Pradesh,Cash on Delivery
ORD_01266,CUST_0812,2025-06-11,Bedsheet,Home,2,999,0.05,1898.1,Patiala,Punjab,Credit Card
ORD_01267,CUST_0875,2024-01-30,Hoodie,Clothing,2,999,0.05,1898.1,Gurugram,Haryana,UPI
ORD_01268,CUST_0365,2025-11-28,Bluetooth Speaker,Electronics,3,1599,0.1,4317.3,New Delhi,Delhi,Debit Card
ORD_01269,CUST_0993,2025-04-24,Exam Guide,Books,3,699,0.05,1992.15,Ludhiana,Punjab,Debit Card
ORD_01270,CUST_0888,2024-03-23,Novel,Books,1,499,0.05,474.05,Amritsar,Punjab,Debit Card
ORD_01271,CUST_0981,2024-04-16,Sneakers,Clothing,3,1999,0.15,5097.45,Chandigarh,Chandigarh,UPI
ORD_01272,CUST_0869,2025-08-26,Shampoo,Beauty,2,399,0.05,758.1,Shimla,Himachal Pradesh,Debit Card
ORD_01273,CUST_0073,2025-08-12,Table Lamp,Home,4,799,0.0,3196.0,Chandigarh,Chandigarh,Credit Card
ORD_01274,CUST_0856,2024-05-28,Novel,Books,3,499,0.15,1272.45,New Delhi,Delhi,Credit Card
ORD_01275,CUST_0211,2024-03-22,T-Shirt,Clothing,4,599,0.1,2156.4,Chandigarh,Chandigarh,Cash on Delivery
ORD_01276,CUST_0925,2024-05-02,Power Bank,Electronics,4,999,0.0,3996.0,Solan,Himachal Pradesh,Credit Card
ORD_01277,CUST_0409,2025-03-08,Coffee Maker,Home,2,2499,0.05,4748.1,Faridabad,Haryana,Debit Card
ORD_01278,CUST_0539,2024-08-27,Smart Watch,Electronics,2,2499,0.15,4248.3,New Delhi,Delhi,Debit Card
ORD_01279,CUST_0708,2025-07-03,Wireless Headphones,Electronics,3,1999,0.05,5697.15,Gurugram,Haryana,Cash on Delivery
ORD_01280,CUST_0943,2025-11-19,Hoodie,Clothing,2,999,0.0,1998.0,Ludhiana,Punjab,Credit Card
ORD_01281,CUST_0261,2025-04-16,Coffee Maker,Home,4,2499,0.15,8496.6,Sonipat,Haryana,Debit Card
ORD_01282,CUST_0560,2024-07-21,Exam Guide,Books,2,699,0.0,1398.0,Shimla,Himachal Pradesh,UPI
ORD_01283,CUST_0244,2024-01-13,Coffee Maker,Home,1,2499,0.2,1999.2,New Delhi,Delhi,Cash on Delivery
ORD_01284,CUST_0365,2024-03-13,Jeans,Clothing,4,1299,0.2,4156.8,Faridabad,Haryana,UPI
ORD_01285,CUST_0046,2025-09-06,Hoodie,Clothing,4,999,0.0,3996.0,Chandigarh,Chandigarh,Credit Card
ORD_01286,CUST_0329,2025-03-17,Coffee Maker,Home,4,2499,0.05,9496.2,Ludhiana,Punjab,Credit Card
ORD_01287,CUST_0536,2024-03-31,Shampoo,Beauty,4,399,0.05,1516.2,Sonipat,Haryana,Cash on Delivery
ORD_01288,CUST_0516,2025-01-29,Novel,Books,1,499,0.15,424.15,Gurugram,Haryana,Credit Card
ORD_01289,CUST_0337,2025-06-16,Perfume,Beauty,3,999,0.2,2397.6,Shimla,Himachal Pradesh,Debit Card
ORD_01290,CUST_0459,2025-07-21,Smart Watch,Electronics,2,2499,0.0,4998.0,Shimla,Himachal Pradesh,Debit Card
ORD_01291,CUST_0882,2024-11-20,Shampoo,Beauty,4,399,0.05,1516.2,Faridabad,Haryana,Cash on Delivery
ORD_01292,CUST_0226,2024-02-29,Sneakers,Clothing,2,1999,0.15,3398.3,Shimla,Himachal Pradesh,UPI
ORD_01293,CUST_0239,2025-07-24,Smart Watch,Electronics,1,2499,0.0,2499.0,Chandigarh,Chandigarh,UPI
ORD_01294,CUST_0357,2024-11-23,Smart Watch,Electronics,1,2499,0.1,2249.1,Ludhiana,Punjab,Cash on Delivery
ORD_01295,CUST_0577,2025-08-23,Face Wash,Beauty,4,299,0.0,1196.0,Patiala,Punjab,UPI
ORD_01296,CUST_0672,2024-11-11,Jeans,Clothing,3,1299,0.0,3897.0,New Delhi,Delhi,UPI
ORD_01297,CUST_0434,2024-12-31,T-Shirt,Clothing,4,599,0.1,2156.4,Chandigarh,Chandigarh,UPI
ORD_01298,CUST_0785,2025-10-04,Power Bank,Electronics,4,999,0.2,3196.8,New Delhi,Delhi,UPI
ORD_01299,CUST_0562,2024-06-18,Face Wash,Beauty,2,299,0.0,598.0,Amritsar,Punjab,Debit Card
ORD_01300,CUST_0247,2025-01-08,Shampoo,Beauty,4,399,0.2,1276.8,Sonipat,Haryana,Cash on Delivery
ORD_01301,CUST_0088,2025-08-23,Smart Watch,Electronics,4,2499,0.1,8996.4,Chandigarh,Chandigarh,UPI
ORD_01302,CUST_0783,2025-11-28,Coffee Maker,Home,2,2499,0.0,4998.0,New Delhi,Delhi,Cash on Delivery
ORD_01303,CUST_0814,2025-07-11,Bluetooth Speaker,Electronics,1,1599,0.0,1599.0,Solan,Himachal Pradesh,Cash on Delivery
ORD_01304,CUST_0647,2025-11-01,Body Lotion,Beauty,4,349,0.1,1256.4,New Delhi,Delhi,Cash on Delivery
ORD_01305,CUST_0980,2024-01-17,Shampoo,Beauty,2,399,0.05,758.1,Shimla,Himachal Pradesh,Credit Card
ORD_01306,CUST_0739,2024-04-24,Smart Watch,Electronics,2,2499,0.1,4498.2,New Delhi,Delhi,UPI
ORD_01307,CUST_0814,2024-05-26,Bluetooth Speaker,Electronics,4,1599,0.0,6396.0,Sonipat,Haryana,UPI
ORD_01308,CUST_0666,2025-03-03,Hoodie,Clothing,4,999,0.05,3796.2,Chandigarh,Chandigarh,Debit Card
ORD_01309,CUST_0421,2025-10-10,T-Shirt,Clothing,4,599,0.05,2276.2,Shimla,Himachal Pradesh,UPI
ORD_01310,CUST_0464,2025-03-02,Bedsheet,Home,2,999,0.1,1798.2,Sonipat,Haryana,UPI
ORD_01311,CUST_0337,2024-01-07,Bedsheet,Home,4,999,0.05,3796.2,Ludhiana,Punjab,UPI
ORD_01312,CUST_0566,2024-08-29,T-Shirt,Clothing,3,599,0.1,1617.3,New Delhi,Delhi,Debit Card
ORD_01313,CUST_0801,2025-11-18,Table Lamp,Home,2,799,0.05,1518.1,Chandigarh,Chandigarh,UPI
ORD_01314,CUST_0619,2025-09-10,Table Lamp,Home,3,799,0.0,2397.0,Patiala,Punjab,Credit Card
ORD_01315,CUST_0849,2024-08-22,Body Lotion,Beauty,2,349,0.05,663.1,Chandigarh,Chandigarh,Debit Card
ORD_01316,CUST_0164,2025-10-18,Bedsheet,Home,4,999,0.0,3996.0,Faridabad,Haryana,Debit Card
ORD_01317,CUST_0557,2024-02-21,Face Wash,Beauty,1,299,0.05,284.05,Gurugram,Haryana,Cash on Delivery
ORD_01318,CUST_0067,2024-08-19,Novel,Books,4,499,0.0,1996.0,Solan,Himachal Pradesh,Credit Card
ORD_01319,CUST_0028,2025-08-13,Exam Guide,Books,3,699,0.1,1887.3,Amritsar,Punjab,Debit Card
ORD_01320,CUST_0586,2024-10-17,Sneakers,Clothing,3,1999,0.05,5697.15,Solan,Himachal Pradesh,Debit Card
ORD_01321,CUST_0571,2025-04-11,Face Wash,Beauty,3,299,0.1,807.3,Shimla,Himachal Pradesh,UPI
ORD_01322,CUST_0100,2024-08-28,Novel,Books,2,499,0.15,848.3,Gurugram,Haryana,UPI
ORD_01323,CUST_0918,2025-03-27,Coffee Maker,Home,1,2499,0.15,2124.15,Shimla,Himachal Pradesh,Debit Card
ORD_01324,CUST_0735,2024-10-20,Programming Book,Books,1,899,0.05,854.05,New Delhi,Delhi,UPI
ORD_01325,CUST_0541,2025-05-16,Body Lotion,Beauty,1,349,0.2,279.2,New Delhi,Delhi,Credit Card
ORD_01326,CUST_0945,2024-05-23,Wireless Headphones,Electronics,3,1999,0.05,5697.15,Patiala,Punjab,Credit Card
ORD_01327,CUST_0497,2025-02-20,Body Lotion,Beauty,3,349,0.1,942.3,Patiala,Punjab,UPI
ORD_01328,CUST_0710,2025-07-17,Power Bank,Electronics,2,999,0.1,1798.2,Faridabad,Haryana,Credit Card
ORD_01329,CUST_0553,2025-03-08,Self Help Book,Books,3,599,0.05,1707.15,Chandigarh,Chandigarh,Debit Card
ORD_01330,CUST_0599,2024-09-04,Exam Guide,Books,1,699,0.1,629.1,Solan,Himachal Pradesh,Debit Card
ORD_01331,CUST_0573,2025-05-07,Body Lotion,Beauty,4,349,0.15,1186.6,Shimla,Himachal Pradesh,Credit Card
ORD_01332,CUST_0956,2024-04-06,Sneakers,Clothing,4,1999,0.1,7196.4,Shimla,Himachal Pradesh,Cash on Delivery
ORD_01333,CUST_0637,2024-04-30,Perfume,Beauty,2,999,0.2,1598.4,Solan,Himachal Pradesh,Credit Card
ORD_01334,CUST_0634,2025-05-26,T-Shirt,Clothing,4,599,0.05,2276.2,Sonipat,Haryana,UPI
ORD_01335,CUST_0200,2024-09-04,Perfume,Beauty,1,999,0.05,949.05,Gurugram,Haryana,Credit Card
ORD_01336,CUST_0062,2025-10-04,Shampoo,Beauty,4,399,0.1,1436.4,Chandigarh,Chandigarh,Debit Card
ORD_01337,CUST_0218,2025-01-21,Smart Watch,Electronics,3,2499,0.2,5997.6,Sonipat,Haryana,Credit Card
ORD_01338,CUST_0408,2025-09-30,Wireless Headphones,Electronics,2,1999,0.05,3798.1,Shimla,Himachal Pradesh,UPI
ORD_01339,CUST_0815,2024-03-25,Table Lamp,Home,4,799,0.05,3036.2,Chandigarh,Chandigarh,Cash on Delivery
ORD_01340,CUST_0810,2024-09-14,Novel,Books,1,499,0.0,499.0,New Delhi,Delhi,Credit Card
ORD_01341,CUST_0020,2025-06-12,T-Shirt,Clothing,2,599,0.2,958.4,Chandigarh,Chandigarh,UPI
ORD_01342,CUST_0486,2024-11-02,Shampoo,Beauty,4,399,0.1,1436.4,Panipat,Haryana,Cash on Delivery
ORD_01343,CUST_0740,2025-02-14,Bluetooth Speaker,Electronics,1,1599,0.05,1519.05,Solan,Himachal Pradesh,Credit Card
ORD_01344,CUST_0640,2024-02-06,Sneakers,Clothing,4,1999,0.0,7996.0,Ludhiana,Punjab,Debit Card
ORD_01345,CUST_0381,2025-07-22,Body Lotion,Beauty,4,349,0.15,1186.6,Chandigarh,Chandigarh,Credit Card
ORD_01346,CUST_0482,2025-06-28,Storage Box,Home,4,499,0.1,1796.4,Faridabad,Haryana,Cash on Delivery
ORD_01347,CUST_0320,2024-02-28,Body Lotion,Beauty,4,349,0.1,1256.4,Chandigarh,Chandigarh,UPI
ORD_01348,CUST_0496,2025-04-01,Table Lamp,Home,2,799,0.0,1598.0,New Delhi,Delhi,UPI
ORD_01349,CUST_0940,2025-09-28,Wireless Headphones,Electronics,4,1999,0.0,7996.0,New Delhi,Delhi,UPI
ORD_01350,CUST_0513,2025-03-18,Shampoo,Beauty,1,399,0.15,339.15,Sonipat,Haryana,Credit Card
ORD_01351,CUST_0833,2024-01-25,Bedsheet,Home,1,999,0.05,949.05,Sonipat,Haryana,Debit Card
ORD_01352,CUST_0680,2025-06-28,Bedsheet,Home,2,999,0.1,1798.2,Sonipat,Haryana,UPI
ORD_01353,CUST_0231,2025-01-02,Bluetooth Speaker,Electronics,2,1599,0.05,3038.1,Amritsar,Punjab,Credit Card
ORD_01354,CUST_0662,2025-08-10,Storage Box,Home,4,499,0.1,1796.4,Patiala,Punjab,Cash on Delivery
ORD_01355,CUST_0859,2024-09-24,Wireless Headphones,Electronics,4,1999,0.1,7196.4,Ludhiana,Punjab,Debit Card
ORD_01356,CUST_0033,2025-01-27,Smart Watch,Electronics,2,2499,0.05,4748.1,Mohali,Punjab,Credit Card
ORD_01357,CUST_0029,2024-08-13,Storage Box,Home,1,499,0.1,449.1,New Delhi,Delhi,UPI
ORD_01358,CUST_0654,2024-08-24,Coffee Maker,Home,3,2499,0.05,7122.15,Shimla,Himachal Pradesh,Debit Card
ORD_01359,CUST_0566,2025-09-01,T-Shirt,Clothing,1,599,0.05,569.05,Shimla,Himachal Pradesh,Credit Card
ORD_01360,CUST_0768,2024-07-19,Bluetooth Speaker,Electronics,2,1599,0.0,3198.0,Chandigarh,Chandigarh,Credit Card
ORD_01361,CUST_0480,2025-10-09,T-Shirt,Clothing,3,599,0.0,1797.0,New Delhi,Delhi,UPI
ORD_01362,CUST_0465,2024-05-04,Perfume,Beauty,1,999,0.1,899.1,Ludhiana,Punjab,Credit Card
ORD_01363,CUST_0007,2024-09-18,Novel,Books,1,499,0.05,474.05,Ludhiana,Punjab,Cash on Delivery
ORD_01364,CUST_0213,2024-11-28,Jeans,Clothing,4,1299,0.05,4936.2,Solan,Himachal Pradesh,UPI
ORD_01365,CUST_0047,2025-06-05,Bedsheet,Home,4,999,0.1,3596.4,Patiala,Punjab,UPI
ORD_01366,CUST_0077,2025-03-30,Bluetooth Speaker,Electronics,4,1599,0.2,5116.8,Chandigarh,Chandigarh,Debit Card
ORD_01367,CUST_0015,2024-11-26,Table Lamp,Home,2,799,0.15,1358.3,New Delhi,Delhi,UPI
ORD_01368,CUST_0828,2024-05-26,Wireless Headphones,Electronics,2,1999,0.1,3598.2,New Delhi,Delhi,Cash on Delivery
ORD_01369,CUST_0811,2024-03-30,Wireless Headphones,Electronics,3,1999,0.05,5697.15,Chandigarh,Chandigarh,UPI
ORD_01370,CUST_0084,2025-08-25,Novel,Books,1,499,0.15,424.15,Chandigarh,Chandigarh,Debit Card
ORD_01371,CUST_0339,2024-01-09,Shampoo,Beauty,3,399,0.0,1197.0,Shimla,Himachal Pradesh,Credit Card
ORD_01372,CUST_0503,2024-06-13,Shampoo,Beauty,2,399,0.1,718.2,New Delhi,Delhi,Credit Card
ORD_01373,CUST_0218,2024-11-01,T-Shirt,Clothing,1,599,0.2,479.2,Chandigarh,Chandigarh,Debit Card
ORD_01374,CUST_0257,2025-11-25,Programming Book,Books,4,899,0.0,3596.0,New Delhi,Delhi,UPI
ORD_01375,CUST_0183,2025-03-31,Coffee Maker,Home,4,2499,0.1,8996.4,Mohali,Punjab,Credit Card
ORD_01376,CUST_0336,2025-06-23,Novel,Books,2,499,0.0,998.0,Chandigarh,Chandigarh,UPI
ORD_01377,CUST_0056,2025-03-09,Hoodie,Clothing,4,999,0.2,3196.8,Mohali,Punjab,UPI
ORD_01378,CUST_0884,2025-02-23,Face Wash,Beauty,2,299,0.2,478.4,Amritsar,Punjab,UPI
ORD_01379,CUST_0164,2024-06-18,Bluetooth Speaker,Electronics,4,1599,0.1,5756.4,Solan,Himachal Pradesh,Credit Card
ORD_01380,CUST_0345,2025-08-14,Programming Book,Books,2,899,0.1,1618.2,Shimla,Himachal Pradesh,Debit Card
ORD_01381,CUST_0188,2024-10-14,Novel,Books,3,499,0.1,1347.3,New Delhi,Delhi,UPI
ORD_01382,CUST_0781,2025-05-31,Programming Book,Books,1,899,0.05,854.05,Gurugram,Haryana,Debit Card
ORD_01383,CUST_0714,2025-11-15,Table Lamp,Home,3,799,0.1,2157.3,Solan,Himachal Pradesh,Credit Card
ORD_01384,CUST_0710,2024-02-09,Face Wash,Beauty,4,299,0.0,1196.0,New Delhi,Delhi,Credit Card
ORD_01385,CUST_0086,2025-01-15,Novel,Books,1,499,0.1,449.1,Chandigarh,Chandigarh,UPI
ORD_01386,CUST_0260,2024-03-10,Hoodie,Clothing,3,999,0.1,2697.3,Amritsar,Punjab,Debit Card
ORD_01387,CUST_0766,2025-02-28,Power Bank,Electronics,3,999,0.0,2997.0,Sonipat,Haryana,Debit Card
ORD_01388,CUST_0844,2024-01-18,Novel,Books,3,499,0.1,1347.3,Chandigarh,Chandigarh,Debit Card
ORD_01389,CUST_0867,2025-02-05,T-Shirt,Clothing,3,599,0.0,1797.0,Patiala,Punjab,Cash on Delivery
ORD_01390,CUST_0031,2025-03-20,Self Help Book,Books,4,599,0.1,2156.4,New Delhi,Delhi,Debit Card
ORD_01391,CUST_0191,2025-07-19,T-Shirt,Clothing,2,599,0.05,1138.1,Shimla,Himachal Pradesh,Credit Card
ORD_01392,CUST_0076,2024-01-25,Coffee Maker,Home,1,2499,0.05,2374.05,Chandigarh,Chandigarh,Credit Card
ORD_01393,CUST_0735,2024-06-23,Shampoo,Beauty,2,399,0.1,718.2,Ludhiana,Punjab,UPI
ORD_01394,CUST_0086,2024-09-06,Smart Watch,Electronics,2,2499,0.05,4748.1,Shimla,Himachal Pradesh,Debit Card
ORD_01395,CUST_0898,2024-05-23,Exam Guide,Books,4,699,0.15,2376.6,Gurugram,Haryana,UPI
ORD_01396,CUST_0676,2024-09-27,Smart Watch,Electronics,2,2499,0.1,4498.2,Chandigarh,Chandigarh,Cash on Delivery
ORD_01397,CUST_0467,2025-11-25,Table Lamp,Home,2,799,0.1,1438.2,Solan,Himachal Pradesh,UPI
ORD_01398,CUST_0491,2025-01-15,Coffee Maker,Home,2,2499,0.05,4748.1,Chandigarh,Chandigarh,UPI
ORD_01399,CUST_0646,2024-05-25,Perfume,Beauty,4,999,0.0,3996.0,Chandigarh,Chandigarh,Debit Card
ORD_01400,CUST_0457,2024-02-10,Sneakers,Clothing,4,1999,0.0,7996.0,New Delhi,Delhi,UPI
ORD_01401,CUST_0706,2024-01-04,Programming Book,Books,4,899,0.05,3416.2,Amritsar,Punjab,Credit Card
ORD_01402,CUST_0166,2024-04-01,Hoodie,Clothing,2,999,0.1,1798.2,New Delhi,Delhi,Debit Card
ORD_01403,CUST_0205,2024-04-10,Storage Box,Home,3,499,0.05,1422.15,Patiala,Punjab,Debit Card
ORD_01404,CUST_0759,2024-10-10,Storage Box,Home,1,499,0.05,474.05,Solan,Himachal Pradesh,UPI
ORD_01405,CUST_0972,2024-11-02,Exam Guide,Books,3,699,0.1,1887.3,New Delhi,Delhi,Debit Card
ORD_01406,CUST_0983,2025-08-22,Self Help Book,Books,4,599,0.0,2396.0,Ludhiana,Punjab,Debit Card
ORD_01407,CUST_0604,2025-06-10,Storage Box,Home,2,499,0.1,898.2,Ludhiana,Punjab,UPI
ORD_01408,CUST_0561,2024-08-22,Wireless Headphones,Electronics,2,1999,0.0,3998.0,Solan,Himachal Pradesh,Credit Card
ORD_01409,CUST_0481,2024-02-20,Body Lotion,Beauty,4,349,0.0,1396.0,Amritsar,Punjab,Debit Card
ORD_01410,CUST_0641,2025-04-25,Hoodie,Clothing,1,999,0.15,849.15,Chandigarh,Chandigarh,Credit Card
ORD_01411,CUST_0356,2025-08-13,Self Help Book,Books,1,599,0.2,479.2,Ludhiana,Punjab,Debit Card
ORD_01412,CUST_0127,2025-04-08,Novel,Books,1,499,0.05,474.05,Panipat,Haryana,UPI
ORD_01413,CUST_0937,2025-11-15,Wireless Headphones,Electronics,1,1999,0.2,1599.2,Chandigarh,Chandigarh,Credit Card
ORD_01414,CUST_0970,2025-10-27,Table Lamp,Home,2,799,0.2,1278.4,New Delhi,Delhi,Credit Card
ORD_01415,CUST_0255,2025-11-13,Hoodie,Clothing,4,999,0.2,3196.8,Panipat,Haryana,Debit Card
ORD_01416,CUST_0484,2025-10-01,Exam Guide,Books,4,699,0.2,2236.8,Solan,Himachal Pradesh,UPI
ORD_01417,CUST_0055,2024-07-29,Programming Book,Books,2,899,0.1,1618.2,Sonipat,Haryana,Debit Card
ORD_01418,CUST_0734,2024-05-01,Table Lamp,Home,2,799,0.0,1598.0,New Delhi,Delhi,Debit Card
ORD_01419,CUST_0381,2024-12-27,Wireless Headphones,Electronics,1,1999,0.15,1699.15,Shimla,Himachal Pradesh,Credit Card
ORD_01420,CUST_0127,2024-01-08,Novel,Books,3,499,0.1,1347.3,Chandigarh,Chandigarh,Cash on Delivery
ORD_01421,CUST_0394,2025-03-13,Self Help Book,Books,1,599,0.05,569.05,Shimla,Himachal Pradesh,UPI
ORD_01422,CUST_0926,2024-07-12,Exam Guide,Books,3,699,0.05,1992.15,Gurugram,Haryana,Cash on Delivery
ORD_01423,CUST_0435,2025-10-26,Body Lotion,Beauty,1,349,0.1,314.1,Panipat,Haryana,Debit Card
ORD_01424,CUST_0221,2025-03-15,Smart Watch,Electronics,4,2499,0.1,8996.4,Chandigarh,Chandigarh,Cash on Delivery
ORD_01425,CUST_0276,2025-10-03,Programming Book,Books,4,899,0.1,3236.4,Mohali,Punjab,Cash on Delivery
ORD_01426,CUST_0241,2024-05-07,Exam Guide,Books,3,699,0.1,1887.3,Panipat,Haryana,Debit Card
ORD_01427,CUST_0502,2025-10-04,Sneakers,Clothing,1,1999,0.0,1999.0,Chandigarh,Chandigarh,Credit Card
ORD_01428,CUST_0029,2024-03-01,Power Bank,Electronics,3,999,0.05,2847.15,Solan,Himachal Pradesh,Debit Card
ORD_01429,CUST_0838,2025-05-04,Storage Box,Home,4,499,0.1,1796.4,Patiala,Punjab,UPI
ORD_01430,CUST_0959,2025-06-05,Programming Book,Books,3,899,0.05,2562.15,New Delhi,Delhi,Cash on Delivery
ORD_01431,CUST_0263,2024-01-26,Wireless Headphones,Electronics,4,1999,0.2,6396.8,New Delhi,Delhi,Cash on Delivery
ORD_01432,CUST_0545,2025-03-31,Self Help Book,Books,3,599,0.0,1797.0,Chandigarh,Chandigarh,Debit Card
ORD_01433,CUST_0502,2024-01-12,Bluetooth Speaker,Electronics,1,1599,0.1,1439.1,Solan,Himachal Pradesh,UPI
ORD_01434,CUST_0435,2024-11-19,Face Wash,Beauty,1,299,0.05,284.05,Chandigarh,Chandigarh,Cash on Delivery
ORD_01435,CUST_0638,2025-07-31,Table Lamp,Home,1,799,0.0,799.0,New Delhi,Delhi,Debit Card
ORD_01436,CUST_0049,2024-03-15,Power Bank,Electronics,2,999,0.0,1998.0,Sonipat,Haryana,Credit Card
ORD_01437,CUST_0578,2025-11-28,Self Help Book,Books,3,599,0.05,1707.15,Faridabad,Haryana,Debit Card
ORD_01438,CUST_0778,2025-06-12,T-Shirt,Clothing,1,599,0.05,569.05,Chandigarh,Chandigarh,UPI
ORD_01439,CUST_0626,2024-04-06,Face Wash,Beauty,4,299,0.05,1136.2,Faridabad,Haryana,Cash on Delivery
ORD_01440,CUST_0758,2024-09-18,Exam Guide,Books,4,699,0.1,2516.4,Gurugram,Haryana,Cash on Delivery
ORD_01441,CUST_0989,2024-09-10,Storage Box,Home,2,499,0.0,998.0,Amritsar,Punjab,Debit Card
ORD_01442,CUST_0986,2025-10-29,Sneakers,Clothing,2,1999,0.05,3798.1,Gurugram,Haryana,UPI
ORD_01443,CUST_0228,2025-06-11,Jeans,Clothing,1,1299,0.1,1169.1,New Delhi,Delhi,Credit Card
ORD_01444,CUST_0465,2025-02-06,Body Lotion,Beauty,2,349,0.1,628.2,Amritsar,Punjab,Credit Card
ORD_01445,CUST_0407,2024-11-19,Novel,Books,3,499,0.2,1197.6,Ludhiana,Punjab,Cash on Delivery
ORD_01446,CUST_0414,2025-09-03,Self Help Book,Books,2,599,0.15,1018.3,New Delhi,Delhi,Credit Card
ORD_01447,CUST_0393,2025-12-09,Shampoo,Beauty,2,399,0.2,638.4,Chandigarh,Chandigarh,Cash on Delivery
ORD_01448,CUST_0342,2024-04-02,Self Help Book,Books,4,599,0.1,2156.4,New Delhi,Delhi,Credit Card
ORD_01449,CUST_0208,2024-09-22,T-Shirt,Clothing,2,599,0.05,1138.1,Patiala,Punjab,Credit Card
ORD_01450,CUST_0454,2024-03-29,Storage Box,Home,3,499,0.05,1422.15,New Delhi,Delhi,Debit Card
ORD_01451,CUST_0946,2025-01-10,Exam Guide,Books,4,699,0.15,2376.6,New Delhi,Delhi,Cash on Delivery
ORD_01452,CUST_0099,2024-12-31,Jeans,Clothing,4,1299,0.0,5196.0,New Delhi,Delhi,UPI
ORD_01453,CUST_0019,2025-08-15,T-Shirt,Clothing,3,599,0.1,1617.3,New Delhi,Delhi,Credit Card
ORD_01454,CUST_0867,2024-10-08,Self Help Book,Books,1,599,0.15,509.15,New Delhi,Delhi,Debit Card
ORD_01455,CUST_0631,2025-07-16,Face Wash,Beauty,2,299,0.2,478.4,New Delhi,Delhi,UPI
ORD_01456,CUST_0472,2024-08-22,Bluetooth Speaker,Electronics,3,1599,0.05,4557.15,New Delhi,Delhi,UPI
ORD_01457,CUST_0885,2025-08-05,Sneakers,Clothing,4,1999,0.0,7996.0,Patiala,Punjab,UPI
ORD_01458,CUST_0122,2024-09-29,Shampoo,Beauty,3,399,0.15,1017.45,Sonipat,Haryana,Credit Card
ORD_01459,CUST_0958,2025-12-28,T-Shirt,Clothing,2,599,0.05,1138.1,Shimla,Himachal Pradesh,Cash on Delivery
ORD_01460,CUST_0216,2024-01-18,Storage Box,Home,2,499,0.0,998.0,Shimla,Himachal Pradesh,Credit Card
ORD_01461,CUST_0741,2024-11-14,Jeans,Clothing,1,1299,0.0,1299.0,Mohali,Punjab,Debit Card
ORD_01462,CUST_0266,2025-02-16,Body Lotion,Beauty,4,349,0.2,1116.8,Chandigarh,Chandigarh,Cash on Delivery
ORD_01463,CUST_0401,2024-09-24,Shampoo,Beauty,4,399,0.1,1436.4,Solan,Himachal Pradesh,UPI
ORD_01464,CUST_0570,2025-06-30,Programming Book,Books,2,899,0.0,1798.0,Mohali,Punjab,Debit Card
ORD_01465,CUST_0537,2025-01-24,Hoodie,Clothing,3,999,0.15,2547.45,Chandigarh,Chandigarh,Debit Card
ORD_01466,CUST_0856,2024-09-12,Self Help Book,Books,1,599,0.05,569.05,Shimla,Himachal Pradesh,Credit Card
ORD_01467,CUST_0069,2025-09-17,Shampoo,Beauty,2,399,0.0,798.0,Sonipat,Haryana,Credit Card
ORD_01468,CUST_0566,2025-03-22,Self Help Book,Books,1,599,0.1,539.1,New Delhi,Delhi,Cash on Delivery
ORD_01469,CUST_0983,2024-08-31,Perfume,Beauty,4,999,0.1,3596.4,Chandigarh,Chandigarh,UPI
ORD_01470,CUST_0960,2025-10-08,Sneakers,Clothing,4,1999,0.0,7996.0,Amritsar,Punjab,Cash on Delivery
ORD_01471,CUST_0373,2025-09-11,Bedsheet,Home,4,999,0.0,3996.0,New Delhi,Delhi,Debit Card
ORD_01472,CUST_0586,2024-11-22,Perfume,Beauty,1,999,0.1,899.1,Chandigarh,Chandigarh,Credit Card
ORD_01473,CUST_0634,2025-11-18,Coffee Maker,Home,1,2499,0.1,2249.1,Gurugram,Haryana,Cash on Delivery
ORD_01474,CUST_0095,2024-09-21,Wireless Headphones,Electronics,1,1999,0.0,1999.0,New Delhi,Delhi,Debit Card
ORD_01475,CUST_0646,2025-07-26,Hoodie,Clothing,3,999,0.0,2997.0,Panipat,Haryana,UPI
ORD_01476,CUST_0908,2024-04-01,Programming Book,Books,4,899,0.1,3236.4,Shimla,Himachal Pradesh,UPI
ORD_01477,CUST_0764,2025-07-19,Shampoo,Beauty,3,399,0.2,957.6,Panipat,Haryana,UPI
ORD_01478,CUST_0813,2025-07-12,T-Shirt,Clothing,2,599,0.1,1078.2,Solan,Himachal Pradesh,UPI
ORD_01479,CUST_0812,2025-12-07,Coffee Maker,Home,4,2499,0.05,9496.2,Gurugram,Haryana,Credit Card
ORD_01480,CUST_0666,2024-09-08,Programming Book,Books,2,899,0.2,1438.4,New Delhi,Delhi,Debit Card
ORD_01481,CUST_0601,2025-05-01,Bedsheet,Home,4,999,0.0,3996.0,Mohali,Punjab,Cash on Delivery
ORD_01482,CUST_0072,2024-12-04,Smart Watch,Electronics,1,2499,0.0,2499.0,Solan,Himachal Pradesh,Cash on Delivery
ORD_01483,CUST_0492,2025-07-27,Exam Guide,Books,4,699,0.05,2656.2,Solan,Himachal Pradesh,UPI
ORD_01484,CUST_0877,2025-08-06,Jeans,Clothing,1,1299,0.05,1234.05,New Delhi,Delhi,UPI
ORD_01485,CUST_0882,2025-11-15,Novel,Books,2,499,0.15,848.3,New Delhi,Delhi,Cash on Delivery
ORD_01486,CUST_0247,2025-07-12,T-Shirt,Clothing,1,599,0.15,509.15,Chandigarh,Chandigarh,Cash on Delivery
ORD_01487,CUST_0839,2025-11-13,Sneakers,Clothing,1,1999,0.15,1699.15,Chandigarh,Chandigarh,UPI
ORD_01488,CUST_0586,2024-08-22,Power Bank,Electronics,4,999,0.05,3796.2,Patiala,Punjab,UPI
ORD_01489,CUST_0454,2025-04-17,Table Lamp,Home,1,799,0.15,679.15,Chandigarh,Chandigarh,Cash on Delivery
ORD_01490,CUST_0134,2024-06-14,Novel,Books,4,499,0.15,1696.6,Amritsar,Punjab,UPI
ORD_01491,CUST_0398,2025-11-27,Table Lamp,Home,1,799,0.05,759.05,Gurugram,Haryana,Credit Card
ORD_01492,CUST_0158,2024-08-14,Jeans,Clothing,3,1299,0.0,3897.0,New Delhi,Delhi,Credit Card
ORD_01493,CUST_0589,2025-11-19,Exam Guide,Books,3,699,0.0,2097.0,Chandigarh,Chandigarh,Credit Card
ORD_01494,CUST_0172,2024-06-27,Perfume,Beauty,1,999,0.1,899.1,Solan,Himachal Pradesh,Cash on Delivery
ORD_01495,CUST_0019,2025-11-06,Storage Box,Home,3,499,0.15,1272.45,New Delhi,Delhi,UPI
ORD_01496,CUST_0920,2025-07-10,Novel,Books,2,499,0.2,798.4,Solan,Himachal Pradesh,Credit Card
ORD_01497,CUST_0743,2025-07-18,Exam Guide,Books,2,699,0.0,1398.0,Gurugram,Haryana,Cash on Delivery
ORD_01498,CUST_0550,2025-06-30,Table Lamp,Home,4,799,0.2,2556.8,New Delhi,Delhi,Cash on Delivery
ORD_01499,CUST_0602,2024-07-26,Body Lotion,Beauty,4,349,0.05,1326.2,Ludhiana,Punjab,Cash on Delivery
ORD_01500,CUST_0709,2025-09-14,Shampoo,Beauty,4,399,0.0,1596.0,New Delhi,Delhi,Credit Card
ORD_01501,CUST_0484,2024-07-26,Coffee Maker,Home,1,2499,0.0,2499.0,Patiala,Punjab,Debit Card
ORD_01502,CUST_0950,2024-02-01,Table Lamp,Home,4,799,0.05,3036.2,Chandigarh,Chandigarh,Credit Card
ORD_01503,CUST_0387,2024-07-25,Perfume,Beauty,3,999,0.1,2697.3,New Delhi,Delhi,UPI
ORD_01504,CUST_0557,2024-02-13,Power Bank,Electronics,1,999,0.05,949.05,Mohali,Punjab,Credit Card
ORD_01505,CUST_0648,2024-06-25,Power Bank,Electronics,2,999,0.1,1798.2,New Delhi,Delhi,Debit Card
ORD_01506,CUST_0141,2025-02-22,Power Bank,Electronics,4,999,0.1,3596.4,Amritsar,Punjab,Cash on Delivery
ORD_01507,CUST_0477,2025-05-17,Self Help Book,Books,4,599,0.05,2276.2,New Delhi,Delhi,UPI
ORD_01508,CUST_0478,2024-04-24,Self Help Book,Books,3,599,0.1,1617.3,Amritsar,Punjab,Credit Card
ORD_01509,CUST_0784,2025-08-27,Perfume,Beauty,1,999,0.2,799.2,Panipat,Haryana,UPI
ORD_01510,CUST_0999,2025-06-04,Programming Book,Books,1,899,0.0,899.0,Chandigarh,Chandigarh,UPI
ORD_01511,CUST_0347,2025-05-03,Face Wash,Beauty,3,299,0.15,762.45,Faridabad,Haryana,Cash on Delivery
ORD_01512,CUST_0372,2025-04-21,Exam Guide,Books,1,699,0.05,664.05,New Delhi,Delhi,UPI
ORD_01513,CUST_0756,2025-01-25,Sneakers,Clothing,4,1999,0.1,7196.4,Patiala,Punjab,Debit Card
ORD_01514,CUST_0307,2025-01-07,Jeans,Clothing,1,1299,0.1,1169.1,Chandigarh,Chandigarh,Credit Card
ORD_01515,CUST_0408,2025-10-12,Novel,Books,1,499,0.15,424.15,Gurugram,Haryana,UPI
ORD_01516,CUST_0236,2025-06-10,Novel,Books,1,499,0.2,399.2,Shimla,Himachal Pradesh,Debit Card
ORD_01517,CUST_0844,2025-05-04,Novel,Books,2,499,0.0,998.0,Ludhiana,Punjab,Cash on Delivery
ORD_01518,CUST_0533,2025-07-08,Exam Guide,Books,1,699,0.2,559.2,Patiala,Punjab,UPI
ORD_01519,CUST_0554,2025-08-18,Face Wash,Beauty,2,299,0.15,508.3,Faridabad,Haryana,UPI
ORD_01520,CUST_0920,2024-08-19,Face Wash,Beauty,2,299,0.15,508.3,Chandigarh,Chandigarh,Credit Card
ORD_01521,CUST_0976,2024-08-08,Body Lotion,Beauty,2,349,0.15,593.3,Chandigarh,Chandigarh,Cash on Delivery
ORD_01522,CUST_0143,2024-10-03,Novel,Books,3,499,0.1,1347.3,Faridabad,Haryana,Cash on Delivery
ORD_01523,CUST_0527,2024-04-02,Hoodie,Clothing,4,999,0.15,3396.6,Patiala,Punjab,Cash on Delivery
ORD_01524,CUST_0319,2024-02-12,Wireless Headphones,Electronics,1,1999,0.15,1699.15,Solan,Himachal Pradesh,Cash on Delivery
ORD_01525,CUST_0197,2024-12-01,Self Help Book,Books,3,599,0.05,1707.15,Mohali,Punjab,Credit Card
ORD_01526,CUST_0900,2025-12-10,Jeans,Clothing,3,1299,0.2,3117.6,New Delhi,Delhi,UPI
ORD_01527,CUST_0850,2025-06-21,Face Wash,Beauty,1,299,0.0,299.0,Gurugram,Haryana,Debit Card
ORD_01528,CUST_0329,2024-03-03,Perfume,Beauty,3,999,0.05,2847.15,Sonipat,Haryana,UPI
ORD_01529,CUST_0837,2024-09-16,Coffee Maker,Home,4,2499,0.0,9996.0,Shimla,Himachal Pradesh,UPI
ORD_01530,CUST_0763,2025-01-08,Table Lamp,Home,1,799,0.05,759.05,Ludhiana,Punjab,Debit Card
ORD_01531,CUST_0794,2024-09-22,Self Help Book,Books,2,599,0.15,1018.3,Chandigarh,Chandigarh,UPI
ORD_01532,CUST_0320,2025-10-21,Table Lamp,Home,4,799,0.1,2876.4,Ludhiana,Punjab,Debit Card
ORD_01533,CUST_0821,2025-04-06,Novel,Books,2,499,0.0,998.0,Chandigarh,Chandigarh,Credit Card
ORD_01534,CUST_0027,2025-01-19,Self Help Book,Books,2,599,0.0,1198.0,Chandigarh,Chandigarh,Debit Card
ORD_01535,CUST_0220,2025-07-25,Bluetooth Speaker,Electronics,3,1599,0.1,4317.3,Faridabad,Haryana,UPI
ORD_01536,CUST_0089,2024-09-02,Shampoo,Beauty,3,399,0.05,1137.15,Panipat,Haryana,UPI
ORD_01537,CUST_0417,2025-12-07,Programming Book,Books,3,899,0.15,2292.45,New Delhi,Delhi,Credit Card
ORD_01538,CUST_0475,2024-11-28,Coffee Maker,Home,2,2499,0.15,4248.3,Solan,Himachal Pradesh,UPI
ORD_01539,CUST_0457,2025-12-11,Wireless Headphones,Electronics,2,1999,0.05,3798.1,Amritsar,Punjab,Credit Card
ORD_01540,CUST_0652,2025-09-11,Self Help Book,Books,4,599,0.05,2276.2,Chandigarh,Chandigarh,Credit Card
ORD_01541,CUST_0226,2025-04-18,T-Shirt,Clothing,1,599,0.05,569.05,Sonipat,Haryana,Credit Card
ORD_01542,CUST_0035,2024-08-30,Bedsheet,Home,3,999,0.0,2997.0,Gurugram,Haryana,Credit Card
ORD_01543,CUST_0541,2024-09-22,Jeans,Clothing,3,1299,0.2,3117.6,Chandigarh,Chandigarh,Debit Card
ORD_01544,CUST_0322,2025-08-08,Coffee Maker,Home,3,2499,0.05,7122.15,New Delhi,Delhi,Cash on Delivery
ORD_01545,CUST_0849,2024-09-25,Body Lotion,Beauty,1,349,0.2,279.2,Shimla,Himachal Pradesh,Debit Card
ORD_01546,CUST_0944,2024-09-16,Smart Watch,Electronics,2,2499,0.1,4498.2,Shimla,Himachal Pradesh,Credit Card
ORD_01547,CUST_0353,2024-05-09,Shampoo,Beauty,4,399,0.15,1356.6,New Delhi,Delhi,Cash on Delivery
ORD_01548,CUST_0074,2025-12-12,Smart Watch,Electronics,3,2499,0.0,7497.0,Chandigarh,Chandigarh,Cash on Delivery
ORD_01549,CUST_0739,2024-04-11,Power Bank,Electronics,1,999,0.15,849.15,Patiala,Punjab,Credit Card
ORD_01550,CUST_0108,2024-03-26,Novel,Books,3,499,0.15,1272.45,New Delhi,Delhi,Cash on Delivery
ORD_01551,CUST_0613,2025-07-13,Sneakers,Clothing,4,1999,0.1,7196.4,Shimla,Himachal Pradesh,Credit Card
ORD_01552,CUST_0915,2025-01-02,Power Bank,Electronics,1,999,0.05,949.05,Amritsar,Punjab,UPI
ORD_01553,CUST_0856,2024-10-12,Programming Book,Books,3,899,0.1,2427.3,Chandigarh,Chandigarh,Cash on Delivery
ORD_01554,CUST_0524,2025-10-25,Table Lamp,Home,1,799,0.0,799.0,Faridabad,Haryana,Debit Card
ORD_01555,CUST_0013,2025-03-23,Storage Box,Home,2,499,0.05,948.1,Chandigarh,Chandigarh,Cash on Delivery
ORD_01556,CUST_0841,2024-01-13,Shampoo,Beauty,1,399,0.0,399.0,Shimla,Himachal Pradesh,Cash on Delivery
ORD_01557,CUST_0803,2025-05-19,T-Shirt,Clothing,3,599,0.0,1797.0,Chandigarh,Chandigarh,Cash on Delivery
ORD_01558,CUST_0963,2025-05-28,Self Help Book,Books,1,599,0.0,599.0,Chandigarh,Chandigarh,UPI
ORD_01559,CUST_0960,2025-04-02,Smart Watch,Electronics,4,2499,0.2,7996.8,New Delhi,Delhi,Cash on Delivery
ORD_01560,CUST_0614,2024-08-09,Smart Watch,Electronics,4,2499,0.1,8996.4,Solan,Himachal Pradesh,Cash on Delivery
ORD_01561,CUST_0159,2025-02-08,Power Bank,Electronics,2,999,0.1,1798.2,Patiala,Punjab,UPI
ORD_01562,CUST_0597,2025-05-01,Wireless Headphones,Electronics,3,1999,0.05,5697.15,New Delhi,Delhi,Credit Card
ORD_01563,CUST_0342,2024-05-23,Perfume,Beauty,3,999,0.1,2697.3,Sonipat,Haryana,UPI
ORD_01564,CUST_0686,2024-04-25,Body Lotion,Beauty,2,349,0.15,593.3,Sonipat,Haryana,UPI
ORD_01565,CUST_0541,2025-09-09,Coffee Maker,Home,4,2499,0.0,9996.0,New Delhi,Delhi,Debit Card
ORD_01566,CUST_0309,2024-09-29,Storage Box,Home,2,499,0.15,848.3,Faridabad,Haryana,Cash on Delivery
ORD_01567,CUST_0180,2025-09-14,Perfume,Beauty,4,999,0.0,3996.0,Sonipat,Haryana,Credit Card
ORD_01568,CUST_0093,2024-12-29,Self Help Book,Books,4,599,0.05,2276.2,Panipat,Haryana,Credit Card
ORD_01569,CUST_0456,2024-02-03,Shampoo,Beauty,2,399,0.15,678.3,Chandigarh,Chandigarh,Cash on Delivery
ORD_01570,CUST_0813,2025-06-28,Bedsheet,Home,2,999,0.1,1798.2,Chandigarh,Chandigarh,Cash on Delivery
ORD_01571,CUST_0879,2025-02-26,Body Lotion,Beauty,4,349,0.05,1326.2,Solan,Himachal Pradesh,Credit Card
ORD_01572,CUST_0070,2024-07-16,Sneakers,Clothing,3,1999,0.05,5697.15,Patiala,Punjab,Cash on Delivery
ORD_01573,CUST_0435,2024-09-30,Perfume,Beauty,3,999,0.0,2997.0,Shimla,Himachal Pradesh,Cash on Delivery
ORD_01574,CUST_0503,2024-06-17,Novel,Books,4,499,0.2,1596.8,Chandigarh,Chandigarh,UPI
ORD_01575,CUST_0418,2025-09-03,Shampoo,Beauty,1,399,0.15,339.15,Sonipat,Haryana,Debit Card
ORD_01576,CUST_0682,2024-02-06,Jeans,Clothing,1,1299,0.1,1169.1,Mohali,Punjab,UPI
ORD_01577,CUST_0183,2024-02-15,Wireless Headphones,Electronics,4,1999,0.05,7596.2,Shimla,Himachal Pradesh,Debit Card
ORD_01578,CUST_0732,2024-02-15,Smart Watch,Electronics,3,2499,0.0,7497.0,Chandigarh,Chandigarh,Credit Card
ORD_01579,CUST_0971,2025-01-15,Self Help Book,Books,4,599,0.1,2156.4,Shimla,Himachal Pradesh,Credit Card
ORD_01580,CUST_0931,2025-05-01,Exam Guide,Books,3,699,0.0,2097.0,New Delhi,Delhi,Credit Card
ORD_01581,CUST_0571,2025-08-29,Coffee Maker,Home,3,2499,0.05,7122.15,Solan,Himachal Pradesh,UPI
ORD_01582,CUST_0621,2024-01-16,T-Shirt,Clothing,1,599,0.2,479.2,Chandigarh,Chandigarh,Credit Card
ORD_01583,CUST_0376,2024-11-15,Face Wash,Beauty,3,299,0.05,852.15,Chandigarh,Chandigarh,Credit Card
ORD_01584,CUST_0418,2024-08-18,Coffee Maker,Home,4,2499,0.05,9496.2,Chandigarh,Chandigarh,UPI
ORD_01585,CUST_0703,2024-01-21,Power Bank,Electronics,2,999,0.2,1598.4,Chandigarh,Chandigarh,UPI
ORD_01586,CUST_0898,2025-03-09,Programming Book,Books,3,899,0.0,2697.0,New Delhi,Delhi,Cash on Delivery
ORD_01587,CUST_0891,2024-10-08,Exam Guide,Books,4,699,0.1,2516.4,Panipat,Haryana,Debit Card
ORD_01588,CUST_0360,2025-12-29,Sneakers,Clothing,4,1999,0.15,6796.6,Solan,Himachal Pradesh,Cash on Delivery
ORD_01589,CUST_0241,2024-04-04,Self Help Book,Books,4,599,0.1,2156.4,New Delhi,Delhi,UPI
ORD_01590,CUST_0025,2024-03-27,Smart Watch,Electronics,3,2499,0.1,6747.3,Ludhiana,Punjab,Credit Card
ORD_01591,CUST_0828,2024-08-13,Storage Box,Home,1,499,0.0,499.0,Panipat,Haryana,Cash on Delivery
ORD_01592,CUST_0040,2024-08-23,Exam Guide,Books,4,699,0.05,2656.2,Chandigarh,Chandigarh,Cash on Delivery
ORD_01593,CUST_0825,2024-06-21,Bedsheet,Home,2,999,0.15,1698.3,New Delhi,Delhi,Credit Card
ORD_01594,CUST_0133,2025-04-08,Exam Guide,Books,2,699,0.1,1258.2,Shimla,Himachal Pradesh,Cash on Delivery
ORD_01595,CUST_0866,2025-08-20,Novel,Books,4,499,0.0,1996.0,Solan,Himachal Pradesh,Credit Card
ORD_01596,CUST_0855,2025-09-10,Body Lotion,Beauty,3,349,0.1,942.3,Sonipat,Haryana,UPI
ORD_01597,CUST_0601,2025-05-10,Novel,Books,1,499,0.1,449.1,New Delhi,Delhi,Debit Card
ORD_01598,CUST_0945,2025-06-15,Face Wash,Beauty,3,299,0.05,852.15,Patiala,Punjab,Cash on Delivery
ORD_01599,CUST_0612,2025-02-15,Shampoo,Beauty,1,399,0.1,359.1,Shimla,Himachal Pradesh,UPI
ORD_01600,CUST_0217,2025-08-12,Hoodie,Clothing,3,999,0.0,2997.0,New Delhi,Delhi,Cash on Delivery
ORD_01601,CUST_0608,2025-11-21,T-Shirt,Clothing,1,599,0.05,569.05,Solan,Himachal Pradesh,Debit Card
ORD_01602,CUST_0924,2024-06-16,Face Wash,Beauty,1,299,0.15,254.15,Solan,Himachal Pradesh,Credit Card
ORD_01603,CUST_0480,2025-01-03,Programming Book,Books,3,899,0.05,2562.15,Ludhiana,Punjab,Credit Card
ORD_01604,CUST_0582,2024-11-10,Power Bank,Electronics,1,999,0.05,949.05,Shimla,Himachal Pradesh,UPI
ORD_01605,CUST_0614,2024-09-25,Wireless Headphones,Electronics,3,1999,0.0,5997.0,New Delhi,Delhi,Credit Card
ORD_01606,CUST_0699,2025-10-11,Smart Watch,Electronics,2,2499,0.05,4748.1,New Delhi,Delhi,Debit Card
ORD_01607,CUST_0563,2024-02-11,Body Lotion,Beauty,4,349,0.05,1326.2,New Delhi,Delhi,UPI
ORD_01608,CUST_0738,2024-04-21,Perfume,Beauty,2,999,0.05,1898.1,Shimla,Himachal Pradesh,Credit Card
ORD_01609,CUST_0948,2024-11-12,Jeans,Clothing,2,1299,0.1,2338.2,Chandigarh,Chandigarh,Credit Card
ORD_01610,CUST_0749,2025-01-30,Sneakers,Clothing,2,1999,0.15,3398.3,Sonipat,Haryana,Cash on Delivery
ORD_01611,CUST_0926,2024-06-20,Programming Book,Books,2,899,0.05,1708.1,Ludhiana,Punjab,Credit Card
ORD_01612,CUST_0026,2024-02-03,Programming Book,Books,4,899,0.2,2876.8,Faridabad,Haryana,Debit Card
ORD_01613,CUST_0875,2025-10-16,Jeans,Clothing,2,1299,0.2,2078.4,Patiala,Punjab,Credit Card
ORD_01614,CUST_0864,2025-12-04,Coffee Maker,Home,3,2499,0.15,6372.45,Chandigarh,Chandigarh,Cash on Delivery
ORD_01615,CUST_0016,2025-03-22,Jeans,Clothing,1,1299,0.2,1039.2,Sonipat,Haryana,Debit Card
ORD_01616,CUST_0413,2025-10-25,Self Help Book,Books,2,599,0.1,1078.2,Faridabad,Haryana,Cash on Delivery
ORD_01617,CUST_0151,2025-08-30,Wireless Headphones,Electronics,1,1999,0.05,1899.05,Solan,Himachal Pradesh,Debit Card
ORD_01618,CUST_0705,2024-04-27,T-Shirt,Clothing,1,599,0.1,539.1,Solan,Himachal Pradesh,Cash on Delivery
ORD_01619,CUST_0755,2024-10-03,Exam Guide,Books,4,699,0.0,2796.0,Faridabad,Haryana,Cash on Delivery
ORD_01620,CUST_0623,2024-09-07,Novel,Books,4,499,0.05,1896.2,Chandigarh,Chandigarh,Credit Card
ORD_01621,CUST_0120,2025-10-24,Body Lotion,Beauty,3,349,0.0,1047.0,Faridabad,Haryana,UPI
ORD_01622,CUST_0365,2024-09-03,Smart Watch,Electronics,1,2499,0.05,2374.05,Sonipat,Haryana,Cash on Delivery
ORD_01623,CUST_0615,2024-03-02,Storage Box,Home,1,499,0.1,449.1,Chandigarh,Chandigarh,Debit Card
ORD_01624,CUST_0955,2025-04-22,Body Lotion,Beauty,2,349,0.05,663.1,Ludhiana,Punjab,UPI
ORD_01625,CUST_0160,2025-01-02,Smart Watch,Electronics,1,2499,0.1,2249.1,New Delhi,Delhi,Credit Card
ORD_01626,CUST_0760,2025-11-30,Face Wash,Beauty,1,299,0.1,269.1,Chandigarh,Chandigarh,Credit Card
ORD_01627,CUST_0174,2024-08-29,Face Wash,Beauty,3,299,0.1,807.3,Shimla,Himachal Pradesh,Credit Card
ORD_01628,CUST_0360,2025-01-04,Shampoo,Beauty,2,399,0.1,718.2,Solan,Himachal Pradesh,Credit Card
ORD_01629,CUST_0899,2024-08-23,Wireless Headphones,Electronics,1,1999,0.15,1699.15,Panipat,Haryana,Cash on Delivery
ORD_01630,CUST_0353,2025-11-12,Face Wash,Beauty,4,299,0.0,1196.0,Shimla,Himachal Pradesh,UPI
ORD_01631,CUST_0124,2025-04-06,Programming Book,Books,1,899,0.0,899.0,New Delhi,Delhi,Credit Card
ORD_01632,CUST_0040,2025-04-09,Power Bank,Electronics,3,999,0.15,2547.45,New Delhi,Delhi,Debit Card
ORD_01633,CUST_0328,2024-01-24,Wireless Headphones,Electronics,1,1999,0.05,1899.05,Chandigarh,Chandigarh,Credit Card
ORD_01634,CUST_0491,2025-12-30,Wireless Headphones,Electronics,4,1999,0.0,7996.0,New Delhi,Delhi,Cash on Delivery
ORD_01635,CUST_0136,2025-02-18,Exam Guide,Books,3,699,0.05,1992.15,Mohali,Punjab,Credit Card
ORD_01636,CUST_0209,2025-06-08,T-Shirt,Clothing,2,599,0.2,958.4,Shimla,Himachal Pradesh,UPI
ORD_01637,CUST_0769,2025-11-22,Power Bank,Electronics,3,999,0.05,2847.15,Faridabad,Haryana,UPI
ORD_01638,CUST_0638,2024-06-24,Storage Box,Home,4,499,0.1,1796.4,New Delhi,Delhi,Credit Card
ORD_01639,CUST_0993,2025-02-01,Hoodie,Clothing,3,999,0.05,2847.15,New Delhi,Delhi,UPI
ORD_01640,CUST_0501,2025-04-04,Hoodie,Clothing,2,999,0.2,1598.4,Solan,Himachal Pradesh,UPI
ORD_01641,CUST_0929,2025-04-03,Exam Guide,Books,3,699,0.1,1887.3,New Delhi,Delhi,Debit Card
ORD_01642,CUST_0838,2024-07-14,Exam Guide,Books,2,699,0.1,1258.2,Patiala,Punjab,Cash on Delivery
ORD_01643,CUST_0932,2025-08-04,Coffee Maker,Home,3,2499,0.05,7122.15,Chandigarh,Chandigarh,Debit Card
ORD_01644,CUST_0809,2024-06-04,Smart Watch,Electronics,3,2499,0.0,7497.0,New Delhi,Delhi,Credit Card
ORD_01645,CUST_0472,2025-01-14,Storage Box,Home,2,499,0.1,898.2,New Delhi,Delhi,UPI
ORD_01646,CUST_0236,2024-08-01,T-Shirt,Clothing,2,599,0.1,1078.2,Chandigarh,Chandigarh,UPI
ORD_01647,CUST_0494,2025-07-02,Hoodie,Clothing,4,999,0.0,3996.0,Solan,Himachal Pradesh,UPI
ORD_01648,CUST_0347,2025-09-27,Perfume,Beauty,3,999,0.0,2997.0,Shimla,Himachal Pradesh,Credit Card
ORD_01649,CUST_0115,2025-12-29,Sneakers,Clothing,2,1999,0.0,3998.0,Chandigarh,Chandigarh,Debit Card
ORD_01650,CUST_0733,2024-05-07,Coffee Maker,Home,2,2499,0.1,4498.2,New Delhi,Delhi,Debit Card
ORD_01651,CUST_0688,2024-02-19,Novel,Books,4,499,0.05,1896.2,Faridabad,Haryana,UPI
ORD_01652,CUST_0391,2025-07-13,Exam Guide,Books,1,699,0.2,559.2,Ludhiana,Punjab,Cash on Delivery
ORD_01653,CUST_0838,2024-11-13,Exam Guide,Books,2,699,0.15,1188.3,Amritsar,Punjab,Credit Card
ORD_01654,CUST_0233,2025-07-21,Face Wash,Beauty,2,299,0.1,538.2,Gurugram,Haryana,Cash on Delivery
ORD_01655,CUST_0114,2024-10-03,Novel,Books,2,499,0.05,948.1,Patiala,Punjab,UPI
ORD_01656,CUST_0326,2025-07-01,Storage Box,Home,4,499,0.0,1996.0,Ludhiana,Punjab,UPI
ORD_01657,CUST_0027,2024-04-05,Storage Box,Home,4,499,0.1,1796.4,Panipat,Haryana,Cash on Delivery
ORD_01658,CUST_0278,2024-10-19,Bluetooth Speaker,Electronics,3,1599,0.05,4557.15,New Delhi,Delhi,UPI
ORD_01659,CUST_0921,2024-12-02,Sneakers,Clothing,4,1999,0.0,7996.0,New Delhi,Delhi,UPI
ORD_01660,CUST_0539,2024-01-05,Shampoo,Beauty,3,399,0.15,1017.45,Gurugram,Haryana,Debit Card
ORD_01661,CUST_0118,2024-11-01,Power Bank,Electronics,2,999,0.15,1698.3,Ludhiana,Punjab,Debit Card
ORD_01662,CUST_0285,2025-03-19,Wireless Headphones,Electronics,1,1999,0.1,1799.1,Solan,Himachal Pradesh,Credit Card
ORD_01663,CUST_0070,2025-08-23,Storage Box,Home,4,499,0.1,1796.4,Amritsar,Punjab,Debit Card
ORD_01664,CUST_0218,2024-02-26,Coffee Maker,Home,4,2499,0.15,8496.6,Solan,Himachal Pradesh,Cash on Delivery
ORD_01665,CUST_0051,2024-09-13,Bedsheet,Home,4,999,0.15,3396.6,Faridabad,Haryana,UPI
ORD_01666,CUST_0442,2025-12-23,Power Bank,Electronics,3,999,0.0,2997.0,Mohali,Punjab,UPI
ORD_01667,CUST_0664,2024-03-06,Perfume,Beauty,3,999,0.15,2547.45,Solan,Himachal Pradesh,Credit Card
ORD_01668,CUST_0096,2024-04-13,Perfume,Beauty,3,999,0.0,2997.0,Solan,Himachal Pradesh,Cash on Delivery
ORD_01669,CUST_0975,2024-07-28,Sneakers,Clothing,3,1999,0.1,5397.3,Solan,Himachal Pradesh,Debit Card
ORD_01670,CUST_0049,2025-12-11,Coffee Maker,Home,1,2499,0.1,2249.1,Gurugram,Haryana,Cash on Delivery
ORD_01671,CUST_0519,2024-07-31,Table Lamp,Home,2,799,0.05,1518.1,Solan,Himachal Pradesh,UPI
ORD_01672,CUST_0863,2024-09-05,Bluetooth Speaker,Electronics,4,1599,0.05,6076.2,New Delhi,Delhi,Credit Card
ORD_01673,CUST_0881,2025-03-01,Perfume,Beauty,3,999,0.0,2997.0,New Delhi,Delhi,Debit Card
ORD_01674,CUST_0771,2025-03-08,Body Lotion,Beauty,1,349,0.05,331.55,Patiala,Punjab,Cash on Delivery
ORD_01675,CUST_0309,2025-07-14,Face Wash,Beauty,2,299,0.1,538.2,Gurugram,Haryana,UPI
ORD_01676,CUST_0560,2025-08-28,Novel,Books,3,499,0.15,1272.45,Shimla,Himachal Pradesh,UPI
ORD_01677,CUST_0312,2025-02-17,Hoodie,Clothing,4,999,0.05,3796.2,Patiala,Punjab,Cash on Delivery
ORD_01678,CUST_0571,2025-01-23,Exam Guide,Books,4,699,0.05,2656.2,Faridabad,Haryana,Debit Card
ORD_01679,CUST_0427,2025-01-02,Wireless Headphones,Electronics,3,1999,0.2,4797.6,Solan,Himachal Pradesh,UPI
ORD_01680,CUST_0852,2024-01-06,Shampoo,Beauty,2,399,0.1,718.2,Gurugram,Haryana,Credit Card
ORD_01681,CUST_0944,2024-06-08,Face Wash,Beauty,3,299,0.1,807.3,Panipat,Haryana,UPI
ORD_01682,CUST_0526,2024-08-01,Face Wash,Beauty,4,299,0.15,1016.6,New Delhi,Delhi,Cash on Delivery
ORD_01683,CUST_0956,2024-01-21,Exam Guide,Books,2,699,0.05,1328.1,New Delhi,Delhi,UPI
ORD_01684,CUST_0289,2024-05-11,Jeans,Clothing,2,1299,0.0,2598.0,Chandigarh,Chandigarh,Credit Card
ORD_01685,CUST_0132,2024-01-04,Wireless Headphones,Electronics,2,1999,0.2,3198.4,Shimla,Himachal Pradesh,UPI
ORD_01686,CUST_0535,2025-05-17,Exam Guide,Books,4,699,0.15,2376.6,Chandigarh,Chandigarh,Credit Card
ORD_01687,CUST_0107,2024-09-21,Exam Guide,Books,3,699,0.15,1782.45,Sonipat,Haryana,Credit Card
ORD_01688,CUST_0175,2024-06-11,Storage Box,Home,4,499,0.1,1796.4,Mohali,Punjab,Debit Card
ORD_01689,CUST_0500,2024-08-26,Exam Guide,Books,4,699,0.1,2516.4,Shimla,Himachal Pradesh,Credit Card
ORD_01690,CUST_0220,2025-01-20,Bedsheet,Home,1,999,0.1,899.1,New Delhi,Delhi,Debit Card
ORD_01691,CUST_0118,2025-07-19,Exam Guide,Books,1,699,0.0,699.0,Chandigarh,Chandigarh,UPI
ORD_01692,CUST_0165,2025-11-13,T-Shirt,Clothing,2,599,0.1,1078.2,Solan,Himachal Pradesh,Debit Card
ORD_01693,CUST_0082,2025-06-05,Wireless Headphones,Electronics,1,1999,0.0,1999.0,Solan,Himachal Pradesh,Credit Card
ORD_01694,CUST_0465,2024-12-24,Shampoo,Beauty,1,399,0.1,359.1,New Delhi,Delhi,Credit Card
ORD_01695,CUST_0053,2024-06-04,Sneakers,Clothing,1,1999,0.15,1699.15,Sonipat,Haryana,UPI
ORD_01696,CUST_0569,2025-05-07,Hoodie,Clothing,2,999,0.2,1598.4,Shimla,Himachal Pradesh,Debit Card
ORD_01697,CUST_0944,2024-10-30,Bluetooth Speaker,Electronics,3,1599,0.1,4317.3,New Delhi,Delhi,UPI
ORD_01698,CUST_0979,2025-11-14,Perfume,Beauty,3,999,0.05,2847.15,Faridabad,Haryana,Debit Card
ORD_01699,CUST_0389,2024-02-16,Jeans,Clothing,4,1299,0.2,4156.8,Ludhiana,Punjab,Debit Card
ORD_01700,CUST_0146,2024-04-02,Jeans,Clothing,2,1299,0.1,2338.2,Mohali,Punjab,Cash on Delivery
ORD_01701,CUST_0094,2025-08-13,T-Shirt,Clothing,2,599,0.1,1078.2,Chandigarh,Chandigarh,Cash on Delivery
ORD_01702,CUST_0159,2025-04-18,Face Wash,Beauty,2,299,0.05,568.1,Mohali,Punjab,Credit Card
ORD_01703,CUST_0356,2025-06-06,Bluetooth Speaker,Electronics,3,1599,0.05,4557.15,Sonipat,Haryana,Debit Card
ORD_01704,CUST_0684,2024-01-10,Jeans,Clothing,3,1299,0.1,3507.3,New Delhi,Delhi,Credit Card
ORD_01705,CUST_0574,2024-06-19,Exam Guide,Books,2,699,0.05,1328.1,Shimla,Himachal Pradesh,Credit Card
ORD_01706,CUST_0826,2025-02-11,Perfume,Beauty,3,999,0.05,2847.15,Solan,Himachal Pradesh,Credit Card
ORD_01707,CUST_0680,2024-12-31,T-Shirt,Clothing,2,599,0.05,1138.1,Sonipat,Haryana,Credit Card
ORD_01708,CUST_0906,2025-09-21,Table Lamp,Home,4,799,0.0,3196.0,Gurugram,Haryana,UPI
ORD_01709,CUST_0937,2025-07-17,Self Help Book,Books,2,599,0.0,1198.0,Gurugram,Haryana,Credit Card
ORD_01710,CUST_0008,2025-01-09,Wireless Headphones,Electronics,4,1999,0.05,7596.2,New Delhi,Delhi,Debit Card
ORD_01711,CUST_0193,2025-02-25,T-Shirt,Clothing,1,599,0.1,539.1,Sonipat,Haryana,Cash on Delivery
ORD_01712,CUST_0551,2025-11-18,Face Wash,Beauty,2,299,0.0,598.0,Patiala,Punjab,UPI
ORD_01713,CUST_0899,2024-12-02,Coffee Maker,Home,2,2499,0.05,4748.1,New Delhi,Delhi,Cash on Delivery
ORD_01714,CUST_0173,2024-03-06,Storage Box,Home,1,499,0.1,449.1,New Delhi,Delhi,UPI
ORD_01715,CUST_0599,2025-12-17,Hoodie,Clothing,1,999,0.2,799.2,Gurugram,Haryana,Cash on Delivery
ORD_01716,CUST_0178,2024-07-20,Storage Box,Home,4,499,0.1,1796.4,Faridabad,Haryana,Debit Card
ORD_01717,CUST_0774,2025-01-03,T-Shirt,Clothing,3,599,0.15,1527.45,Shimla,Himachal Pradesh,UPI
ORD_01718,CUST_0053,2025-05-08,Self Help Book,Books,1,599,0.0,599.0,Gurugram,Haryana,UPI
ORD_01719,CUST_0280,2024-10-21,Hoodie,Clothing,2,999,0.2,1598.4,Gurugram,Haryana,Credit Card
ORD_01720,CUST_0518,2024-08-20,Novel,Books,2,499,0.15,848.3,Mohali,Punjab,Credit Card
ORD_01721,CUST_0941,2025-08-27,Body Lotion,Beauty,1,349,0.1,314.1,New Delhi,Delhi,Debit Card
ORD_01722,CUST_0454,2025-04-14,Self Help Book,Books,1,599,0.1,539.1,Solan,Himachal Pradesh,Cash on Delivery
ORD_01723,CUST_0130,2025-07-15,Shampoo,Beauty,3,399,0.1,1077.3,Shimla,Himachal Pradesh,Cash on Delivery
ORD_01724,CUST_0505,2024-08-11,Perfume,Beauty,1,999,0.2,799.2,New Delhi,Delhi,UPI
ORD_01725,CUST_0602,2025-03-06,Bluetooth Speaker,Electronics,2,1599,0.1,2878.2,Panipat,Haryana,UPI
ORD_01726,CUST_0410,2025-05-09,Coffee Maker,Home,4,2499,0.1,8996.4,Ludhiana,Punjab,UPI
ORD_01727,CUST_0628,2024-05-21,Perfume,Beauty,3,999,0.2,2397.6,Chandigarh,Chandigarh,UPI
ORD_01728,CUST_0238,2025-08-20,Sneakers,Clothing,1,1999,0.0,1999.0,Patiala,Punjab,Credit Card
ORD_01729,CUST_0640,2024-11-02,T-Shirt,Clothing,2,599,0.05,1138.1,Chandigarh,Chandigarh,Debit Card
ORD_01730,CUST_0356,2024-10-11,Bluetooth Speaker,Electronics,4,1599,0.15,5436.6,Panipat,Haryana,Cash on Delivery
ORD_01731,CUST_0773,2025-06-21,Programming Book,Books,4,899,0.15,3056.6,Chandigarh,Chandigarh,Cash on Delivery
ORD_01732,CUST_0780,2024-10-01,Coffee Maker,Home,3,2499,0.05,7122.15,Faridabad,Haryana,Debit Card
ORD_01733,CUST_0683,2025-08-06,Novel,Books,3,499,0.05,1422.15,Chandigarh,Chandigarh,Cash on Delivery
ORD_01734,CUST_0172,2024-06-30,Wireless Headphones,Electronics,4,1999,0.1,7196.4,Shimla,Himachal Pradesh,Debit Card
ORD_01735,CUST_0332,2025-09-25,Programming Book,Books,4,899,0.05,3416.2,Chandigarh,Chandigarh,Debit Card
ORD_01736,CUST_0196,2025-06-12,Body Lotion,Beauty,2,349,0.0,698.0,Patiala,Punjab,UPI
ORD_01737,CUST_0201,2025-07-06,Coffee Maker,Home,1,2499,0.2,1999.2,Gurugram,Haryana,Debit Card
ORD_01738,CUST_0520,2025-05-12,Exam Guide,Books,3,699,0.0,2097.0,Ludhiana,Punjab,Credit Card
ORD_01739,CUST_0825,2025-02-18,Self Help Book,Books,4,599,0.15,2036.6,Faridabad,Haryana,Credit Card
ORD_01740,CUST_0103,2024-07-27,Face Wash,Beauty,4,299,0.1,1076.4,Solan,Himachal Pradesh,UPI
ORD_01741,CUST_0826,2024-04-14,Face Wash,Beauty,1,299,0.1,269.1,Chandigarh,Chandigarh,UPI
ORD_01742,CUST_0027,2024-10-27,Wireless Headphones,Electronics,1,1999,0.05,1899.05,Faridabad,Haryana,UPI
ORD_01743,CUST_0265,2024-09-17,Shampoo,Beauty,4,399,0.2,1276.8,New Delhi,Delhi,Cash on Delivery
ORD_01744,CUST_0321,2025-04-06,Smart Watch,Electronics,4,2499,0.0,9996.0,Amritsar,Punjab,UPI
ORD_01745,CUST_0202,2025-12-08,Coffee Maker,Home,3,2499,0.1,6747.3,Gurugram,Haryana,UPI
ORD_01746,CUST_0932,2024-04-15,Sneakers,Clothing,4,1999,0.15,6796.6,Shimla,Himachal Pradesh,Debit Card
ORD_01747,CUST_0716,2024-08-15,Bluetooth Speaker,Electronics,2,1599,0.05,3038.1,Solan,Himachal Pradesh,UPI
ORD_01748,CUST_0894,2025-03-17,Table Lamp,Home,4,799,0.15,2716.6,Chandigarh,Chandigarh,UPI
ORD_01749,CUST_0016,2024-04-12,Power Bank,Electronics,2,999,0.05,1898.1,Chandigarh,Chandigarh,UPI
ORD_01750,CUST_0517,2024-09-25,Jeans,Clothing,1,1299,0.0,1299.0,Amritsar,Punjab,Debit Card
ORD_01751,CUST_0086,2025-09-09,Coffee Maker,Home,2,2499,0.05,4748.1,Shimla,Himachal Pradesh,Cash on Delivery
ORD_01752,CUST_0316,2025-11-25,Wireless Headphones,Electronics,1,1999,0.0,1999.0,New Delhi,Delhi,UPI
ORD_01753,CUST_0732,2024-03-11,Smart Watch,Electronics,2,2499,0.0,4998.0,Solan,Himachal Pradesh,Credit Card
ORD_01754,CUST_0456,2025-05-19,Self Help Book,Books,2,599,0.05,1138.1,Amritsar,Punjab,UPI
ORD_01755,CUST_0774,2024-02-06,Shampoo,Beauty,2,399,0.1,718.2,Solan,Himachal Pradesh,Debit Card
ORD_01756,CUST_0333,2025-06-13,Exam Guide,Books,3,699,0.05,1992.15,Ludhiana,Punjab,Credit Card
ORD_01757,CUST_0288,2025-04-03,Sneakers,Clothing,1,1999,0.05,1899.05,Amritsar,Punjab,Credit Card
ORD_01758,CUST_0158,2025-12-26,Power Bank,Electronics,2,999,0.1,1798.2,Solan,Himachal Pradesh,Cash on Delivery
ORD_01759,CUST_0691,2024-03-03,Programming Book,Books,3,899,0.15,2292.45,Solan,Himachal Pradesh,Credit Card
ORD_01760,CUST_0952,2025-11-22,Hoodie,Clothing,4,999,0.1,3596.4,Solan,Himachal Pradesh,UPI
ORD_01761,CUST_0905,2024-06-12,Sneakers,Clothing,1,1999,0.0,1999.0,Ludhiana,Punjab,Credit Card
ORD_01762,CUST_0307,2025-07-22,Face Wash,Beauty,2,299,0.2,478.4,Chandigarh,Chandigarh,Cash on Delivery
ORD_01763,CUST_0830,2025-04-08,Perfume,Beauty,4,999,0.0,3996.0,New Delhi,Delhi,Credit Card
ORD_01764,CUST_0249,2024-09-29,Jeans,Clothing,2,1299,0.0,2598.0,Chandigarh,Chandigarh,Debit Card
ORD_01765,CUST_0015,2024-04-22,Sneakers,Clothing,4,1999,0.1,7196.4,Patiala,Punjab,UPI
ORD_01766,CUST_0186,2025-09-14,Coffee Maker,Home,4,2499,0.05,9496.2,Patiala,Punjab,Cash on Delivery
ORD_01767,CUST_0927,2024-05-07,Perfume,Beauty,1,999,0.0,999.0,Gurugram,Haryana,Cash on Delivery
ORD_01768,CUST_0767,2024-02-08,Jeans,Clothing,1,1299,0.1,1169.1,Solan,Himachal Pradesh,UPI
ORD_01769,CUST_0908,2024-09-25,Exam Guide,Books,4,699,0.15,2376.6,Chandigarh,Chandigarh,Debit Card
ORD_01770,CUST_0312,2025-01-20,Exam Guide,Books,2,699,0.2,1118.4,Ludhiana,Punjab,Credit Card
ORD_01771,CUST_0410,2025-08-26,Coffee Maker,Home,2,2499,0.05,4748.1,Chandigarh,Chandigarh,Debit Card
ORD_01772,CUST_0890,2024-11-03,T-Shirt,Clothing,3,599,0.1,1617.3,New Delhi,Delhi,UPI
ORD_01773,CUST_0338,2025-02-25,Bluetooth Speaker,Electronics,2,1599,0.15,2718.3,Chandigarh,Chandigarh,Cash on Delivery
ORD_01774,CUST_0629,2025-09-17,Programming Book,Books,3,899,0.0,2697.0,New Delhi,Delhi,Credit Card
ORD_01775,CUST_0939,2025-11-07,Bedsheet,Home,3,999,0.0,2997.0,Chandigarh,Chandigarh,Credit Card
ORD_01776,CUST_0035,2025-04-15,T-Shirt,Clothing,2,599,0.2,958.4,New Delhi,Delhi,Cash on Delivery
ORD_01777,CUST_0792,2024-05-26,Body Lotion,Beauty,4,349,0.05,1326.2,New Delhi,Delhi,Cash on Delivery
ORD_01778,CUST_0687,2025-01-01,Bluetooth Speaker,Electronics,2,1599,0.2,2558.4,Solan,Himachal Pradesh,Cash on Delivery
ORD_01779,CUST_0785,2025-04-29,Smart Watch,Electronics,4,2499,0.1,8996.4,Solan,Himachal Pradesh,Debit Card
ORD_01780,CUST_0183,2025-09-26,Shampoo,Beauty,1,399,0.2,319.2,New Delhi,Delhi,Debit Card
ORD_01781,CUST_0494,2025-08-02,Smart Watch,Electronics,1,2499,0.05,2374.05,Ludhiana,Punjab,Credit Card
ORD_01782,CUST_0132,2024-09-23,Power Bank,Electronics,2,999,0.05,1898.1,New Delhi,Delhi,Cash on Delivery
ORD_01783,CUST_0246,2025-02-13,Novel,Books,2,499,0.05,948.1,New Delhi,Delhi,Cash on Delivery
ORD_01784,CUST_0743,2025-05-25,Perfume,Beauty,3,999,0.1,2697.3,Patiala,Punjab,Debit Card
ORD_01785,CUST_0716,2025-09-12,Coffee Maker,Home,2,2499,0.05,4748.1,Mohali,Punjab,Cash on Delivery
ORD_01786,CUST_0595,2024-01-08,Table Lamp,Home,1,799,0.15,679.15,Shimla,Himachal Pradesh,Cash on Delivery
ORD_01787,CUST_0321,2025-07-08,Bedsheet,Home,2,999,0.1,1798.2,New Delhi,Delhi,Credit Card
ORD_01788,CUST_0200,2024-01-04,Self Help Book,Books,3,599,0.15,1527.45,Amritsar,Punjab,UPI
ORD_01789,CUST_0468,2024-05-31,Table Lamp,Home,3,799,0.05,2277.15,Chandigarh,Chandigarh,Credit Card
ORD_01790,CUST_0378,2025-01-23,Programming Book,Books,4,899,0.15,3056.6,Mohali,Punjab,Cash on Delivery
ORD_01791,CUST_0183,2024-06-21,Programming Book,Books,4,899,0.1,3236.4,Solan,Himachal Pradesh,Credit Card
ORD_01792,CUST_0468,2025-05-17,Exam Guide,Books,2,699,0.15,1188.3,New Delhi,Delhi,UPI
ORD_01793,CUST_0165,2025-03-14,Jeans,Clothing,2,1299,0.05,2468.1,Chandigarh,Chandigarh,Credit Card
ORD_01794,CUST_0795,2024-12-01,Coffee Maker,Home,1,2499,0.2,1999.2,Amritsar,Punjab,Debit Card
ORD_01795,CUST_0024,2025-04-09,Smart Watch,Electronics,4,2499,0.15,8496.6,Chandigarh,Chandigarh,Cash on Delivery
ORD_01796,CUST_0124,2024-04-06,Face Wash,Beauty,3,299,0.15,762.45,Gurugram,Haryana,UPI
ORD_01797,CUST_0497,2025-06-18,Power Bank,Electronics,1,999,0.1,899.1,Faridabad,Haryana,UPI
ORD_01798,CUST_0407,2025-05-09,Smart Watch,Electronics,2,2499,0.05,4748.1,Chandigarh,Chandigarh,Debit Card
ORD_01799,CUST_0105,2025-08-15,Coffee Maker,Home,2,2499,0.0,4998.0,Shimla,Himachal Pradesh,Credit Card
ORD_01800,CUST_0855,2024-08-28,Table Lamp,Home,2,799,0.05,1518.1,Faridabad,Haryana,Credit Card
ORD_01801,CUST_0443,2025-04-08,Exam Guide,Books,4,699,0.0,2796.0,New Delhi,Delhi,Debit Card
ORD_01802,CUST_0751,2024-02-25,Programming Book,Books,4,899,0.15,3056.6,Amritsar,Punjab,Cash on Delivery
ORD_01803,CUST_0583,2024-02-10,Sneakers,Clothing,4,1999,0.1,7196.4,Chandigarh,Chandigarh,Cash on Delivery
ORD_01804,CUST_0260,2025-03-15,Smart Watch,Electronics,4,2499,0.1,8996.4,Sonipat,Haryana,Credit Card
ORD_01805,CUST_0136,2025-08-12,Exam Guide,Books,1,699,0.1,629.1,Chandigarh,Chandigarh,Credit Card
ORD_01806,CUST_0539,2024-10-21,Power Bank,Electronics,4,999,0.05,3796.2,Solan,Himachal Pradesh,Cash on Delivery
ORD_01807,CUST_0052,2025-06-30,Face Wash,Beauty,4,299,0.0,1196.0,Patiala,Punjab,UPI
ORD_01808,CUST_0611,2025-08-17,Face Wash,Beauty,3,299,0.15,762.45,New Delhi,Delhi,Cash on Delivery
ORD_01809,CUST_0895,2025-07-29,Power Bank,Electronics,3,999,0.05,2847.15,Mohali,Punjab,Cash on Delivery
ORD_01810,CUST_0755,2025-12-19,Wireless Headphones,Electronics,1,1999,0.0,1999.0,New Delhi,Delhi,UPI
ORD_01811,CUST_0527,2025-11-10,Hoodie,Clothing,2,999,0.05,1898.1,Gurugram,Haryana,Cash on Delivery
ORD_01812,CUST_0039,2024-08-19,Sneakers,Clothing,1,1999,0.05,1899.05,Chandigarh,Chandigarh,Debit Card
ORD_01813,CUST_0819,2025-06-08,Perfume,Beauty,3,999,0.05,2847.15,Sonipat,Haryana,Cash on Delivery
ORD_01814,CUST_0065,2025-07-08,Shampoo,Beauty,4,399,0.0,1596.0,Chandigarh,Chandigarh,UPI
ORD_01815,CUST_0501,2025-03-10,Self Help Book,Books,3,599,0.0,1797.0,New Delhi,Delhi,Debit Card
ORD_01816,CUST_0616,2024-06-17,Body Lotion,Beauty,2,349,0.05,663.1,New Delhi,Delhi,Cash on Delivery
ORD_01817,CUST_0231,2025-02-25,Novel,Books,4,499,0.2,1596.8,Panipat,Haryana,UPI
ORD_01818,CUST_0062,2024-06-09,Programming Book,Books,1,899,0.05,854.05,Solan,Himachal Pradesh,Debit Card
ORD_01819,CUST_0535,2025-11-15,Hoodie,Clothing,1,999,0.2,799.2,Shimla,Himachal Pradesh,Credit Card
ORD_01820,CUST_0233,2024-04-17,Bluetooth Speaker,Electronics,2,1599,0.0,3198.0,Chandigarh,Chandigarh,Cash on Delivery
ORD_01821,CUST_0725,2024-08-14,Exam Guide,Books,3,699,0.1,1887.3,Chandigarh,Chandigarh,UPI
ORD_01822,CUST_0428,2024-10-07,Table Lamp,Home,2,799,0.05,1518.1,New Delhi,Delhi,Debit Card
ORD_01823,CUST_0428,2025-07-01,T-Shirt,Clothing,3,599,0.05,1707.15,New Delhi,Delhi,Credit Card
ORD_01824,CUST_0921,2024-01-13,Power Bank,Electronics,2,999,0.15,1698.3,Amritsar,Punjab,Credit Card
ORD_01825,CUST_0498,2024-12-27,Novel,Books,4,499,0.0,1996.0,Faridabad,Haryana,UPI
ORD_01826,CUST_0386,2025-06-08,Coffee Maker,Home,3,2499,0.05,7122.15,Patiala,Punjab,UPI
ORD_01827,CUST_0651,2024-04-14,Body Lotion,Beauty,4,349,0.05,1326.2,Panipat,Haryana,Cash on Delivery
ORD_01828,CUST_0446,2025-03-17,Body Lotion,Beauty,2,349,0.15,593.3,Shimla,Himachal Pradesh,Debit Card
ORD_01829,CUST_0028,2025-02-08,Hoodie,Clothing,4,999,0.0,3996.0,Mohali,Punjab,Cash on Delivery
ORD_01830,CUST_0240,2024-01-26,Jeans,Clothing,3,1299,0.05,3702.15,Chandigarh,Chandigarh,UPI
ORD_01831,CUST_0077,2024-01-23,Wireless Headphones,Electronics,4,1999,0.05,7596.2,Chandigarh,Chandigarh,Credit Card
ORD_01832,CUST_0718,2025-03-25,Coffee Maker,Home,2,2499,0.15,4248.3,Shimla,Himachal Pradesh,Debit Card
ORD_01833,CUST_0036,2024-09-27,Power Bank,Electronics,4,999,0.0,3996.0,New Delhi,Delhi,Cash on Delivery
ORD_01834,CUST_0511,2024-11-12,Bedsheet,Home,2,999,0.0,1998.0,Mohali,Punjab,Debit Card
ORD_01835,CUST_0428,2024-01-09,Programming Book,Books,4,899,0.2,2876.8,Patiala,Punjab,Cash on Delivery
ORD_01836,CUST_0561,2024-04-17,Exam Guide,Books,4,699,0.1,2516.4,Shimla,Himachal Pradesh,UPI
ORD_01837,CUST_0023,2025-08-12,Programming Book,Books,1,899,0.05,854.05,Mohali,Punjab,Credit Card
ORD_01838,CUST_0444,2025-04-07,Jeans,Clothing,1,1299,0.0,1299.0,Chandigarh,Chandigarh,UPI
ORD_01839,CUST_0146,2024-04-20,Shampoo,Beauty,1,399,0.0,399.0,Chandigarh,Chandigarh,Debit Card
ORD_01840,CUST_0793,2024-12-08,Jeans,Clothing,2,1299,0.15,2208.3,Panipat,Haryana,UPI
ORD_01841,CUST_0606,2025-09-01,Smart Watch,Electronics,4,2499,0.2,7996.8,Faridabad,Haryana,Credit Card
ORD_01842,CUST_0287,2025-01-13,Sneakers,Clothing,4,1999,0.0,7996.0,Amritsar,Punjab,UPI
ORD_01843,CUST_0643,2025-02-25,Programming Book,Books,2,899,0.05,1708.1,Chandigarh,Chandigarh,Debit Card
ORD_01844,CUST_0478,2025-11-03,Coffee Maker,Home,3,2499,0.15,6372.45,Sonipat,Haryana,Cash on Delivery
ORD_01845,CUST_0462,2024-04-01,Shampoo,Beauty,4,399,0.1,1436.4,Mohali,Punjab,UPI
ORD_01846,CUST_0895,2025-06-09,Body Lotion,Beauty,3,349,0.05,994.65,Sonipat,Haryana,Cash on Delivery
ORD_01847,CUST_0666,2025-06-05,Storage Box,Home,2,499,0.15,848.3,Ludhiana,Punjab,UPI
ORD_01848,CUST_0015,2024-07-31,Storage Box,Home,2,499,0.0,998.0,Chandigarh,Chandigarh,Cash on Delivery
ORD_01849,CUST_0992,2024-05-28,Self Help Book,Books,1,599,0.15,509.15,Chandigarh,Chandigarh,Cash on Delivery
ORD_01850,CUST_0226,2024-05-31,Hoodie,Clothing,1,999,0.05,949.05,Mohali,Punjab,Cash on Delivery
ORD_01851,CUST_0697,2024-12-16,Coffee Maker,Home,1,2499,0.2,1999.2,Gurugram,Haryana,Cash on Delivery
ORD_01852,CUST_0598,2024-06-23,Bedsheet,Home,4,999,0.0,3996.0,Chandigarh,Chandigarh,UPI
ORD_01853,CUST_0621,2024-02-05,Power Bank,Electronics,4,999,0.2,3196.8,Solan,Himachal Pradesh,Cash on Delivery
ORD_01854,CUST_0154,2025-07-03,Body Lotion,Beauty,2,349,0.0,698.0,New Delhi,Delhi,Cash on Delivery
ORD_01855,CUST_0202,2025-05-14,Novel,Books,2,499,0.15,848.3,New Delhi,Delhi,Debit Card
ORD_01856,CUST_0871,2024-05-02,Sneakers,Clothing,1,1999,0.05,1899.05,Solan,Himachal Pradesh,UPI
ORD_01857,CUST_0974,2025-01-10,Table Lamp,Home,2,799,0.1,1438.2,New Delhi,Delhi,Debit Card
ORD_01858,CUST_0538,2025-09-25,Storage Box,Home,3,499,0.15,1272.45,New Delhi,Delhi,Cash on Delivery
ORD_01859,CUST_0262,2025-04-17,Sneakers,Clothing,4,1999,0.05,7596.2,Ludhiana,Punjab,UPI
ORD_01860,CUST_0854,2025-02-26,Sneakers,Clothing,3,1999,0.05,5697.15,Mohali,Punjab,Credit Card
ORD_01861,CUST_0586,2025-09-05,Jeans,Clothing,1,1299,0.0,1299.0,Patiala,Punjab,UPI
ORD_01862,CUST_0191,2024-06-15,Novel,Books,2,499,0.0,998.0,New Delhi,Delhi,Debit Card
ORD_01863,CUST_0111,2025-07-15,Power Bank,Electronics,3,999,0.0,2997.0,Ludhiana,Punjab,Credit Card
ORD_01864,CUST_0819,2025-03-07,Bedsheet,Home,1,999,0.05,949.05,Chandigarh,Chandigarh,UPI
ORD_01865,CUST_0147,2025-11-13,Bluetooth Speaker,Electronics,3,1599,0.15,4077.45,Solan,Himachal Pradesh,UPI
ORD_01866,CUST_0875,2024-01-13,Sneakers,Clothing,2,1999,0.15,3398.3,Panipat,Haryana,Credit Card
ORD_01867,CUST_0051,2024-01-03,Face Wash,Beauty,4,299,0.1,1076.4,New Delhi,Delhi,Debit Card
ORD_01868,CUST_0506,2024-02-28,T-Shirt,Clothing,2,599,0.05,1138.1,Amritsar,Punjab,Debit Card
ORD_01869,CUST_0822,2024-11-24,Wireless Headphones,Electronics,3,1999,0.0,5997.0,Shimla,Himachal Pradesh,Credit Card
ORD_01870,CUST_0567,2024-11-06,Exam Guide,Books,3,699,0.05,1992.15,Mohali,Punjab,UPI
ORD_01871,CUST_0575,2025-07-30,Novel,Books,3,499,0.1,1347.3,Solan,Himachal Pradesh,UPI
ORD_01872,CUST_0236,2025-10-07,Face Wash,Beauty,2,299,0.2,478.4,New Delhi,Delhi,Credit Card
ORD_01873,CUST_0196,2024-04-08,Table Lamp,Home,4,799,0.15,2716.6,New Delhi,Delhi,Credit Card
ORD_01874,CUST_0012,2025-07-25,Table Lamp,Home,2,799,0.0,1598.0,Faridabad,Haryana,UPI
ORD_01875,CUST_0112,2024-05-25,Face Wash,Beauty,1,299,0.0,299.0,Ludhiana,Punjab,UPI
ORD_01876,CUST_0316,2025-04-12,Body Lotion,Beauty,4,349,0.1,1256.4,Patiala,Punjab,Credit Card
ORD_01877,CUST_0771,2025-05-07,Self Help Book,Books,1,599,0.05,569.05,Chandigarh,Chandigarh,Debit Card
ORD_01878,CUST_0830,2025-05-17,Coffee Maker,Home,3,2499,0.0,7497.0,New Delhi,Delhi,Credit Card
ORD_01879,CUST_0802,2024-05-27,Power Bank,Electronics,3,999,0.2,2397.6,New Delhi,Delhi,Debit Card
ORD_01880,CUST_0186,2025-12-03,Novel,Books,1,499,0.1,449.1,Solan,Himachal Pradesh,Credit Card
ORD_01881,CUST_0784,2025-09-01,Jeans,Clothing,2,1299,0.05,2468.1,Chandigarh,Chandigarh,UPI
ORD_01882,CUST_0312,2024-02-17,Storage Box,Home,4,499,0.2,1596.8,Chandigarh,Chandigarh,Debit Card
ORD_01883,CUST_0161,2024-02-21,Body Lotion,Beauty,4,349,0.05,1326.2,Shimla,Himachal Pradesh,Credit Card
ORD_01884,CUST_0812,2025-04-22,Wireless Headphones,Electronics,2,1999,0.0,3998.0,Chandigarh,Chandigarh,Debit Card
ORD_01885,CUST_0357,2024-01-13,Bedsheet,Home,1,999,0.05,949.05,New Delhi,Delhi,Credit Card
ORD_01886,CUST_0732,2025-05-04,Perfume,Beauty,2,999,0.0,1998.0,Sonipat,Haryana,Credit Card
ORD_01887,CUST_0705,2024-02-12,Programming Book,Books,3,899,0.2,2157.6,Shimla,Himachal Pradesh,Credit Card
ORD_01888,CUST_0822,2025-09-04,Self Help Book,Books,3,599,0.05,1707.15,Shimla,Himachal Pradesh,Cash on Delivery
ORD_01889,CUST_0820,2025-06-13,Power Bank,Electronics,4,999,0.15,3396.6,Ludhiana,Punjab,Cash on Delivery
ORD_01890,CUST_0078,2024-09-27,Sneakers,Clothing,4,1999,0.2,6396.8,Sonipat,Haryana,Cash on Delivery
ORD_01891,CUST_0854,2025-04-07,Shampoo,Beauty,4,399,0.1,1436.4,Solan,Himachal Pradesh,UPI
ORD_01892,CUST_0258,2025-10-28,Perfume,Beauty,1,999,0.05,949.05,Amritsar,Punjab,Debit Card
ORD_01893,CUST_0043,2025-03-16,Smart Watch,Electronics,1,2499,0.05,2374.05,Faridabad,Haryana,Credit Card
ORD_01894,CUST_0850,2024-06-15,Power Bank,Electronics,3,999,0.05,2847.15,New Delhi,Delhi,Credit Card
ORD_01895,CUST_0751,2025-11-22,Bluetooth Speaker,Electronics,4,1599,0.05,6076.2,Chandigarh,Chandigarh,Cash on Delivery
ORD_01896,CUST_0719,2024-12-11,Sneakers,Clothing,2,1999,0.1,3598.2,Panipat,Haryana,UPI
ORD_01897,CUST_0245,2025-08-05,Sneakers,Clothing,1,1999,0.05,1899.05,Faridabad,Haryana,Credit Card
ORD_01898,CUST_0009,2025-08-18,Bluetooth Speaker,Electronics,4,1599,0.0,6396.0,New Delhi,Delhi,Cash on Delivery
ORD_01899,CUST_0775,2024-10-22,Body Lotion,Beauty,3,349,0.1,942.3,Patiala,Punjab,Debit Card
ORD_01900,CUST_0909,2024-03-02,Wireless Headphones,Electronics,4,1999,0.05,7596.2,Patiala,Punjab,Credit Card
ORD_01901,CUST_0728,2025-12-06,Shampoo,Beauty,4,399,0.0,1596.0,New Delhi,Delhi,Credit Card
ORD_01902,CUST_0304,2025-02-15,Novel,Books,4,499,0.2,1596.8,Amritsar,Punjab,Credit Card
ORD_01903,CUST_0036,2024-02-17,Hoodie,Clothing,1,999,0.05,949.05,Shimla,Himachal Pradesh,Debit Card
ORD_01904,CUST_0366,2025-03-06,Hoodie,Clothing,1,999,0.0,999.0,New Delhi,Delhi,UPI
ORD_01905,CUST_0230,2025-08-12,Jeans,Clothing,1,1299,0.2,1039.2,Amritsar,Punjab,Cash on Delivery
ORD_01906,CUST_0751,2024-07-07,Jeans,Clothing,2,1299,0.0,2598.0,Chandigarh,Chandigarh,Credit Card
ORD_01907,CUST_0010,2025-07-05,Storage Box,Home,2,499,0.0,998.0,Ludhiana,Punjab,UPI
ORD_01908,CUST_0964,2025-02-10,Power Bank,Electronics,1,999,0.1,899.1,New Delhi,Delhi,Credit Card
ORD_01909,CUST_0857,2025-10-12,Bluetooth Speaker,Electronics,1,1599,0.15,1359.15,Chandigarh,Chandigarh,Debit Card
ORD_01910,CUST_0529,2024-11-07,Novel,Books,2,499,0.1,898.2,Solan,Himachal Pradesh,Debit Card
ORD_01911,CUST_0198,2024-05-28,Perfume,Beauty,3,999,0.0,2997.0,Amritsar,Punjab,Credit Card
ORD_01912,CUST_0042,2025-03-24,Jeans,Clothing,4,1299,0.1,4676.4,Mohali,Punjab,Credit Card
ORD_01913,CUST_0437,2024-09-29,Programming Book,Books,3,899,0.05,2562.15,Shimla,Himachal Pradesh,UPI
ORD_01914,CUST_0104,2024-03-21,Novel,Books,3,499,0.05,1422.15,Patiala,Punjab,UPI
ORD_01915,CUST_0838,2024-08-27,Jeans,Clothing,3,1299,0.2,3117.6,Shimla,Himachal Pradesh,Debit Card
ORD_01916,CUST_0204,2024-05-22,Bedsheet,Home,4,999,0.0,3996.0,Solan,Himachal Pradesh,Cash on Delivery
ORD_01917,CUST_0845,2024-03-04,Shampoo,Beauty,2,399,0.2,638.4,Shimla,Himachal Pradesh,UPI
ORD_01918,CUST_0459,2025-11-16,Table Lamp,Home,2,799,0.0,1598.0,Amritsar,Punjab,Debit Card
ORD_01919,CUST_0021,2025-07-26,Jeans,Clothing,1,1299,0.15,1104.15,Solan,Himachal Pradesh,Debit Card
ORD_01920,CUST_0641,2024-06-30,Programming Book,Books,1,899,0.1,809.1,Chandigarh,Chandigarh,Credit Card
ORD_01921,CUST_0773,2024-06-08,Smart Watch,Electronics,2,2499,0.05,4748.1,New Delhi,Delhi,Credit Card
ORD_01922,CUST_0495,2024-12-01,Hoodie,Clothing,4,999,0.0,3996.0,New Delhi,Delhi,Credit Card
ORD_01923,CUST_0308,2025-11-05,Self Help Book,Books,2,599,0.05,1138.1,Solan,Himachal Pradesh,Debit Card
ORD_01924,CUST_0715,2024-07-10,Coffee Maker,Home,1,2499,0.1,2249.1,Chandigarh,Chandigarh,Credit Card
ORD_01925,CUST_0994,2024-05-01,Shampoo,Beauty,3,399,0.2,957.6,Amritsar,Punjab,Credit Card
ORD_01926,CUST_0870,2025-07-06,Power Bank,Electronics,1,999,0.2,799.2,Shimla,Himachal Pradesh,Credit Card
ORD_01927,CUST_0127,2025-05-12,Self Help Book,Books,3,599,0.2,1437.6,Ludhiana,Punjab,Debit Card
ORD_01928,CUST_0398,2024-12-25,Self Help Book,Books,4,599,0.0,2396.0,Amritsar,Punjab,Credit Card
ORD_01929,CUST_0241,2025-08-14,Table Lamp,Home,2,799,0.0,1598.0,Panipat,Haryana,Credit Card
ORD_01930,CUST_0303,2025-04-03,T-Shirt,Clothing,1,599,0.15,509.15,Solan,Himachal Pradesh,UPI
ORD_01931,CUST_0715,2024-03-19,Novel,Books,2,499,0.0,998.0,New Delhi,Delhi,Cash on Delivery
ORD_01932,CUST_0278,2024-01-17,Sneakers,Clothing,1,1999,0.0,1999.0,Faridabad,Haryana,Debit Card
ORD_01933,CUST_0210,2025-07-21,Bedsheet,Home,1,999,0.1,899.1,Panipat,Haryana,Credit Card
ORD_01934,CUST_0208,2025-08-03,Bluetooth Speaker,Electronics,4,1599,0.1,5756.4,Shimla,Himachal Pradesh,Debit Card
ORD_01935,CUST_0621,2025-05-07,Body Lotion,Beauty,2,349,0.2,558.4,New Delhi,Delhi,Credit Card
ORD_01936,CUST_0605,2025-04-16,Storage Box,Home,2,499,0.1,898.2,New Delhi,Delhi,Cash on Delivery
ORD_01937,CUST_0563,2024-05-20,Storage Box,Home,4,499,0.0,1996.0,Sonipat,Haryana,UPI
ORD_01938,CUST_0158,2024-02-02,Jeans,Clothing,3,1299,0.05,3702.15,Patiala,Punjab,Credit Card
ORD_01939,CUST_0512,2025-12-28,Hoodie,Clothing,3,999,0.05,2847.15,Mohali,Punjab,Debit Card
ORD_01940,CUST_0180,2024-10-23,Perfume,Beauty,2,999,0.05,1898.1,Chandigarh,Chandigarh,Debit Card
ORD_01941,CUST_0360,2024-11-26,Novel,Books,1,499,0.0,499.0,Solan,Himachal Pradesh,Cash on Delivery
ORD_01942,CUST_0968,2024-08-23,Bluetooth Speaker,Electronics,2,1599,0.15,2718.3,Panipat,Haryana,Debit Card
ORD_01943,CUST_0764,2025-05-28,Sneakers,Clothing,2,1999,0.05,3798.1,Gurugram,Haryana,Cash on Delivery
ORD_01944,CUST_0333,2024-04-15,Face Wash,Beauty,2,299,0.15,508.3,Mohali,Punjab,Debit Card
ORD_01945,CUST_0371,2025-06-03,Face Wash,Beauty,4,299,0.05,1136.2,New Delhi,Delhi,Cash on Delivery
ORD_01946,CUST_0032,2024-08-07,Self Help Book,Books,2,599,0.2,958.4,Faridabad,Haryana,Cash on Delivery
ORD_01947,CUST_0557,2025-08-21,T-Shirt,Clothing,2,599,0.05,1138.1,Gurugram,Haryana,UPI
ORD_01948,CUST_0642,2024-05-01,Coffee Maker,Home,2,2499,0.05,4748.1,New Delhi,Delhi,Debit Card
ORD_01949,CUST_0543,2024-07-30,Shampoo,Beauty,4,399,0.1,1436.4,Chandigarh,Chandigarh,UPI
ORD_01950,CUST_0331,2025-07-07,Storage Box,Home,1,499,0.05,474.05,Faridabad,Haryana,Credit Card
ORD_01951,CUST_0530,2025-09-30,Self Help Book,Books,1,599,0.05,569.05,New Delhi,Delhi,Credit Card
ORD_01952,CUST_0478,2025-06-23,Jeans,Clothing,2,1299,0.0,2598.0,Panipat,Haryana,Debit Card
ORD_01953,CUST_0849,2025-08-30,Coffee Maker,Home,1,2499,0.1,2249.1,Faridabad,Haryana,Credit Card
ORD_01954,CUST_0891,2025-02-23,Perfume,Beauty,4,999,0.1,3596.4,Patiala,Punjab,Cash on Delivery
ORD_01955,CUST_0844,2024-07-02,Programming Book,Books,2,899,0.1,1618.2,Chandigarh,Chandigarh,Debit Card
ORD_01956,CUST_0667,2025-09-18,T-Shirt,Clothing,1,599,0.1,539.1,New Delhi,Delhi,Cash on Delivery
ORD_01957,CUST_0265,2025-01-05,Face Wash,Beauty,1,299,0.15,254.15,Shimla,Himachal Pradesh,Debit Card
ORD_01958,CUST_0646,2025-05-04,Coffee Maker,Home,1,2499,0.0,2499.0,New Delhi,Delhi,Debit Card
ORD_01959,CUST_0191,2025-08-01,Coffee Maker,Home,2,2499,0.1,4498.2,New Delhi,Delhi,Credit Card
ORD_01960,CUST_0153,2024-06-26,Storage Box,Home,2,499,0.1,898.2,Ludhiana,Punjab,Debit Card
ORD_01961,CUST_0778,2024-12-17,Self Help Book,Books,2,599,0.1,1078.2,Sonipat,Haryana,Debit Card
ORD_01962,CUST_0151,2024-04-22,Hoodie,Clothing,3,999,0.1,2697.3,Chandigarh,Chandigarh,Debit Card
ORD_01963,CUST_0341,2024-02-26,Programming Book,Books,4,899,0.0,3596.0,Mohali,Punjab,Debit Card
ORD_01964,CUST_0147,2025-09-12,Body Lotion,Beauty,1,349,0.0,349.0,Faridabad,Haryana,Cash on Delivery
ORD_01965,CUST_0918,2025-05-26,Exam Guide,Books,2,699,0.1,1258.2,Chandigarh,Chandigarh,Cash on Delivery
ORD_01966,CUST_0748,2025-05-26,Bedsheet,Home,3,999,0.15,2547.45,Solan,Himachal Pradesh,UPI
ORD_01967,CUST_0674,2024-11-30,Wireless Headphones,Electronics,4,1999,0.05,7596.2,Mohali,Punjab,UPI
ORD_01968,CUST_0477,2025-01-16,Wireless Headphones,Electronics,2,1999,0.0,3998.0,Chandigarh,Chandigarh,UPI
ORD_01969,CUST_0919,2025-08-05,Programming Book,Books,4,899,0.0,3596.0,Amritsar,Punjab,Credit Card
ORD_01970,CUST_0125,2024-02-22,Self Help Book,Books,2,599,0.0,1198.0,Shimla,Himachal Pradesh,Credit Card
ORD_01971,CUST_0450,2025-03-03,Table Lamp,Home,4,799,0.05,3036.2,New Delhi,Delhi,Credit Card
ORD_01972,CUST_0218,2025-02-23,Jeans,Clothing,3,1299,0.1,3507.3,New Delhi,Delhi,UPI
ORD_01973,CUST_0711,2024-07-25,Self Help Book,Books,3,599,0.2,1437.6,Patiala,Punjab,Debit Card
ORD_01974,CUST_0758,2025-06-14,Face Wash,Beauty,4,299,0.15,1016.6,Chandigarh,Chandigarh,Debit Card
ORD_01975,CUST_0104,2024-09-09,Wireless Headphones,Electronics,3,1999,0.15,5097.45,New Delhi,Delhi,Debit Card
ORD_01976,CUST_0307,2025-11-21,Shampoo,Beauty,4,399,0.0,1596.0,Chandigarh,Chandigarh,Credit Card
ORD_01977,CUST_0912,2024-01-31,Perfume,Beauty,2,999,0.05,1898.1,New Delhi,Delhi,Debit Card
ORD_01978,CUST_0669,2025-01-04,Coffee Maker,Home,3,2499,0.0,7497.0,Amritsar,Punjab,Cash on Delivery
ORD_01979,CUST_0891,2024-05-19,T-Shirt,Clothing,4,599,0.2,1916.8,Amritsar,Punjab,UPI
ORD_01980,CUST_0664,2024-04-18,Face Wash,Beauty,4,299,0.2,956.8,Solan,Himachal Pradesh,Cash on Delivery
ORD_01981,CUST_0149,2024-01-21,Body Lotion,Beauty,1,349,0.1,314.1,New Delhi,Delhi,Credit Card
ORD_01982,CUST_0245,2025-01-24,Wireless Headphones,Electronics,4,1999,0.05,7596.2,Mohali,Punjab,Credit Card
ORD_01983,CUST_0568,2024-01-06,Coffee Maker,Home,2,2499,0.1,4498.2,Chandigarh,Chandigarh,UPI
ORD_01984,CUST_0258,2024-01-10,Hoodie,Clothing,2,999,0.1,1798.2,Panipat,Haryana,Debit Card
ORD_01985,CUST_0988,2024-02-24,Smart Watch,Electronics,4,2499,0.0,9996.0,Mohali,Punjab,UPI
ORD_01986,CUST_0172,2024-05-28,Bedsheet,Home,3,999,0.15,2547.45,Chandigarh,Chandigarh,Debit Card
ORD_01987,CUST_0172,2025-03-28,Hoodie,Clothing,4,999,0.1,3596.4,New Delhi,Delhi,Debit Card
ORD_01988,CUST_0925,2024-06-24,T-Shirt,Clothing,4,599,0.1,2156.4,Chandigarh,Chandigarh,Debit Card
ORD_01989,CUST_0864,2025-12-25,Sneakers,Clothing,2,1999,0.1,3598.2,New Delhi,Delhi,Cash on Delivery
ORD_01990,CUST_0463,2025-05-17,Hoodie,Clothing,1,999,0.1,899.1,Chandigarh,Chandigarh,Credit Card
ORD_01991,CUST_0494,2024-09-23,Jeans,Clothing,4,1299,0.05,4936.2,Shimla,Himachal Pradesh,Debit Card
ORD_01992,CUST_0334,2024-09-02,Coffee Maker,Home,1,2499,0.1,2249.1,Faridabad,Haryana,Cash on Delivery
ORD_01993,CUST_0392,2024-03-26,Coffee Maker,Home,4,2499,0.1,8996.4,Mohali,Punjab,Credit Card
ORD_01994,CUST_0446,2025-01-19,Body Lotion,Beauty,4,349,0.0,1396.0,Chandigarh,Chandigarh,Credit Card
ORD_01995,CUST_0047,2024-01-24,Face Wash,Beauty,3,299,0.15,762.45,Faridabad,Haryana,Cash on Delivery
ORD_01996,CUST_0973,2025-03-05,Programming Book,Books,1,899,0.15,764.15,Shimla,Himachal Pradesh,Credit Card
ORD_01997,CUST_0603,2024-11-05,Wireless Headphones,Electronics,3,1999,0.2,4797.6,Solan,Himachal Pradesh,Cash on Delivery
ORD_01998,CUST_0338,2024-12-30,Hoodie,Clothing,1,999,0.15,849.15,New Delhi,Delhi,UPI
ORD_01999,CUST_0785,2024-09-15,Programming Book,Books,4,899,0.2,2876.8,Patiala,Punjab,Credit Card
ORD_02000,CUST_0378,2024-02-24,Hoodie,Clothing,2,999,0.1,1798.2,Sonipat,Haryana,Cash on Delivery
ORD_02001,CUST_0403,2025-08-25,Self Help Book,Books,3,599,0.05,1707.15,Patiala,Punjab,Debit Card
ORD_02002,CUST_0541,2024-09-23,Table Lamp,Home,3,799,0.0,2397.0,Faridabad,Haryana,Debit Card
ORD_02003,CUST_0262,2025-05-26,Bedsheet,Home,1,999,0.1,899.1,New Delhi,Delhi,Cash on Delivery
ORD_02004,CUST_0987,2025-02-08,Novel,Books,2,499,0.05,948.1,New Delhi,Delhi,Credit Card
ORD_02005,CUST_0046,2025-12-21,Bluetooth Speaker,Electronics,3,1599,0.2,3837.6,Shimla,Himachal Pradesh,UPI
ORD_02006,CUST_0928,2025-09-18,Table Lamp,Home,4,799,0.05,3036.2,Ludhiana,Punjab,Cash on Delivery
ORD_02007,CUST_0827,2025-08-12,Body Lotion,Beauty,4,349,0.1,1256.4,Solan,Himachal Pradesh,Cash on Delivery
ORD_02008,CUST_0542,2025-01-02,Programming Book,Books,4,899,0.1,3236.4,New Delhi,Delhi,UPI
ORD_02009,CUST_0765,2024-08-29,Coffee Maker,Home,4,2499,0.15,8496.6,Gurugram,Haryana,Credit Card
ORD_02010,CUST_0276,2025-02-26,Exam Guide,Books,4,699,0.0,2796.0,Chandigarh,Chandigarh,Credit Card
ORD_02011,CUST_0050,2024-07-31,Shampoo,Beauty,3,399,0.1,1077.3,Faridabad,Haryana,UPI
ORD_02012,CUST_0811,2024-05-16,Hoodie,Clothing,1,999,0.0,999.0,Ludhiana,Punjab,UPI
ORD_02013,CUST_0566,2025-05-12,Smart Watch,Electronics,4,2499,0.0,9996.0,New Delhi,Delhi,Cash on Delivery
ORD_02014,CUST_0142,2024-07-09,Face Wash,Beauty,2,299,0.2,478.4,Shimla,Himachal Pradesh,Cash on Delivery
ORD_02015,CUST_0520,2024-04-13,Exam Guide,Books,4,699,0.2,2236.8,Mohali,Punjab,Debit Card
ORD_02016,CUST_0113,2024-03-21,Body Lotion,Beauty,3,349,0.05,994.65,Sonipat,Haryana,Credit Card
ORD_02017,CUST_0031,2025-09-01,Exam Guide,Books,1,699,0.0,699.0,Gurugram,Haryana,Debit Card
ORD_02018,CUST_0059,2025-11-08,Table Lamp,Home,2,799,0.0,1598.0,New Delhi,Delhi,UPI
ORD_02019,CUST_0112,2025-10-29,Exam Guide,Books,1,699,0.05,664.05,Panipat,Haryana,Cash on Delivery
ORD_02020,CUST_0930,2025-05-20,Bedsheet,Home,3,999,0.1,2697.3,Faridabad,Haryana,Cash on Delivery
ORD_02021,CUST_0918,2024-10-09,Body Lotion,Beauty,4,349,0.05,1326.2,New Delhi,Delhi,Cash on Delivery
ORD_02022,CUST_0030,2025-12-05,Wireless Headphones,Electronics,1,1999,0.15,1699.15,Sonipat,Haryana,Cash on Delivery
ORD_02023,CUST_0704,2025-12-27,Coffee Maker,Home,4,2499,0.0,9996.0,New Delhi,Delhi,Debit Card
ORD_02024,CUST_0103,2024-08-22,Hoodie,Clothing,2,999,0.05,1898.1,New Delhi,Delhi,Debit Card
ORD_02025,CUST_0611,2024-08-28,Smart Watch,Electronics,4,2499,0.05,9496.2,Faridabad,Haryana,Credit Card
ORD_02026,CUST_0976,2025-10-13,Jeans,Clothing,1,1299,0.05,1234.05,Chandigarh,Chandigarh,UPI
ORD_02027,CUST_0654,2024-02-13,Table Lamp,Home,4,799,0.0,3196.0,Panipat,Haryana,Debit Card
ORD_02028,CUST_0273,2025-07-18,Jeans,Clothing,2,1299,0.1,2338.2,Amritsar,Punjab,UPI
ORD_02029,CUST_0228,2025-05-25,Power Bank,Electronics,2,999,0.2,1598.4,Gurugram,Haryana,UPI
ORD_02030,CUST_0972,2024-05-29,Hoodie,Clothing,1,999,0.1,899.1,Chandigarh,Chandigarh,Debit Card
ORD_02031,CUST_0399,2024-04-18,Hoodie,Clothing,3,999,0.05,2847.15,Ludhiana,Punjab,Cash on Delivery
ORD_02032,CUST_0456,2024-05-22,T-Shirt,Clothing,2,599,0.0,1198.0,Solan,Himachal Pradesh,UPI
ORD_02033,CUST_0231,2025-03-21,Bluetooth Speaker,Electronics,1,1599,0.05,1519.05,Faridabad,Haryana,Credit Card
ORD_02034,CUST_0536,2024-09-19,Wireless Headphones,Electronics,1,1999,0.0,1999.0,Ludhiana,Punjab,Debit Card
ORD_02035,CUST_0378,2025-06-05,Face Wash,Beauty,3,299,0.1,807.3,Mohali,Punjab,Debit Card
ORD_02036,CUST_0308,2025-12-01,T-Shirt,Clothing,3,599,0.1,1617.3,Chandigarh,Chandigarh,Debit Card
ORD_02037,CUST_0324,2025-08-18,Novel,Books,2,499,0.0,998.0,Ludhiana,Punjab,UPI
ORD_02038,CUST_0978,2024-11-14,Wireless Headphones,Electronics,1,1999,0.1,1799.1,Faridabad,Haryana,Cash on Delivery
ORD_02039,CUST_0886,2025-01-23,Exam Guide,Books,3,699,0.0,2097.0,Gurugram,Haryana,Debit Card
ORD_02040,CUST_0209,2024-03-19,Table Lamp,Home,3,799,0.05,2277.15,Solan,Himachal Pradesh,UPI
ORD_02041,CUST_0842,2025-08-02,Wireless Headphones,Electronics,4,1999,0.2,6396.8,Chandigarh,Chandigarh,Cash on Delivery
ORD_02042,CUST_0270,2024-06-15,Shampoo,Beauty,1,399,0.15,339.15,Chandigarh,Chandigarh,Cash on Delivery
ORD_02043,CUST_0089,2024-04-26,Power Bank,Electronics,2,999,0.2,1598.4,Shimla,Himachal Pradesh,Credit Card
ORD_02044,CUST_0080,2024-09-09,Bedsheet,Home,4,999,0.0,3996.0,Ludhiana,Punjab,Cash on Delivery
ORD_02045,CUST_0717,2025-08-05,Sneakers,Clothing,4,1999,0.1,7196.4,Chandigarh,Chandigarh,Credit Card
ORD_02046,CUST_0013,2024-01-15,Face Wash,Beauty,3,299,0.05,852.15,Shimla,Himachal Pradesh,Cash on Delivery
ORD_02047,CUST_0351,2024-08-09,Body Lotion,Beauty,2,349,0.05,663.1,Solan,Himachal Pradesh,UPI
ORD_02048,CUST_0506,2025-06-16,Novel,Books,3,499,0.2,1197.6,New Delhi,Delhi,Credit Card
ORD_02049,CUST_0233,2025-02-05,Shampoo,Beauty,1,399,0.05,379.05,Shimla,Himachal Pradesh,UPI
ORD_02050,CUST_0363,2025-03-13,Perfume,Beauty,3,999,0.05,2847.15,Panipat,Haryana,Credit Card
ORD_02051,CUST_0673,2025-11-13,T-Shirt,Clothing,3,599,0.05,1707.15,Panipat,Haryana,Credit Card
ORD_02052,CUST_0759,2025-08-05,Table Lamp,Home,4,799,0.0,3196.0,Chandigarh,Chandigarh,UPI
ORD_02053,CUST_0887,2025-06-11,Novel,Books,2,499,0.1,898.2,Panipat,Haryana,UPI
ORD_02054,CUST_0722,2025-05-18,Jeans,Clothing,4,1299,0.05,4936.2,Patiala,Punjab,Cash on Delivery
ORD_02055,CUST_0778,2025-11-21,Shampoo,Beauty,4,399,0.15,1356.6,Faridabad,Haryana,Cash on Delivery
ORD_02056,CUST_0754,2024-10-07,Perfume,Beauty,4,999,0.05,3796.2,Chandigarh,Chandigarh,Debit Card
ORD_02057,CUST_0970,2025-03-09,Hoodie,Clothing,4,999,0.05,3796.2,Amritsar,Punjab,UPI
ORD_02058,CUST_0339,2025-09-23,Shampoo,Beauty,2,399,0.2,638.4,Patiala,Punjab,Cash on Delivery
ORD_02059,CUST_0782,2025-09-20,Bluetooth Speaker,Electronics,1,1599,0.15,1359.15,Chandigarh,Chandigarh,Cash on Delivery
ORD_02060,CUST_0352,2025-01-08,Novel,Books,1,499,0.05,474.05,Chandigarh,Chandigarh,Debit Card
ORD_02061,CUST_0861,2024-02-16,Hoodie,Clothing,1,999,0.05,949.05,Solan,Himachal Pradesh,Credit Card
ORD_02062,CUST_0991,2025-10-04,Power Bank,Electronics,3,999,0.05,2847.15,New Delhi,Delhi,Credit Card
ORD_02063,CUST_0953,2025-06-09,Programming Book,Books,2,899,0.1,1618.2,New Delhi,Delhi,Cash on Delivery
ORD_02064,CUST_0954,2024-06-11,Hoodie,Clothing,3,999,0.1,2697.3,Gurugram,Haryana,Debit Card
ORD_02065,CUST_0052,2025-10-30,Exam Guide,Books,3,699,0.1,1887.3,Shimla,Himachal Pradesh,Credit Card
ORD_02066,CUST_0840,2025-08-09,Wireless Headphones,Electronics,4,1999,0.15,6796.6,Panipat,Haryana,UPI
ORD_02067,CUST_0030,2024-04-16,Exam Guide,Books,3,699,0.15,1782.45,New Delhi,Delhi,Credit Card
ORD_02068,CUST_0283,2024-08-30,Exam Guide,Books,3,699,0.1,1887.3,New Delhi,Delhi,Credit Card
ORD_02069,CUST_0149,2025-12-02,Bedsheet,Home,4,999,0.0,3996.0,Amritsar,Punjab,Debit Card
ORD_02070,CUST_0086,2024-06-09,Sneakers,Clothing,3,1999,0.05,5697.15,Amritsar,Punjab,Cash on Delivery
ORD_02071,CUST_0095,2025-04-10,Hoodie,Clothing,2,999,0.0,1998.0,Amritsar,Punjab,Cash on Delivery
ORD_02072,CUST_0400,2024-09-04,Sneakers,Clothing,2,1999,0.0,3998.0,New Delhi,Delhi,Credit Card
ORD_02073,CUST_0001,2025-04-20,Novel,Books,4,499,0.1,1796.4,Solan,Himachal Pradesh,UPI
ORD_02074,CUST_0897,2024-04-12,Bedsheet,Home,4,999,0.0,3996.0,Faridabad,Haryana,UPI
ORD_02075,CUST_0764,2024-08-25,Hoodie,Clothing,1,999,0.05,949.05,Shimla,Himachal Pradesh,Cash on Delivery
ORD_02076,CUST_0898,2024-08-10,Exam Guide,Books,1,699,0.1,629.1,Mohali,Punjab,Debit Card
ORD_02077,CUST_0373,2024-11-09,Bluetooth Speaker,Electronics,4,1599,0.15,5436.6,Mohali,Punjab,UPI
ORD_02078,CUST_0380,2025-12-21,Jeans,Clothing,3,1299,0.1,3507.3,New Delhi,Delhi,Debit Card
ORD_02079,CUST_0509,2024-07-03,Wireless Headphones,Electronics,1,1999,0.1,1799.1,Amritsar,Punjab,Credit Card
ORD_02080,CUST_0994,2025-08-23,Table Lamp,Home,3,799,0.1,2157.3,Solan,Himachal Pradesh,Credit Card
ORD_02081,CUST_0986,2024-12-23,Smart Watch,Electronics,4,2499,0.05,9496.2,Faridabad,Haryana,UPI
ORD_02082,CUST_0393,2024-11-27,Shampoo,Beauty,1,399,0.0,399.0,Faridabad,Haryana,UPI
ORD_02083,CUST_0983,2025-05-05,Self Help Book,Books,3,599,0.2,1437.6,New Delhi,Delhi,Credit Card
ORD_02084,CUST_0853,2024-11-25,Body Lotion,Beauty,1,349,0.2,279.2,Sonipat,Haryana,Cash on Delivery
ORD_02085,CUST_0644,2024-10-16,Sneakers,Clothing,3,1999,0.05,5697.15,Chandigarh,Chandigarh,Debit Card
ORD_02086,CUST_0657,2025-11-27,Shampoo,Beauty,2,399,0.05,758.1,Shimla,Himachal Pradesh,UPI
ORD_02087,CUST_0567,2025-12-16,Jeans,Clothing,1,1299,0.05,1234.05,Panipat,Haryana,UPI
ORD_02088,CUST_0476,2024-06-29,Storage Box,Home,2,499,0.0,998.0,Shimla,Himachal Pradesh,Debit Card
ORD_02089,CUST_0287,2024-06-10,Bedsheet,Home,1,999,0.0,999.0,Chandigarh,Chandigarh,Debit Card
ORD_02090,CUST_0181,2024-09-16,Novel,Books,2,499,0.05,948.1,Solan,Himachal Pradesh,Cash on Delivery
ORD_02091,CUST_0413,2025-12-23,Power Bank,Electronics,1,999,0.05,949.05,Patiala,Punjab,Credit Card
ORD_02092,CUST_0851,2025-08-20,Face Wash,Beauty,4,299,0.0,1196.0,Gurugram,Haryana,Cash on Delivery
ORD_02093,CUST_0487,2025-01-22,Power Bank,Electronics,4,999,0.15,3396.6,Shimla,Himachal Pradesh,UPI
ORD_02094,CUST_0455,2024-05-06,Wireless Headphones,Electronics,4,1999,0.15,6796.6,Sonipat,Haryana,Cash on Delivery
ORD_02095,CUST_0365,2025-10-26,Table Lamp,Home,3,799,0.0,2397.0,New Delhi,Delhi,UPI
ORD_02096,CUST_0274,2024-12-28,Body Lotion,Beauty,3,349,0.2,837.6,Solan,Himachal Pradesh,Debit Card
ORD_02097,CUST_0298,2025-10-11,Sneakers,Clothing,3,1999,0.2,4797.6,Solan,Himachal Pradesh,Cash on Delivery
ORD_02098,CUST_0885,2025-06-08,Jeans,Clothing,4,1299,0.0,5196.0,Patiala,Punjab,Cash on Delivery
ORD_02099,CUST_0604,2024-06-24,Face Wash,Beauty,1,299,0.15,254.15,Chandigarh,Chandigarh,UPI
ORD_02100,CUST_0877,2024-03-11,Wireless Headphones,Electronics,4,1999,0.2,6396.8,New Delhi,Delhi,Debit Card
ORD_02101,CUST_0865,2024-07-14,Perfume,Beauty,3,999,0.0,2997.0,Patiala,Punjab,Cash on Delivery
ORD_02102,CUST_0350,2024-10-11,Exam Guide,Books,2,699,0.0,1398.0,Chandigarh,Chandigarh,Debit Card
ORD_02103,CUST_0372,2025-11-14,Coffee Maker,Home,3,2499,0.15,6372.45,Chandigarh,Chandigarh,Cash on Delivery
ORD_02104,CUST_0695,2025-11-01,T-Shirt,Clothing,4,599,0.05,2276.2,Chandigarh,Chandigarh,Cash on Delivery
ORD_02105,CUST_0100,2025-07-01,Exam Guide,Books,4,699,0.1,2516.4,Shimla,Himachal Pradesh,UPI
ORD_02106,CUST_0815,2025-06-17,Sneakers,Clothing,3,1999,0.0,5997.0,Panipat,Haryana,Credit Card
ORD_02107,CUST_0618,2025-10-27,Jeans,Clothing,2,1299,0.1,2338.2,Shimla,Himachal Pradesh,Credit Card
ORD_02108,CUST_0530,2025-02-19,Novel,Books,4,499,0.0,1996.0,Mohali,Punjab,Debit Card
ORD_02109,CUST_0847,2024-03-24,Power Bank,Electronics,3,999,0.0,2997.0,New Delhi,Delhi,Credit Card
ORD_02110,CUST_0478,2025-01-02,Bluetooth Speaker,Electronics,4,1599,0.05,6076.2,Solan,Himachal Pradesh,Cash on Delivery
ORD_02111,CUST_0463,2024-03-10,T-Shirt,Clothing,4,599,0.1,2156.4,Patiala,Punjab,UPI
ORD_02112,CUST_0217,2024-02-01,Jeans,Clothing,4,1299,0.2,4156.8,New Delhi,Delhi,Cash on Delivery
ORD_02113,CUST_0728,2024-05-27,Programming Book,Books,1,899,0.1,809.1,New Delhi,Delhi,UPI
ORD_02114,CUST_0869,2025-03-18,Sneakers,Clothing,4,1999,0.15,6796.6,Patiala,Punjab,Debit Card
ORD_02115,CUST_0128,2024-06-17,Smart Watch,Electronics,1,2499,0.0,2499.0,Chandigarh,Chandigarh,Cash on Delivery
ORD_02116,CUST_0717,2025-04-15,Body Lotion,Beauty,2,349,0.1,628.2,Patiala,Punjab,Cash on Delivery
ORD_02117,CUST_0900,2025-08-22,Smart Watch,Electronics,2,2499,0.05,4748.1,New Delhi,Delhi,Cash on Delivery
ORD_02118,CUST_0153,2024-05-10,Wireless Headphones,Electronics,1,1999,0.05,1899.05,Chandigarh,Chandigarh,Cash on Delivery
ORD_02119,CUST_0491,2025-09-28,Body Lotion,Beauty,2,349,0.1,628.2,Chandigarh,Chandigarh,Credit Card
ORD_02120,CUST_0295,2025-12-26,Coffee Maker,Home,3,2499,0.15,6372.45,Solan,Himachal Pradesh,Credit Card
ORD_02121,CUST_0814,2024-10-30,Face Wash,Beauty,1,299,0.1,269.1,Panipat,Haryana,Cash on Delivery
ORD_02122,CUST_0187,2025-12-27,Table Lamp,Home,4,799,0.1,2876.4,Panipat,Haryana,UPI
ORD_02123,CUST_0870,2025-01-31,Novel,Books,2,499,0.2,798.4,Gurugram,Haryana,UPI
ORD_02124,CUST_0846,2025-02-11,Hoodie,Clothing,1,999,0.1,899.1,Solan,Himachal Pradesh,Debit Card
ORD_02125,CUST_0880,2025-11-01,Exam Guide,Books,2,699,0.05,1328.1,Panipat,Haryana,Credit Card
ORD_02126,CUST_0982,2025-05-15,Perfume,Beauty,3,999,0.0,2997.0,Chandigarh,Chandigarh,Cash on Delivery
ORD_02127,CUST_0103,2025-09-07,Power Bank,Electronics,3,999,0.05,2847.15,Solan,Himachal Pradesh,Credit Card
ORD_02128,CUST_0304,2025-07-18,Self Help Book,Books,4,599,0.0,2396.0,Gurugram,Haryana,Cash on Delivery
ORD_02129,CUST_0246,2024-03-06,Programming Book,Books,4,899,0.1,3236.4,Chandigarh,Chandigarh,Debit Card
ORD_02130,CUST_0325,2024-07-05,Self Help Book,Books,3,599,0.1,1617.3,Solan,Himachal Pradesh,Cash on Delivery
ORD_02131,CUST_0351,2024-11-25,Perfume,Beauty,4,999,0.05,3796.2,Patiala,Punjab,Credit Card
ORD_02132,CUST_0450,2024-07-16,Power Bank,Electronics,3,999,0.0,2997.0,Patiala,Punjab,Cash on Delivery
ORD_02133,CUST_0669,2024-03-12,Novel,Books,4,499,0.0,1996.0,Chandigarh,Chandigarh,Debit Card
ORD_02134,CUST_0776,2024-01-07,Novel,Books,4,499,0.2,1596.8,Chandigarh,Chandigarh,Cash on Delivery
ORD_02135,CUST_0743,2025-06-08,Self Help Book,Books,1,599,0.15,509.15,Panipat,Haryana,Credit Card
ORD_02136,CUST_0921,2025-12-05,Shampoo,Beauty,4,399,0.0,1596.0,Gurugram,Haryana,Cash on Delivery
ORD_02137,CUST_0377,2025-08-03,Bluetooth Speaker,Electronics,2,1599,0.15,2718.3,New Delhi,Delhi,UPI
ORD_02138,CUST_0171,2024-02-17,Smart Watch,Electronics,2,2499,0.15,4248.3,Patiala,Punjab,Debit Card
ORD_02139,CUST_0905,2024-10-20,Table Lamp,Home,2,799,0.2,1278.4,Faridabad,Haryana,Debit Card
ORD_02140,CUST_0885,2025-06-09,Exam Guide,Books,3,699,0.1,1887.3,Chandigarh,Chandigarh,Credit Card
ORD_02141,CUST_0480,2024-06-09,Bedsheet,Home,3,999,0.05,2847.15,Amritsar,Punjab,Debit Card
ORD_02142,CUST_0549,2024-01-12,Bedsheet,Home,4,999,0.05,3796.2,New Delhi,Delhi,Credit Card
ORD_02143,CUST_0096,2024-02-08,Hoodie,Clothing,2,999,0.1,1798.2,New Delhi,Delhi,Debit Card
ORD_02144,CUST_0206,2024-12-02,Bedsheet,Home,4,999,0.1,3596.4,New Delhi,Delhi,UPI
ORD_02145,CUST_0074,2025-12-02,Self Help Book,Books,3,599,0.1,1617.3,Faridabad,Haryana,UPI
ORD_02146,CUST_0814,2025-02-14,Storage Box,Home,1,499,0.0,499.0,Panipat,Haryana,UPI
ORD_02147,CUST_0419,2025-01-03,Hoodie,Clothing,1,999,0.0,999.0,Gurugram,Haryana,Cash on Delivery
ORD_02148,CUST_0515,2025-09-18,Sneakers,Clothing,2,1999,0.1,3598.2,New Delhi,Delhi,UPI
ORD_02149,CUST_0227,2024-12-25,Perfume,Beauty,4,999,0.1,3596.4,Patiala,Punjab,Cash on Delivery
ORD_02150,CUST_0182,2025-01-16,T-Shirt,Clothing,3,599,0.1,1617.3,Faridabad,Haryana,Credit Card
ORD_02151,CUST_0483,2024-04-26,Exam Guide,Books,3,699,0.0,2097.0,Sonipat,Haryana,Credit Card
ORD_02152,CUST_0045,2024-08-21,Smart Watch,Electronics,2,2499,0.15,4248.3,New Delhi,Delhi,Credit Card
ORD_02153,CUST_0949,2024-02-05,Table Lamp,Home,1,799,0.05,759.05,Gurugram,Haryana,Cash on Delivery
ORD_02154,CUST_0789,2024-05-15,Sneakers,Clothing,2,1999,0.2,3198.4,Gurugram,Haryana,Debit Card
ORD_02155,CUST_0444,2024-12-06,Sneakers,Clothing,2,1999,0.05,3798.1,Sonipat,Haryana,Cash on Delivery
ORD_02156,CUST_0724,2025-09-24,Body Lotion,Beauty,2,349,0.15,593.3,Sonipat,Haryana,Credit Card
ORD_02157,CUST_0120,2024-08-31,Bedsheet,Home,2,999,0.15,1698.3,New Delhi,Delhi,Credit Card
ORD_02158,CUST_0021,2024-04-08,Bluetooth Speaker,Electronics,3,1599,0.05,4557.15,Chandigarh,Chandigarh,Credit Card
ORD_02159,CUST_0363,2025-12-02,Self Help Book,Books,1,599,0.0,599.0,Panipat,Haryana,Cash on Delivery
ORD_02160,CUST_0185,2024-02-07,Jeans,Clothing,4,1299,0.15,4416.6,New Delhi,Delhi,Debit Card
ORD_02161,CUST_0830,2024-03-07,Shampoo,Beauty,1,399,0.0,399.0,Patiala,Punjab,Credit Card
ORD_02162,CUST_0394,2025-03-24,Shampoo,Beauty,2,399,0.0,798.0,New Delhi,Delhi,UPI
ORD_02163,CUST_0345,2024-06-08,Sneakers,Clothing,1,1999,0.15,1699.15,Amritsar,Punjab,UPI
ORD_02164,CUST_0135,2024-07-12,Storage Box,Home,1,499,0.05,474.05,Panipat,Haryana,Credit Card
ORD_02165,CUST_0522,2024-03-01,T-Shirt,Clothing,3,599,0.1,1617.3,Chandigarh,Chandigarh,UPI
ORD_02166,CUST_0272,2025-03-09,Exam Guide,Books,1,699,0.05,664.05,Mohali,Punjab,Debit Card
ORD_02167,CUST_0589,2025-07-20,Body Lotion,Beauty,2,349,0.1,628.2,Amritsar,Punjab,Debit Card
ORD_02168,CUST_0388,2024-10-19,Programming Book,Books,2,899,0.1,1618.2,Ludhiana,Punjab,Debit Card
ORD_02169,CUST_0129,2025-10-24,Self Help Book,Books,1,599,0.15,509.15,Shimla,Himachal Pradesh,UPI
ORD_02170,CUST_0506,2025-05-30,Smart Watch,Electronics,1,2499,0.2,1999.2,Shimla,Himachal Pradesh,UPI
ORD_02171,CUST_0640,2025-08-27,Programming Book,Books,3,899,0.05,2562.15,Solan,Himachal Pradesh,UPI
ORD_02172,CUST_0872,2025-01-20,Bluetooth Speaker,Electronics,3,1599,0.15,4077.45,New Delhi,Delhi,Cash on Delivery
ORD_02173,CUST_0625,2024-03-13,Hoodie,Clothing,3,999,0.2,2397.6,Sonipat,Haryana,Credit Card
ORD_02174,CUST_0562,2025-03-16,Hoodie,Clothing,2,999,0.0,1998.0,Mohali,Punjab,Credit Card
ORD_02175,CUST_0961,2024-11-11,Table Lamp,Home,3,799,0.05,2277.15,Amritsar,Punjab,UPI
ORD_02176,CUST_0345,2024-04-09,Power Bank,Electronics,1,999,0.2,799.2,Solan,Himachal Pradesh,UPI
ORD_02177,CUST_0349,2024-10-20,Storage Box,Home,4,499,0.15,1696.6,Shimla,Himachal Pradesh,Credit Card
ORD_02178,CUST_0968,2025-06-09,Shampoo,Beauty,3,399,0.0,1197.0,Patiala,Punjab,Cash on Delivery
ORD_02179,CUST_0925,2024-08-19,Bluetooth Speaker,Electronics,3,1599,0.0,4797.0,Ludhiana,Punjab,UPI
ORD_02180,CUST_0833,2024-10-04,Novel,Books,2,499,0.15,848.3,Chandigarh,Chandigarh,Debit Card
ORD_02181,CUST_0439,2025-04-07,Face Wash,Beauty,4,299,0.1,1076.4,Gurugram,Haryana,Debit Card
ORD_02182,CUST_0500,2024-01-10,Face Wash,Beauty,4,299,0.0,1196.0,Gurugram,Haryana,Credit Card
ORD_02183,CUST_0817,2024-04-16,Jeans,Clothing,1,1299,0.2,1039.2,Ludhiana,Punjab,Cash on Delivery
ORD_02184,CUST_0969,2024-05-22,Storage Box,Home,3,499,0.1,1347.3,New Delhi,Delhi,Cash on Delivery
ORD_02185,CUST_0500,2024-07-20,Body Lotion,Beauty,4,349,0.15,1186.6,Mohali,Punjab,Credit Card
ORD_02186,CUST_0622,2025-05-23,Table Lamp,Home,3,799,0.05,2277.15,Solan,Himachal Pradesh,Credit Card
ORD_02187,CUST_0490,2024-08-06,Storage Box,Home,2,499,0.1,898.2,Gurugram,Haryana,Debit Card
ORD_02188,CUST_0332,2025-06-10,Exam Guide,Books,3,699,0.1,1887.3,New Delhi,Delhi,Credit Card
ORD_02189,CUST_0895,2024-02-10,Shampoo,Beauty,3,399,0.1,1077.3,Chandigarh,Chandigarh,UPI
ORD_02190,CUST_0309,2025-06-25,Sneakers,Clothing,2,1999,0.1,3598.2,Solan,Himachal Pradesh,Debit Card
ORD_02191,CUST_0389,2025-04-07,Coffee Maker,Home,1,2499,0.05,2374.05,Sonipat,Haryana,Cash on Delivery
ORD_02192,CUST_0991,2024-08-11,Programming Book,Books,2,899,0.1,1618.2,Chandigarh,Chandigarh,Cash on Delivery
ORD_02193,CUST_0606,2024-12-08,Storage Box,Home,3,499,0.2,1197.6,Amritsar,Punjab,Debit Card
ORD_02194,CUST_0338,2024-01-01,Face Wash,Beauty,3,299,0.1,807.3,Gurugram,Haryana,Debit Card
ORD_02195,CUST_0031,2024-07-29,Novel,Books,4,499,0.05,1896.2,Patiala,Punjab,Debit Card
ORD_02196,CUST_0571,2024-08-07,Sneakers,Clothing,1,1999,0.0,1999.0,Shimla,Himachal Pradesh,Cash on Delivery
ORD_02197,CUST_0969,2024-06-30,Hoodie,Clothing,3,999,0.15,2547.45,Mohali,Punjab,Credit Card
ORD_02198,CUST_0711,2024-05-17,Shampoo,Beauty,3,399,0.05,1137.15,Amritsar,Punjab,Cash on Delivery
ORD_02199,CUST_0730,2024-05-06,Table Lamp,Home,4,799,0.1,2876.4,Amritsar,Punjab,Cash on Delivery
ORD_02200,CUST_0015,2025-05-07,Sneakers,Clothing,1,1999,0.05,1899.05,New Delhi,Delhi,UPI
ORD_02201,CUST_0773,2025-04-18,Self Help Book,Books,1,599,0.1,539.1,Chandigarh,Chandigarh,Debit Card
ORD_02202,CUST_0710,2024-06-10,Wireless Headphones,Electronics,4,1999,0.0,7996.0,Sonipat,Haryana,Cash on Delivery
ORD_02203,CUST_0399,2024-05-08,Sneakers,Clothing,4,1999,0.0,7996.0,Amritsar,Punjab,Cash on Delivery
ORD_02204,CUST_0660,2024-03-14,Smart Watch,Electronics,3,2499,0.2,5997.6,Chandigarh,Chandigarh,UPI
ORD_02205,CUST_0711,2025-03-28,Exam Guide,Books,3,699,0.1,1887.3,Faridabad,Haryana,UPI
ORD_02206,CUST_0209,2024-02-05,Coffee Maker,Home,1,2499,0.05,2374.05,Chandigarh,Chandigarh,Debit Card
ORD_02207,CUST_0755,2025-08-03,T-Shirt,Clothing,3,599,0.2,1437.6,Chandigarh,Chandigarh,Cash on Delivery
ORD_02208,CUST_0339,2024-03-22,Perfume,Beauty,2,999,0.2,1598.4,Ludhiana,Punjab,Cash on Delivery
ORD_02209,CUST_0299,2025-09-28,Sneakers,Clothing,1,1999,0.15,1699.15,Shimla,Himachal Pradesh,UPI
ORD_02210,CUST_0109,2024-11-10,Novel,Books,4,499,0.05,1896.2,Mohali,Punjab,UPI
ORD_02211,CUST_0481,2025-03-30,Jeans,Clothing,3,1299,0.1,3507.3,Sonipat,Haryana,Cash on Delivery
ORD_02212,CUST_0757,2024-08-29,T-Shirt,Clothing,3,599,0.05,1707.15,Solan,Himachal Pradesh,Cash on Delivery
ORD_02213,CUST_0378,2024-01-16,Body Lotion,Beauty,1,349,0.0,349.0,Mohali,Punjab,Cash on Delivery
ORD_02214,CUST_0769,2025-06-15,Face Wash,Beauty,3,299,0.05,852.15,Faridabad,Haryana,Debit Card
ORD_02215,CUST_0422,2024-01-20,Face Wash,Beauty,2,299,0.05,568.1,Chandigarh,Chandigarh,Credit Card
ORD_02216,CUST_0609,2025-08-25,Jeans,Clothing,3,1299,0.2,3117.6,Shimla,Himachal Pradesh,Cash on Delivery
ORD_02217,CUST_0927,2024-01-01,Bedsheet,Home,3,999,0.0,2997.0,New Delhi,Delhi,Debit Card
ORD_02218,CUST_0932,2025-11-29,Perfume,Beauty,3,999,0.1,2697.3,Shimla,Himachal Pradesh,Debit Card
ORD_02219,CUST_0786,2024-10-23,Bluetooth Speaker,Electronics,2,1599,0.05,3038.1,New Delhi,Delhi,Debit Card
ORD_02220,CUST_0694,2024-05-09,Hoodie,Clothing,2,999,0.05,1898.1,Chandigarh,Chandigarh,Cash on Delivery
ORD_02221,CUST_0912,2024-01-26,Storage Box,Home,2,499,0.05,948.1,Patiala,Punjab,UPI
ORD_02222,CUST_0642,2025-07-21,Storage Box,Home,4,499,0.1,1796.4,Chandigarh,Chandigarh,Credit Card
ORD_02223,CUST_0409,2025-09-14,Face Wash,Beauty,1,299,0.15,254.15,Chandigarh,Chandigarh,Debit Card
ORD_02224,CUST_0958,2025-06-11,Perfume,Beauty,1,999,0.1,899.1,New Delhi,Delhi,UPI
ORD_02225,CUST_0678,2025-01-05,Programming Book,Books,3,899,0.05,2562.15,Shimla,Himachal Pradesh,Debit Card
ORD_02226,CUST_0181,2024-02-19,Bedsheet,Home,3,999,0.05,2847.15,Shimla,Himachal Pradesh,Debit Card
ORD_02227,CUST_0004,2024-05-12,Smart Watch,Electronics,1,2499,0.15,2124.15,Chandigarh,Chandigarh,Debit Card
ORD_02228,CUST_0914,2025-11-17,Body Lotion,Beauty,3,349,0.0,1047.0,Amritsar,Punjab,UPI
ORD_02229,CUST_0553,2024-03-25,Programming Book,Books,3,899,0.05,2562.15,Shimla,Himachal Pradesh,Cash on Delivery
ORD_02230,CUST_0685,2024-05-12,Perfume,Beauty,1,999,0.0,999.0,Chandigarh,Chandigarh,Cash on Delivery
ORD_02231,CUST_0774,2025-06-20,T-Shirt,Clothing,1,599,0.1,539.1,Solan,Himachal Pradesh,Debit Card
ORD_02232,CUST_0020,2025-12-01,Face Wash,Beauty,1,299,0.05,284.05,Chandigarh,Chandigarh,Debit Card
ORD_02233,CUST_0026,2025-06-06,Hoodie,Clothing,1,999,0.1,899.1,New Delhi,Delhi,Credit Card
ORD_02234,CUST_0083,2025-01-21,Jeans,Clothing,1,1299,0.05,1234.05,New Delhi,Delhi,Cash on Delivery
ORD_02235,CUST_0398,2025-01-03,Shampoo,Beauty,2,399,0.05,758.1,Ludhiana,Punjab,UPI
ORD_02236,CUST_0520,2024-11-26,Storage Box,Home,3,499,0.0,1497.0,Shimla,Himachal Pradesh,Debit Card
ORD_02237,CUST_0504,2024-05-16,Bedsheet,Home,1,999,0.0,999.0,Chandigarh,Chandigarh,Cash on Delivery
ORD_02238,CUST_0180,2025-06-09,Coffee Maker,Home,4,2499,0.1,8996.4,New Delhi,Delhi,Cash on Delivery
ORD_02239,CUST_0269,2024-06-07,Table Lamp,Home,4,799,0.05,3036.2,Shimla,Himachal Pradesh,Credit Card
ORD_02240,CUST_0914,2024-02-17,Jeans,Clothing,1,1299,0.05,1234.05,Chandigarh,Chandigarh,UPI
ORD_02241,CUST_0504,2024-02-11,Storage Box,Home,3,499,0.05,1422.15,Amritsar,Punjab,Debit Card
ORD_02242,CUST_0657,2025-03-11,Wireless Headphones,Electronics,4,1999,0.15,6796.6,New Delhi,Delhi,Debit Card
ORD_02243,CUST_0131,2024-09-02,Power Bank,Electronics,2,999,0.2,1598.4,Amritsar,Punjab,UPI
ORD_02244,CUST_0999,2024-09-21,Power Bank,Electronics,4,999,0.1,3596.4,Chandigarh,Chandigarh,Cash on Delivery
ORD_02245,CUST_0227,2024-03-13,Shampoo,Beauty,4,399,0.0,1596.0,Patiala,Punjab,UPI
ORD_02246,CUST_0805,2025-01-31,Storage Box,Home,2,499,0.0,998.0,Chandigarh,Chandigarh,Cash on Delivery
ORD_02247,CUST_0299,2024-08-03,Face Wash,Beauty,2,299,0.0,598.0,Shimla,Himachal Pradesh,UPI
ORD_02248,CUST_0426,2025-06-09,Jeans,Clothing,4,1299,0.15,4416.6,Patiala,Punjab,Debit Card
ORD_02249,CUST_0277,2024-06-08,Jeans,Clothing,1,1299,0.1,1169.1,Chandigarh,Chandigarh,UPI
ORD_02250,CUST_0631,2025-11-05,Novel,Books,4,499,0.05,1896.2,Chandigarh,Chandigarh,Debit Card
ORD_02251,CUST_0089,2025-06-29,Self Help Book,Books,2,599,0.0,1198.0,New Delhi,Delhi,Debit Card
ORD_02252,CUST_0167,2025-04-12,Exam Guide,Books,3,699,0.05,1992.15,Shimla,Himachal Pradesh,UPI
ORD_02253,CUST_0029,2025-11-04,Sneakers,Clothing,1,1999,0.0,1999.0,Patiala,Punjab,Cash on Delivery
ORD_02254,CUST_0766,2024-04-19,Sneakers,Clothing,3,1999,0.05,5697.15,Shimla,Himachal Pradesh,Credit Card
ORD_02255,CUST_0878,2025-02-02,Self Help Book,Books,4,599,0.05,2276.2,Solan,Himachal Pradesh,Debit Card
ORD_02256,CUST_0465,2025-10-28,Shampoo,Beauty,4,399,0.1,1436.4,Chandigarh,Chandigarh,Cash on Delivery
ORD_02257,CUST_0627,2025-06-04,Shampoo,Beauty,2,399,0.1,718.2,Faridabad,Haryana,UPI
ORD_02258,CUST_0399,2025-01-05,Exam Guide,Books,4,699,0.2,2236.8,New Delhi,Delhi,UPI
ORD_02259,CUST_0528,2024-09-10,Bedsheet,Home,4,999,0.0,3996.0,Gurugram,Haryana,Credit Card
ORD_02260,CUST_0043,2025-07-29,Hoodie,Clothing,4,999,0.0,3996.0,Gurugram,Haryana,Debit Card
ORD_02261,CUST_0221,2024-10-11,Jeans,Clothing,1,1299,0.15,1104.15,Amritsar,Punjab,Debit Card
ORD_02262,CUST_0896,2024-03-09,Sneakers,Clothing,1,1999,0.1,1799.1,Chandigarh,Chandigarh,Cash on Delivery
ORD_02263,CUST_0240,2025-12-07,Wireless Headphones,Electronics,3,1999,0.2,4797.6,Panipat,Haryana,UPI
ORD_02264,CUST_0956,2024-12-20,Jeans,Clothing,4,1299,0.0,5196.0,Sonipat,Haryana,Debit Card
ORD_02265,CUST_0322,2024-03-25,Body Lotion,Beauty,2,349,0.1,628.2,New Delhi,Delhi,UPI
ORD_02266,CUST_0235,2024-10-15,Storage Box,Home,3,499,0.1,1347.3,Sonipat,Haryana,UPI
ORD_02267,CUST_0878,2024-11-30,Jeans,Clothing,4,1299,0.0,5196.0,Ludhiana,Punjab,UPI
ORD_02268,CUST_0692,2024-05-24,Coffee Maker,Home,1,2499,0.1,2249.1,Solan,Himachal Pradesh,Credit Card
ORD_02269,CUST_0634,2024-06-13,Exam Guide,Books,2,699,0.05,1328.1,Shimla,Himachal Pradesh,UPI
ORD_02270,CUST_0224,2024-02-21,Perfume,Beauty,4,999,0.2,3196.8,Ludhiana,Punjab,UPI
ORD_02271,CUST_0127,2024-01-03,Hoodie,Clothing,3,999,0.1,2697.3,Solan,Himachal Pradesh,Credit Card
ORD_02272,CUST_0310,2024-08-21,Table Lamp,Home,2,799,0.0,1598.0,Solan,Himachal Pradesh,Debit Card
ORD_02273,CUST_0725,2025-10-24,Jeans,Clothing,3,1299,0.1,3507.3,Chandigarh,Chandigarh,UPI
ORD_02274,CUST_0021,2024-09-26,Bluetooth Speaker,Electronics,1,1599,0.0,1599.0,New Delhi,Delhi,Debit Card
ORD_02275,CUST_0818,2025-06-01,Shampoo,Beauty,2,399,0.2,638.4,Solan,Himachal Pradesh,UPI
ORD_02276,CUST_0775,2025-01-31,Wireless Headphones,Electronics,3,1999,0.1,5397.3,New Delhi,Delhi,Debit Card
ORD_02277,CUST_0711,2025-06-12,Body Lotion,Beauty,2,349,0.1,628.2,Solan,Himachal Pradesh,UPI
ORD_02278,CUST_0186,2024-02-23,Storage Box,Home,1,499,0.05,474.05,New Delhi,Delhi,Credit Card
ORD_02279,CUST_0117,2025-12-01,Programming Book,Books,3,899,0.05,2562.15,Shimla,Himachal Pradesh,Cash on Delivery
ORD_02280,CUST_0887,2024-01-06,Programming Book,Books,3,899,0.05,2562.15,New Delhi,Delhi,Credit Card
ORD_02281,CUST_0886,2025-02-02,Smart Watch,Electronics,4,2499,0.15,8496.6,Chandigarh,Chandigarh,Credit Card
ORD_02282,CUST_0698,2024-05-30,Sneakers,Clothing,2,1999,0.1,3598.2,Chandigarh,Chandigarh,UPI
ORD_02283,CUST_0467,2024-03-07,Self Help Book,Books,4,599,0.05,2276.2,Chandigarh,Chandigarh,Debit Card
ORD_02284,CUST_0206,2024-03-14,Hoodie,Clothing,3,999,0.05,2847.15,Ludhiana,Punjab,Debit Card
ORD_02285,CUST_0585,2024-04-22,Body Lotion,Beauty,3,349,0.05,994.65,Shimla,Himachal Pradesh,Debit Card
ORD_02286,CUST_0821,2024-09-07,Sneakers,Clothing,4,1999,0.05,7596.2,Chandigarh,Chandigarh,UPI
ORD_02287,CUST_0259,2024-07-17,Coffee Maker,Home,2,2499,0.0,4998.0,New Delhi,Delhi,Credit Card
ORD_02288,CUST_0859,2024-04-29,Bluetooth Speaker,Electronics,2,1599,0.05,3038.1,Shimla,Himachal Pradesh,Credit Card
ORD_02289,CUST_0627,2024-10-03,Storage Box,Home,4,499,0.15,1696.6,Shimla,Himachal Pradesh,UPI
ORD_02290,CUST_0899,2024-04-06,Bedsheet,Home,3,999,0.15,2547.45,Mohali,Punjab,Cash on Delivery
ORD_02291,CUST_0300,2024-03-16,Coffee Maker,Home,1,2499,0.1,2249.1,Ludhiana,Punjab,Credit Card
ORD_02292,CUST_0498,2025-04-07,Perfume,Beauty,2,999,0.15,1698.3,Chandigarh,Chandigarh,UPI
ORD_02293,CUST_0386,2024-10-13,Smart Watch,Electronics,3,2499,0.05,7122.15,Faridabad,Haryana,Credit Card
ORD_02294,CUST_0019,2024-11-06,Bluetooth Speaker,Electronics,1,1599,0.1,1439.1,Chandigarh,Chandigarh,Credit Card
ORD_02295,CUST_0624,2025-07-30,Body Lotion,Beauty,2,349,0.05,663.1,Chandigarh,Chandigarh,Debit Card
ORD_02296,CUST_0207,2024-12-08,Shampoo,Beauty,1,399,0.15,339.15,Faridabad,Haryana,UPI
ORD_02297,CUST_0812,2025-08-24,Novel,Books,4,499,0.15,1696.6,Chandigarh,Chandigarh,UPI
ORD_02298,CUST_0368,2024-07-19,Face Wash,Beauty,2,299,0.05,568.1,Gurugram,Haryana,Debit Card
ORD_02299,CUST_0060,2024-08-08,Coffee Maker,Home,2,2499,0.2,3998.4,Solan,Himachal Pradesh,UPI
ORD_02300,CUST_0846,2025-07-11,Programming Book,Books,2,899,0.05,1708.1,New Delhi,Delhi,Cash on Delivery
ORD_02301,CUST_0852,2024-06-22,Storage Box,Home,4,499,0.1,1796.4,Chandigarh,Chandigarh,Credit Card
ORD_02302,CUST_0832,2025-03-13,Shampoo,Beauty,4,399,0.1,1436.4,Chandigarh,Chandigarh,Credit Card
ORD_02303,CUST_0968,2025-04-04,Programming Book,Books,4,899,0.1,3236.4,Patiala,Punjab,Credit Card
ORD_02304,CUST_0556,2025-09-27,Face Wash,Beauty,3,299,0.1,807.3,Shimla,Himachal Pradesh,Cash on Delivery
ORD_02305,CUST_0635,2025-06-16,Exam Guide,Books,2,699,0.15,1188.3,Chandigarh,Chandigarh,Cash on Delivery
ORD_02306,CUST_0241,2025-11-19,Coffee Maker,Home,2,2499,0.0,4998.0,Gurugram,Haryana,Cash on Delivery
ORD_02307,CUST_0102,2025-06-11,Bluetooth Speaker,Electronics,4,1599,0.2,5116.8,Solan,Himachal Pradesh,Cash on Delivery
ORD_02308,CUST_0814,2024-01-03,Hoodie,Clothing,3,999,0.05,2847.15,Shimla,Himachal Pradesh,Debit Card
ORD_02309,CUST_0177,2025-05-10,Wireless Headphones,Electronics,2,1999,0.15,3398.3,Chandigarh,Chandigarh,UPI
ORD_02310,CUST_0173,2024-04-22,Wireless Headphones,Electronics,1,1999,0.0,1999.0,Gurugram,Haryana,Cash on Delivery
ORD_02311,CUST_0215,2025-02-10,Storage Box,Home,2,499,0.05,948.1,Chandigarh,Chandigarh,Credit Card
ORD_02312,CUST_0441,2025-12-14,Bluetooth Speaker,Electronics,4,1599,0.0,6396.0,New Delhi,Delhi,Credit Card
ORD_02313,CUST_0014,2024-01-19,Table Lamp,Home,4,799,0.2,2556.8,Faridabad,Haryana,Cash on Delivery
ORD_02314,CUST_0589,2025-08-01,Sneakers,Clothing,1,1999,0.2,1599.2,Chandigarh,Chandigarh,Cash on Delivery
ORD_02315,CUST_0202,2025-04-17,Jeans,Clothing,2,1299,0.15,2208.3,Faridabad,Haryana,Cash on Delivery
ORD_02316,CUST_0969,2024-08-23,Self Help Book,Books,4,599,0.05,2276.2,Shimla,Himachal Pradesh,UPI
ORD_02317,CUST_0275,2024-11-25,Perfume,Beauty,1,999,0.1,899.1,Gurugram,Haryana,Debit Card
ORD_02318,CUST_0622,2025-07-09,Shampoo,Beauty,3,399,0.0,1197.0,Faridabad,Haryana,Credit Card
ORD_02319,CUST_0930,2024-09-12,Bluetooth Speaker,Electronics,2,1599,0.05,3038.1,Patiala,Punjab,Debit Card
ORD_02320,CUST_0455,2024-05-25,Bluetooth Speaker,Electronics,4,1599,0.05,6076.2,Amritsar,Punjab,Debit Card
ORD_02321,CUST_0843,2024-08-19,Face Wash,Beauty,4,299,0.05,1136.2,Solan,Himachal Pradesh,Debit Card
ORD_02322,CUST_0129,2024-06-22,Smart Watch,Electronics,2,2499,0.2,3998.4,Solan,Himachal Pradesh,UPI
ORD_02323,CUST_0511,2024-03-23,Coffee Maker,Home,2,2499,0.0,4998.0,Chandigarh,Chandigarh,Cash on Delivery
ORD_02324,CUST_0367,2024-07-09,Body Lotion,Beauty,3,349,0.15,889.95,Solan,Himachal Pradesh,Cash on Delivery
ORD_02325,CUST_0896,2024-05-13,Smart Watch,Electronics,1,2499,0.1,2249.1,New Delhi,Delhi,Debit Card
ORD_02326,CUST_0028,2024-08-28,Novel,Books,1,499,0.1,449.1,Faridabad,Haryana,Credit Card
ORD_02327,CUST_0228,2024-12-27,Self Help Book,Books,3,599,0.15,1527.45,New Delhi,Delhi,Credit Card
ORD_02328,CUST_0840,2024-12-11,Body Lotion,Beauty,4,349,0.0,1396.0,Chandigarh,Chandigarh,Credit Card
ORD_02329,CUST_0399,2025-08-27,Self Help Book,Books,2,599,0.05,1138.1,Chandigarh,Chandigarh,Credit Card
ORD_02330,CUST_0902,2024-01-20,Bluetooth Speaker,Electronics,4,1599,0.05,6076.2,Shimla,Himachal Pradesh,Cash on Delivery
ORD_02331,CUST_0355,2024-06-16,Novel,Books,4,499,0.15,1696.6,Shimla,Himachal Pradesh,UPI
ORD_02332,CUST_0580,2024-07-25,Jeans,Clothing,4,1299,0.0,5196.0,Amritsar,Punjab,UPI
ORD_02333,CUST_0682,2024-07-17,Bluetooth Speaker,Electronics,2,1599,0.2,2558.4,Shimla,Himachal Pradesh,UPI
ORD_02334,CUST_0833,2025-07-30,Programming Book,Books,3,899,0.0,2697.0,Sonipat,Haryana,Cash on Delivery
ORD_02335,CUST_0201,2024-12-20,Shampoo,Beauty,4,399,0.1,1436.4,Gurugram,Haryana,UPI
ORD_02336,CUST_0559,2025-12-19,Smart Watch,Electronics,3,2499,0.0,7497.0,Faridabad,Haryana,Debit Card
ORD_02337,CUST_0140,2024-06-10,Programming Book,Books,4,899,0.0,3596.0,Sonipat,Haryana,Debit Card
ORD_02338,CUST_0225,2025-01-18,Shampoo,Beauty,3,399,0.0,1197.0,New Delhi,Delhi,UPI
ORD_02339,CUST_0840,2025-05-24,Novel,Books,2,499,0.05,948.1,New Delhi,Delhi,Debit Card
ORD_02340,CUST_0948,2025-08-21,Sneakers,Clothing,2,1999,0.1,3598.2,Amritsar,Punjab,Debit Card
ORD_02341,CUST_0483,2024-10-20,Perfume,Beauty,1,999,0.05,949.05,Panipat,Haryana,Credit Card
ORD_02342,CUST_0219,2024-01-15,Jeans,Clothing,4,1299,0.05,4936.2,Chandigarh,Chandigarh,UPI
ORD_02343,CUST_0112,2024-12-30,Bedsheet,Home,1,999,0.05,949.05,Panipat,Haryana,Debit Card
ORD_02344,CUST_0962,2025-09-22,Shampoo,Beauty,1,399,0.1,359.1,New Delhi,Delhi,UPI
ORD_02345,CUST_0115,2024-05-12,Exam Guide,Books,1,699,0.0,699.0,New Delhi,Delhi,Debit Card
ORD_02346,CUST_0695,2024-11-13,Novel,Books,4,499,0.0,1996.0,Patiala,Punjab,Cash on Delivery
ORD_02347,CUST_0154,2025-08-20,Novel,Books,1,499,0.15,424.15,Ludhiana,Punjab,Cash on Delivery
ORD_02348,CUST_0038,2025-05-09,Coffee Maker,Home,1,2499,0.05,2374.05,Chandigarh,Chandigarh,UPI
ORD_02349,CUST_0838,2024-08-13,Wireless Headphones,Electronics,4,1999,0.2,6396.8,Ludhiana,Punjab,Debit Card
ORD_02350,CUST_0293,2024-06-14,Bluetooth Speaker,Electronics,1,1599,0.1,1439.1,Ludhiana,Punjab,Credit Card
ORD_02351,CUST_0871,2025-07-20,Storage Box,Home,2,499,0.15,848.3,Solan,Himachal Pradesh,Credit Card
ORD_02352,CUST_0539,2024-05-17,Wireless Headphones,Electronics,1,1999,0.1,1799.1,Panipat,Haryana,Debit Card
ORD_02353,CUST_0692,2025-02-04,Bluetooth Speaker,Electronics,2,1599,0.15,2718.3,Chandigarh,Chandigarh,UPI
ORD_02354,CUST_0712,2024-06-04,Jeans,Clothing,2,1299,0.15,2208.3,New Delhi,Delhi,UPI
ORD_02355,CUST_0580,2025-08-18,Bedsheet,Home,4,999,0.05,3796.2,Solan,Himachal Pradesh,Credit Card
ORD_02356,CUST_0962,2024-12-09,Bluetooth Speaker,Electronics,2,1599,0.05,3038.1,Patiala,Punjab,UPI
ORD_02357,CUST_0740,2025-12-01,Sneakers,Clothing,3,1999,0.2,4797.6,New Delhi,Delhi,Credit Card
ORD_02358,CUST_0046,2024-08-18,Smart Watch,Electronics,4,2499,0.05,9496.2,Solan,Himachal Pradesh,Cash on Delivery
ORD_02359,CUST_0593,2024-08-02,Coffee Maker,Home,4,2499,0.05,9496.2,New Delhi,Delhi,Debit Card
ORD_02360,CUST_0082,2025-04-23,Body Lotion,Beauty,4,349,0.0,1396.0,Chandigarh,Chandigarh,UPI
ORD_02361,CUST_0264,2024-01-31,Coffee Maker,Home,4,2499,0.0,9996.0,New Delhi,Delhi,Debit Card
ORD_02362,CUST_0339,2024-12-15,Table Lamp,Home,2,799,0.2,1278.4,Chandigarh,Chandigarh,Credit Card
ORD_02363,CUST_0728,2025-01-21,Bluetooth Speaker,Electronics,4,1599,0.05,6076.2,New Delhi,Delhi,Credit Card
ORD_02364,CUST_0818,2025-09-24,Perfume,Beauty,1,999,0.2,799.2,Faridabad,Haryana,UPI
ORD_02365,CUST_0660,2024-03-19,Programming Book,Books,4,899,0.15,3056.6,New Delhi,Delhi,UPI
ORD_02366,CUST_0982,2025-01-18,Jeans,Clothing,3,1299,0.0,3897.0,Panipat,Haryana,Credit Card
ORD_02367,CUST_0489,2025-09-23,Exam Guide,Books,1,699,0.05,664.05,Sonipat,Haryana,Credit Card
ORD_02368,CUST_0825,2025-12-01,Power Bank,Electronics,2,999,0.1,1798.2,Chandigarh,Chandigarh,Cash on Delivery
ORD_02369,CUST_0734,2024-07-31,T-Shirt,Clothing,3,599,0.0,1797.0,Solan,Himachal Pradesh,Cash on Delivery
ORD_02370,CUST_0213,2025-09-23,Exam Guide,Books,1,699,0.1,629.1,New Delhi,Delhi,Credit Card
ORD_02371,CUST_0137,2025-07-07,Wireless Headphones,Electronics,2,1999,0.1,3598.2,Ludhiana,Punjab,UPI
ORD_02372,CUST_0730,2025-02-25,Programming Book,Books,4,899,0.05,3416.2,New Delhi,Delhi,Debit Card
ORD_02373,CUST_0041,2025-08-13,Bedsheet,Home,4,999,0.2,3196.8,Shimla,Himachal Pradesh,Debit Card
ORD_02374,CUST_0488,2024-05-01,T-Shirt,Clothing,1,599,0.05,569.05,Solan,Himachal Pradesh,Cash on Delivery
ORD_02375,CUST_0861,2025-04-03,Smart Watch,Electronics,2,2499,0.05,4748.1,Mohali,Punjab,Cash on Delivery
ORD_02376,CUST_0809,2024-07-13,Power Bank,Electronics,4,999,0.1,3596.4,Shimla,Himachal Pradesh,Credit Card
ORD_02377,CUST_0864,2024-06-06,Power Bank,Electronics,4,999,0.1,3596.4,Sonipat,Haryana,Debit Card
ORD_02378,CUST_0571,2024-04-30,Exam Guide,Books,1,699,0.0,699.0,Chandigarh,Chandigarh,UPI
ORD_02379,CUST_0647,2025-03-04,Sneakers,Clothing,3,1999,0.05,5697.15,Chandigarh,Chandigarh,Credit Card
ORD_02380,CUST_0002,2025-01-02,Perfume,Beauty,4,999,0.1,3596.4,Faridabad,Haryana,Cash on Delivery
ORD_02381,CUST_0429,2024-12-26,Programming Book,Books,4,899,0.15,3056.6,Sonipat,Haryana,Cash on Delivery
ORD_02382,CUST_0186,2024-12-14,Wireless Headphones,Electronics,3,1999,0.2,4797.6,New Delhi,Delhi,UPI
ORD_02383,CUST_0305,2024-01-17,Jeans,Clothing,4,1299,0.1,4676.4,New Delhi,Delhi,UPI
ORD_02384,CUST_0308,2024-09-01,Perfume,Beauty,2,999,0.1,1798.2,Panipat,Haryana,Debit Card
ORD_02385,CUST_0599,2025-01-27,Power Bank,Electronics,1,999,0.1,899.1,Sonipat,Haryana,Credit Card
ORD_02386,CUST_0744,2024-01-15,Smart Watch,Electronics,4,2499,0.2,7996.8,Chandigarh,Chandigarh,Cash on Delivery
ORD_02387,CUST_0292,2024-12-02,Smart Watch,Electronics,4,2499,0.05,9496.2,Chandigarh,Chandigarh,Debit Card
ORD_02388,CUST_0609,2025-03-28,Face Wash,Beauty,2,299,0.0,598.0,Patiala,Punjab,UPI
ORD_02389,CUST_0262,2024-05-02,Programming Book,Books,1,899,0.0,899.0,Solan,Himachal Pradesh,UPI
ORD_02390,CUST_0947,2024-03-06,Self Help Book,Books,1,599,0.0,599.0,New Delhi,Delhi,Cash on Delivery
ORD_02391,CUST_0059,2024-08-23,Bedsheet,Home,1,999,0.15,849.15,Panipat,Haryana,Debit Card
ORD_02392,CUST_0814,2025-08-11,Smart Watch,Electronics,2,2499,0.0,4998.0,Shimla,Himachal Pradesh,Credit Card
ORD_02393,CUST_0110,2025-02-17,Wireless Headphones,Electronics,3,1999,0.05,5697.15,Patiala,Punjab,Debit Card
ORD_02394,CUST_0722,2024-02-01,T-Shirt,Clothing,3,599,0.05,1707.15,Solan,Himachal Pradesh,Credit Card
ORD_02395,CUST_0143,2024-01-28,Jeans,Clothing,1,1299,0.1,1169.1,Chandigarh,Chandigarh,Debit Card
ORD_02396,CUST_0491,2025-09-22,Self Help Book,Books,2,599,0.15,1018.3,New Delhi,Delhi,Cash on Delivery
ORD_02397,CUST_0232,2025-06-30,Face Wash,Beauty,4,299,0.1,1076.4,Solan,Himachal Pradesh,Debit Card
ORD_02398,CUST_0239,2024-08-13,Self Help Book,Books,4,599,0.1,2156.4,Chandigarh,Chandigarh,Cash on Delivery
ORD_02399,CUST_0260,2024-07-23,Smart Watch,Electronics,4,2499,0.1,8996.4,Chandigarh,Chandigarh,UPI
ORD_02400,CUST_0103,2025-10-26,Sneakers,Clothing,1,1999,0.0,1999.0,Chandigarh,Chandigarh,Cash on Delivery
ORD_02401,CUST_0082,2024-11-21,Hoodie,Clothing,2,999,0.1,1798.2,New Delhi,Delhi,Cash on Delivery
ORD_02402,CUST_0833,2025-02-06,Shampoo,Beauty,3,399,0.05,1137.15,New Delhi,Delhi,UPI
ORD_02403,CUST_0071,2025-06-02,Programming Book,Books,3,899,0.1,2427.3,Amritsar,Punjab,UPI
ORD_02404,CUST_0177,2024-05-07,Shampoo,Beauty,2,399,0.15,678.3,New Delhi,Delhi,Credit Card
ORD_02405,CUST_0184,2025-12-06,Power Bank,Electronics,3,999,0.0,2997.0,Solan,Himachal Pradesh,Credit Card
ORD_02406,CUST_0254,2025-12-22,Storage Box,Home,2,499,0.05,948.1,Chandigarh,Chandigarh,Debit Card
ORD_02407,CUST_0091,2024-08-04,Exam Guide,Books,1,699,0.0,699.0,New Delhi,Delhi,Credit Card
ORD_02408,CUST_0456,2024-11-19,Table Lamp,Home,2,799,0.2,1278.4,New Delhi,Delhi,Credit Card
ORD_02409,CUST_0614,2025-02-06,T-Shirt,Clothing,1,599,0.1,539.1,Chandigarh,Chandigarh,Debit Card
ORD_02410,CUST_0332,2025-05-25,Novel,Books,4,499,0.0,1996.0,Sonipat,Haryana,Debit Card
ORD_02411,CUST_0926,2024-10-03,Novel,Books,2,499,0.05,948.1,Panipat,Haryana,UPI
ORD_02412,CUST_0134,2025-11-27,Sneakers,Clothing,2,1999,0.2,3198.4,Gurugram,Haryana,Cash on Delivery
ORD_02413,CUST_0933,2024-02-25,Bluetooth Speaker,Electronics,2,1599,0.0,3198.0,Shimla,Himachal Pradesh,Cash on Delivery
ORD_02414,CUST_0082,2024-11-06,Bluetooth Speaker,Electronics,2,1599,0.15,2718.3,Solan,Himachal Pradesh,Cash on Delivery
ORD_02415,CUST_0877,2025-04-12,Storage Box,Home,4,499,0.1,1796.4,Patiala,Punjab,Credit Card
ORD_02416,CUST_0854,2025-12-11,Programming Book,Books,4,899,0.05,3416.2,Mohali,Punjab,Debit Card
ORD_02417,CUST_0184,2024-09-28,Shampoo,Beauty,3,399,0.05,1137.15,New Delhi,Delhi,Debit Card
ORD_02418,CUST_0795,2025-09-26,Coffee Maker,Home,4,2499,0.1,8996.4,Chandigarh,Chandigarh,Debit Card
ORD_02419,CUST_0808,2025-11-22,Bedsheet,Home,4,999,0.05,3796.2,Shimla,Himachal Pradesh,Credit Card
ORD_02420,CUST_0482,2024-11-16,Shampoo,Beauty,2,399,0.05,758.1,Chandigarh,Chandigarh,Credit Card
ORD_02421,CUST_0297,2024-06-20,Power Bank,Electronics,3,999,0.0,2997.0,New Delhi,Delhi,Credit Card
ORD_02422,CUST_0908,2025-04-27,Wireless Headphones,Electronics,4,1999,0.05,7596.2,Chandigarh,Chandigarh,UPI
ORD_02423,CUST_0763,2025-01-26,Hoodie,Clothing,1,999,0.0,999.0,Mohali,Punjab,UPI
ORD_02424,CUST_0595,2025-01-21,Bluetooth Speaker,Electronics,1,1599,0.05,1519.05,Gurugram,Haryana,UPI
ORD_02425,CUST_0443,2024-09-24,Self Help Book,Books,3,599,0.2,1437.6,Chandigarh,Chandigarh,UPI
ORD_02426,CUST_0396,2024-11-11,Power Bank,Electronics,4,999,0.05,3796.2,Chandigarh,Chandigarh,Credit Card
ORD_02427,CUST_0423,2025-09-03,Wireless Headphones,Electronics,3,1999,0.15,5097.45,Gurugram,Haryana,Debit Card
ORD_02428,CUST_0968,2024-11-27,Sneakers,Clothing,4,1999,0.0,7996.0,Ludhiana,Punjab,Credit Card
ORD_02429,CUST_0533,2024-07-20,Perfume,Beauty,1,999,0.15,849.15,New Delhi,Delhi,Credit Card
ORD_02430,CUST_0605,2024-03-10,Self Help Book,Books,1,599,0.0,599.0,New Delhi,Delhi,Cash on Delivery
ORD_02431,CUST_0802,2024-12-01,Perfume,Beauty,2,999,0.1,1798.2,New Delhi,Delhi,Credit Card
ORD_02432,CUST_0561,2024-06-24,Perfume,Beauty,4,999,0.15,3396.6,Amritsar,Punjab,Cash on Delivery
ORD_02433,CUST_0029,2024-10-09,Face Wash,Beauty,2,299,0.0,598.0,New Delhi,Delhi,Debit Card
ORD_02434,CUST_0305,2025-04-02,Exam Guide,Books,2,699,0.0,1398.0,New Delhi,Delhi,Cash on Delivery
ORD_02435,CUST_0482,2025-06-03,Hoodie,Clothing,1,999,0.15,849.15,Solan,Himachal Pradesh,Debit Card
ORD_02436,CUST_0391,2024-06-20,Bluetooth Speaker,Electronics,2,1599,0.05,3038.1,Panipat,Haryana,Cash on Delivery
ORD_02437,CUST_0493,2024-03-21,Bluetooth Speaker,Electronics,2,1599,0.05,3038.1,Gurugram,Haryana,Debit Card
ORD_02438,CUST_0978,2025-01-10,Novel,Books,2,499,0.0,998.0,Solan,Himachal Pradesh,Debit Card
ORD_02439,CUST_0584,2025-09-16,Hoodie,Clothing,1,999,0.05,949.05,Panipat,Haryana,Debit Card
ORD_02440,CUST_0671,2025-10-16,Wireless Headphones,Electronics,3,1999,0.05,5697.15,Chandigarh,Chandigarh,Debit Card
ORD_02441,CUST_0709,2025-10-24,Face Wash,Beauty,3,299,0.05,852.15,Gurugram,Haryana,Debit Card
ORD_02442,CUST_0855,2024-08-25,Bluetooth Speaker,Electronics,4,1599,0.2,5116.8,Chandigarh,Chandigarh,Credit Card
ORD_02443,CUST_0621,2025-10-09,Wireless Headphones,Electronics,3,1999,0.0,5997.0,New Delhi,Delhi,Debit Card
ORD_02444,CUST_0436,2025-11-19,Hoodie,Clothing,2,999,0.0,1998.0,Solan,Himachal Pradesh,UPI
ORD_02445,CUST_0438,2025-02-18,Perfume,Beauty,1,999,0.2,799.2,Solan,Himachal Pradesh,Credit Card
ORD_02446,CUST_0638,2024-06-27,Power Bank,Electronics,1,999,0.05,949.05,New Delhi,Delhi,UPI
ORD_02447,CUST_0170,2025-04-07,Programming Book,Books,4,899,0.0,3596.0,Gurugram,Haryana,Credit Card
ORD_02448,CUST_0791,2025-12-11,Self Help Book,Books,1,599,0.1,539.1,Panipat,Haryana,Cash on Delivery
ORD_02449,CUST_0428,2024-04-07,Exam Guide,Books,4,699,0.0,2796.0,Gurugram,Haryana,Credit Card
ORD_02450,CUST_0257,2024-07-06,Bedsheet,Home,2,999,0.1,1798.2,Ludhiana,Punjab,Cash on Delivery
ORD_02451,CUST_0506,2024-08-13,Novel,Books,3,499,0.2,1197.6,Patiala,Punjab,Cash on Delivery
ORD_02452,CUST_0874,2024-05-14,Exam Guide,Books,4,699,0.0,2796.0,Shimla,Himachal Pradesh,UPI
ORD_02453,CUST_0004,2024-12-28,Jeans,Clothing,3,1299,0.15,3312.45,Sonipat,Haryana,UPI
ORD_02454,CUST_0200,2025-04-27,Body Lotion,Beauty,1,349,0.1,314.1,Faridabad,Haryana,Credit Card
ORD_02455,CUST_0146,2025-05-11,Jeans,Clothing,4,1299,0.05,4936.2,Patiala,Punjab,Debit Card
ORD_02456,CUST_0897,2025-10-26,Self Help Book,Books,1,599,0.05,569.05,Chandigarh,Chandigarh,UPI
ORD_02457,CUST_0322,2025-01-08,Face Wash,Beauty,2,299,0.05,568.1,Panipat,Haryana,Credit Card
ORD_02458,CUST_0995,2025-04-07,Novel,Books,4,499,0.2,1596.8,Chandigarh,Chandigarh,Credit Card
ORD_02459,CUST_0393,2025-01-02,Hoodie,Clothing,2,999,0.05,1898.1,New Delhi,Delhi,Credit Card
ORD_02460,CUST_0554,2025-08-17,Perfume,Beauty,4,999,0.0,3996.0,Amritsar,Punjab,Debit Card
ORD_02461,CUST_0886,2024-08-24,Sneakers,Clothing,4,1999,0.05,7596.2,Gurugram,Haryana,Cash on Delivery
ORD_02462,CUST_0414,2024-12-13,Face Wash,Beauty,4,299,0.2,956.8,Solan,Himachal Pradesh,Debit Card
ORD_02463,CUST_0450,2025-02-15,Body Lotion,Beauty,2,349,0.0,698.0,Chandigarh,Chandigarh,Credit Card
ORD_02464,CUST_0543,2024-02-15,Bluetooth Speaker,Electronics,4,1599,0.1,5756.4,Patiala,Punjab,Credit Card
ORD_02465,CUST_0407,2024-04-30,Table Lamp,Home,4,799,0.05,3036.2,New Delhi,Delhi,Cash on Delivery
ORD_02466,CUST_0460,2025-12-23,Coffee Maker,Home,1,2499,0.05,2374.05,Solan,Himachal Pradesh,Cash on Delivery
ORD_02467,CUST_0469,2025-12-27,Table Lamp,Home,3,799,0.0,2397.0,New Delhi,Delhi,Credit Card
ORD_02468,CUST_0121,2024-06-16,Self Help Book,Books,3,599,0.0,1797.0,New Delhi,Delhi,Credit Card
ORD_02469,CUST_0830,2025-12-03,Body Lotion,Beauty,3,349,0.05,994.65,Solan,Himachal Pradesh,Credit Card
ORD_02470,CUST_0120,2025-05-20,Coffee Maker,Home,4,2499,0.1,8996.4,Gurugram,Haryana,Cash on Delivery
ORD_02471,CUST_0128,2024-07-23,Table Lamp,Home,2,799,0.1,1438.2,Mohali,Punjab,Credit Card
ORD_02472,CUST_0363,2025-10-01,Novel,Books,4,499,0.1,1796.4,New Delhi,Delhi,Cash on Delivery
ORD_02473,CUST_0755,2024-01-08,Shampoo,Beauty,4,399,0.1,1436.4,Solan,Himachal Pradesh,Credit Card
ORD_02474,CUST_0112,2024-07-30,Face Wash,Beauty,2,299,0.0,598.0,Sonipat,Haryana,UPI
ORD_02475,CUST_0958,2025-12-20,Table Lamp,Home,4,799,0.15,2716.6,Ludhiana,Punjab,Debit Card
ORD_02476,CUST_0907,2025-03-03,Sneakers,Clothing,2,1999,0.0,3998.0,Shimla,Himachal Pradesh,Credit Card
ORD_02477,CUST_0709,2024-09-14,Novel,Books,4,499,0.05,1896.2,Amritsar,Punjab,Debit Card
ORD_02478,CUST_0424,2024-06-21,Hoodie,Clothing,1,999,0.15,849.15,Chandigarh,Chandigarh,UPI
ORD_02479,CUST_0227,2025-09-29,Wireless Headphones,Electronics,2,1999,0.15,3398.3,Shimla,Himachal Pradesh,UPI
ORD_02480,CUST_0624,2025-05-23,Bedsheet,Home,1,999,0.1,899.1,Panipat,Haryana,Cash on Delivery
ORD_02481,CUST_0437,2024-01-14,Exam Guide,Books,4,699,0.1,2516.4,Gurugram,Haryana,Cash on Delivery
ORD_02482,CUST_0025,2024-02-09,Jeans,Clothing,1,1299,0.1,1169.1,New Delhi,Delhi,Cash on Delivery
ORD_02483,CUST_0089,2025-07-24,Perfume,Beauty,1,999,0.15,849.15,Shimla,Himachal Pradesh,Credit Card
ORD_02484,CUST_0395,2025-08-12,Wireless Headphones,Electronics,2,1999,0.0,3998.0,Solan,Himachal Pradesh,Debit Card
ORD_02485,CUST_0968,2024-08-22,Hoodie,Clothing,4,999,0.15,3396.6,New Delhi,Delhi,Debit Card
ORD_02486,CUST_0572,2025-02-20,Wireless Headphones,Electronics,3,1999,0.2,4797.6,Ludhiana,Punjab,UPI
ORD_02487,CUST_0297,2025-04-03,Novel,Books,2,499,0.1,898.2,Amritsar,Punjab,UPI
ORD_02488,CUST_0090,2025-12-08,Perfume,Beauty,4,999,0.1,3596.4,New Delhi,Delhi,Credit Card
ORD_02489,CUST_0091,2025-01-13,Novel,Books,2,499,0.0,998.0,Gurugram,Haryana,Cash on Delivery
ORD_02490,CUST_0146,2025-01-01,Bluetooth Speaker,Electronics,2,1599,0.05,3038.1,Patiala,Punjab,Debit Card
ORD_02491,CUST_0590,2025-12-12,Hoodie,Clothing,4,999,0.0,3996.0,Gurugram,Haryana,UPI
ORD_02492,CUST_0135,2025-01-19,Coffee Maker,Home,3,2499,0.0,7497.0,Shimla,Himachal Pradesh,Debit Card
ORD_02493,CUST_0949,2025-05-15,Shampoo,Beauty,3,399,0.05,1137.15,New Delhi,Delhi,Cash on Delivery
ORD_02494,CUST_0580,2024-09-20,Programming Book,Books,2,899,0.0,1798.0,Chandigarh,Chandigarh,Cash on Delivery
ORD_02495,CUST_0630,2025-02-10,Hoodie,Clothing,3,999,0.1,2697.3,Sonipat,Haryana,Credit Card
ORD_02496,CUST_0639,2025-10-22,Novel,Books,4,499,0.2,1596.8,Shimla,Himachal Pradesh,Credit Card
ORD_02497,CUST_0641,2025-10-10,Programming Book,Books,1,899,0.05,854.05,New Delhi,Delhi,Debit Card
ORD_02498,CUST_0671,2024-03-09,Jeans,Clothing,2,1299,0.15,2208.3,Shimla,Himachal Pradesh,Debit Card
ORD_02499,CUST_0755,2025-03-05,Shampoo,Beauty,1,399,0.1,359.1,Mohali,Punjab,Debit Card
ORD_02500,CUST_0988,2024-06-18,Smart Watch,Electronics,3,2499,0.05,7122.15,Sonipat,Haryana,Cash on Delivery
ORD_02501,CUST_0769,2024-04-15,Power Bank,Electronics,1,999,0.05,949.05,Sonipat,Haryana,UPI
ORD_02502,CUST_0665,2025-01-13,T-Shirt,Clothing,2,599,0.1,1078.2,Mohali,Punjab,Debit Card
ORD_02503,CUST_0911,2025-06-18,Face Wash,Beauty,2,299,0.0,598.0,Solan,Himachal Pradesh,Debit Card
ORD_02504,CUST_0136,2024-02-02,Wireless Headphones,Electronics,4,1999,0.1,7196.4,Solan,Himachal Pradesh,Debit Card
ORD_02505,CUST_0789,2025-09-21,Wireless Headphones,Electronics,4,1999,0.2,6396.8,Panipat,Haryana,Cash on Delivery
ORD_02506,CUST_0637,2024-07-05,Storage Box,Home,3,499,0.15,1272.45,Faridabad,Haryana,Debit Card
ORD_02507,CUST_0361,2024-05-09,Smart Watch,Electronics,4,2499,0.1,8996.4,Solan,Himachal Pradesh,Credit Card
ORD_02508,CUST_0721,2024-07-29,Perfume,Beauty,1,999,0.0,999.0,Faridabad,Haryana,Credit Card
ORD_02509,CUST_1000,2024-08-09,Power Bank,Electronics,4,999,0.2,3196.8,Panipat,Haryana,Cash on Delivery
ORD_02510,CUST_0742,2025-08-26,Novel,Books,4,499,0.0,1996.0,Mohali,Punjab,Debit Card
ORD_02511,CUST_0368,2025-01-31,Shampoo,Beauty,3,399,0.1,1077.3,Patiala,Punjab,Cash on Delivery
ORD_02512,CUST_0898,2025-10-04,Exam Guide,Books,2,699,0.05,1328.1,Chandigarh,Chandigarh,Credit Card
ORD_02513,CUST_0343,2025-10-20,Programming Book,Books,3,899,0.1,2427.3,Solan,Himachal Pradesh,Debit Card
ORD_02514,CUST_0028,2024-01-17,Exam Guide,Books,4,699,0.1,2516.4,New Delhi,Delhi,UPI
ORD_02515,CUST_0502,2024-02-02,T-Shirt,Clothing,3,599,0.2,1437.6,New Delhi,Delhi,Debit Card
ORD_02516,CUST_0624,2024-01-23,Table Lamp,Home,3,799,0.05,2277.15,Chandigarh,Chandigarh,Cash on Delivery
ORD_02517,CUST_0487,2025-02-09,T-Shirt,Clothing,1,599,0.0,599.0,Mohali,Punjab,UPI
ORD_02518,CUST_0206,2024-12-01,Power Bank,Electronics,2,999,0.1,1798.2,Chandigarh,Chandigarh,Debit Card
ORD_02519,CUST_0134,2025-02-28,Shampoo,Beauty,2,399,0.1,718.2,New Delhi,Delhi,Credit Card
ORD_02520,CUST_0510,2025-07-21,Coffee Maker,Home,1,2499,0.2,1999.2,Amritsar,Punjab,Debit Card
ORD_02521,CUST_0211,2024-08-02,Bluetooth Speaker,Electronics,4,1599,0.0,6396.0,Chandigarh,Chandigarh,Credit Card
ORD_02522,CUST_0959,2024-08-21,Bluetooth Speaker,Electronics,3,1599,0.1,4317.3,New Delhi,Delhi,UPI
ORD_02523,CUST_0575,2024-05-24,Perfume,Beauty,1,999,0.1,899.1,Sonipat,Haryana,Credit Card
ORD_02524,CUST_0435,2025-11-18,Bluetooth Speaker,Electronics,1,1599,0.15,1359.15,Solan,Himachal Pradesh,Debit Card
ORD_02525,CUST_0204,2024-07-19,Body Lotion,Beauty,3,349,0.15,889.95,Chandigarh,Chandigarh,Credit Card
ORD_02526,CUST_0527,2024-09-19,Novel,Books,2,499,0.15,848.3,Ludhiana,Punjab,Cash on Delivery
ORD_02527,CUST_0516,2024-05-17,Storage Box,Home,2,499,0.05,948.1,Chandigarh,Chandigarh,Debit Card
ORD_02528,CUST_0472,2025-07-24,Face Wash,Beauty,4,299,0.1,1076.4,Mohali,Punjab,Credit Card
ORD_02529,CUST_0548,2024-07-22,Bedsheet,Home,3,999,0.0,2997.0,Amritsar,Punjab,Credit Card
ORD_02530,CUST_0609,2025-06-12,Novel,Books,4,499,0.05,1896.2,Chandigarh,Chandigarh,Credit Card
ORD_02531,CUST_0278,2025-05-21,Jeans,Clothing,4,1299,0.05,4936.2,New Delhi,Delhi,UPI
ORD_02532,CUST_0397,2025-10-20,Smart Watch,Electronics,3,2499,0.2,5997.6,New Delhi,Delhi,Credit Card
ORD_02533,CUST_0238,2025-05-23,Coffee Maker,Home,4,2499,0.0,9996.0,Patiala,Punjab,Cash on Delivery
ORD_02534,CUST_0123,2024-02-08,Bluetooth Speaker,Electronics,3,1599,0.1,4317.3,Ludhiana,Punjab,Debit Card
ORD_02535,CUST_0546,2024-10-09,T-Shirt,Clothing,1,599,0.1,539.1,Shimla,Himachal Pradesh,Debit Card
ORD_02536,CUST_0155,2024-12-04,Programming Book,Books,2,899,0.2,1438.4,Faridabad,Haryana,Cash on Delivery
ORD_02537,CUST_0266,2025-01-25,Storage Box,Home,2,499,0.0,998.0,Chandigarh,Chandigarh,Debit Card
ORD_02538,CUST_0716,2024-07-14,Face Wash,Beauty,3,299,0.0,897.0,Sonipat,Haryana,Debit Card
ORD_02539,CUST_0062,2025-09-30,T-Shirt,Clothing,4,599,0.0,2396.0,Sonipat,Haryana,UPI
ORD_02540,CUST_0376,2025-05-14,Body Lotion,Beauty,3,349,0.2,837.6,Chandigarh,Chandigarh,Credit Card
ORD_02541,CUST_0322,2024-08-27,Novel,Books,3,499,0.0,1497.0,New Delhi,Delhi,Credit Card
ORD_02542,CUST_0420,2024-01-07,Power Bank,Electronics,3,999,0.0,2997.0,New Delhi,Delhi,UPI
ORD_02543,CUST_0179,2024-05-29,Power Bank,Electronics,2,999,0.1,1798.2,Shimla,Himachal Pradesh,Cash on Delivery
ORD_02544,CUST_0839,2024-09-07,Wireless Headphones,Electronics,4,1999,0.0,7996.0,New Delhi,Delhi,Cash on Delivery
ORD_02545,CUST_0954,2024-01-01,Wireless Headphones,Electronics,4,1999,0.2,6396.8,Patiala,Punjab,Cash on Delivery
ORD_02546,CUST_0482,2025-04-09,Sneakers,Clothing,3,1999,0.0,5997.0,Shimla,Himachal Pradesh,UPI
ORD_02547,CUST_0959,2024-12-08,Coffee Maker,Home,2,2499,0.0,4998.0,Sonipat,Haryana,Credit Card
ORD_02548,CUST_0736,2024-03-07,Storage Box,Home,2,499,0.1,898.2,Mohali,Punjab,Credit Card
ORD_02549,CUST_0309,2025-06-13,Coffee Maker,Home,2,2499,0.0,4998.0,Gurugram,Haryana,UPI
ORD_02550,CUST_0941,2025-11-01,Storage Box,Home,2,499,0.0,998.0,Chandigarh,Chandigarh,UPI
ORD_02551,CUST_0485,2025-05-02,Power Bank,Electronics,2,999,0.05,1898.1,New Delhi,Delhi,Credit Card
ORD_02552,CUST_0340,2024-09-25,Storage Box,Home,4,499,0.15,1696.6,Solan,Himachal Pradesh,Credit Card
ORD_02553,CUST_0693,2024-08-09,T-Shirt,Clothing,4,599,0.15,2036.6,Amritsar,Punjab,UPI
ORD_02554,CUST_0664,2025-01-17,Hoodie,Clothing,2,999,0.0,1998.0,Patiala,Punjab,Debit Card
ORD_02555,CUST_0451,2025-12-19,Power Bank,Electronics,2,999,0.05,1898.1,Chandigarh,Chandigarh,Debit Card
ORD_02556,CUST_0304,2024-03-28,Coffee Maker,Home,4,2499,0.2,7996.8,Faridabad,Haryana,Credit Card
ORD_02557,CUST_0802,2024-11-30,Body Lotion,Beauty,1,349,0.05,331.55,Gurugram,Haryana,Debit Card
ORD_02558,CUST_0854,2025-02-22,Coffee Maker,Home,4,2499,0.15,8496.6,Solan,Himachal Pradesh,Cash on Delivery
ORD_02559,CUST_0204,2025-12-13,Self Help Book,Books,2,599,0.0,1198.0,New Delhi,Delhi,UPI
ORD_02560,CUST_0624,2024-04-24,Shampoo,Beauty,2,399,0.0,798.0,New Delhi,Delhi,Debit Card
ORD_02561,CUST_0636,2024-04-05,Self Help Book,Books,4,599,0.15,2036.6,New Delhi,Delhi,Cash on Delivery
ORD_02562,CUST_0613,2025-03-18,Sneakers,Clothing,1,1999,0.15,1699.15,Chandigarh,Chandigarh,UPI
ORD_02563,CUST_0201,2024-05-12,Bluetooth Speaker,Electronics,3,1599,0.1,4317.3,Faridabad,Haryana,Cash on Delivery
ORD_02564,CUST_0391,2024-01-03,Table Lamp,Home,1,799,0.05,759.05,New Delhi,Delhi,Cash on Delivery
ORD_02565,CUST_0544,2024-10-17,Body Lotion,Beauty,4,349,0.1,1256.4,Chandigarh,Chandigarh,Cash on Delivery
ORD_02566,CUST_0552,2024-07-07,Exam Guide,Books,4,699,0.0,2796.0,Chandigarh,Chandigarh,UPI
ORD_02567,CUST_0065,2024-11-26,Smart Watch,Electronics,2,2499,0.0,4998.0,Shimla,Himachal Pradesh,Credit Card
ORD_02568,CUST_0808,2024-03-03,Bluetooth Speaker,Electronics,4,1599,0.1,5756.4,Chandigarh,Chandigarh,UPI
ORD_02569,CUST_0500,2024-02-20,Self Help Book,Books,1,599,0.1,539.1,Patiala,Punjab,Credit Card
ORD_02570,CUST_0229,2025-05-08,Bedsheet,Home,3,999,0.2,2397.6,Solan,Himachal Pradesh,Credit Card
ORD_02571,CUST_0602,2024-03-01,Self Help Book,Books,1,599,0.0,599.0,New Delhi,Delhi,Credit Card
ORD_02572,CUST_0524,2025-02-26,Exam Guide,Books,4,699,0.05,2656.2,Chandigarh,Chandigarh,Debit Card
ORD_02573,CUST_0371,2025-06-26,Smart Watch,Electronics,3,2499,0.1,6747.3,New Delhi,Delhi,Credit Card
ORD_02574,CUST_0491,2025-04-28,Power Bank,Electronics,2,999,0.15,1698.3,Sonipat,Haryana,Credit Card
ORD_02575,CUST_0869,2024-12-24,Storage Box,Home,2,499,0.05,948.1,New Delhi,Delhi,Credit Card
ORD_02576,CUST_0911,2025-10-24,Wireless Headphones,Electronics,1,1999,0.05,1899.05,Chandigarh,Chandigarh,UPI
ORD_02577,CUST_0066,2024-11-23,Novel,Books,4,499,0.1,1796.4,Sonipat,Haryana,Debit Card
ORD_02578,CUST_0542,2024-05-12,Programming Book,Books,3,899,0.15,2292.45,Shimla,Himachal Pradesh,UPI
ORD_02579,CUST_0875,2025-07-25,Bluetooth Speaker,Electronics,3,1599,0.0,4797.0,Chandigarh,Chandigarh,Credit Card
ORD_02580,CUST_0771,2025-02-24,T-Shirt,Clothing,2,599,0.15,1018.3,Chandigarh,Chandigarh,Cash on Delivery
ORD_02581,CUST_0853,2025-11-22,Smart Watch,Electronics,4,2499,0.0,9996.0,New Delhi,Delhi,UPI
ORD_02582,CUST_0107,2024-04-19,Wireless Headphones,Electronics,1,1999,0.15,1699.15,Solan,Himachal Pradesh,UPI
ORD_02583,CUST_0814,2024-01-19,Perfume,Beauty,2,999,0.0,1998.0,New Delhi,Delhi,UPI
ORD_02584,CUST_0837,2025-04-28,Novel,Books,2,499,0.2,798.4,Faridabad,Haryana,UPI
ORD_02585,CUST_0799,2024-01-08,Bluetooth Speaker,Electronics,3,1599,0.0,4797.0,Mohali,Punjab,Debit Card
ORD_02586,CUST_0519,2025-11-19,Table Lamp,Home,3,799,0.05,2277.15,New Delhi,Delhi,Credit Card
ORD_02587,CUST_0553,2024-11-18,Sneakers,Clothing,2,1999,0.15,3398.3,Solan,Himachal Pradesh,Cash on Delivery
ORD_02588,CUST_0981,2025-05-03,Exam Guide,Books,3,699,0.05,1992.15,Shimla,Himachal Pradesh,Credit Card
ORD_02589,CUST_0628,2025-10-12,Self Help Book,Books,1,599,0.05,569.05,Solan,Himachal Pradesh,UPI
ORD_02590,CUST_0903,2024-04-06,Power Bank,Electronics,2,999,0.05,1898.1,New Delhi,Delhi,UPI
ORD_02591,CUST_0449,2025-02-28,T-Shirt,Clothing,1,599,0.1,539.1,Shimla,Himachal Pradesh,Debit Card
ORD_02592,CUST_0135,2024-02-15,Sneakers,Clothing,3,1999,0.1,5397.3,New Delhi,Delhi,Credit Card
ORD_02593,CUST_0648,2024-04-18,Storage Box,Home,4,499,0.0,1996.0,Ludhiana,Punjab,Cash on Delivery
ORD_02594,CUST_0266,2024-09-18,Jeans,Clothing,4,1299,0.05,4936.2,Amritsar,Punjab,UPI
ORD_02595,CUST_0234,2024-07-28,T-Shirt,Clothing,4,599,0.05,2276.2,Chandigarh,Chandigarh,Debit Card
ORD_02596,CUST_0583,2025-04-08,Power Bank,Electronics,1,999,0.05,949.05,Chandigarh,Chandigarh,Cash on Delivery
ORD_02597,CUST_0452,2024-05-29,Programming Book,Books,3,899,0.05,2562.15,Patiala,Punjab,Debit Card
ORD_02598,CUST_0402,2024-05-18,T-Shirt,Clothing,2,599,0.0,1198.0,Sonipat,Haryana,Credit Card
ORD_02599,CUST_0484,2024-05-13,Bluetooth Speaker,Electronics,4,1599,0.05,6076.2,Sonipat,Haryana,Cash on Delivery
ORD_02600,CUST_0651,2025-09-02,Exam Guide,Books,2,699,0.15,1188.3,Chandigarh,Chandigarh,Credit Card
ORD_02601,CUST_0443,2024-04-08,Novel,Books,1,499,0.0,499.0,Amritsar,Punjab,UPI
ORD_02602,CUST_0720,2024-03-04,Bluetooth Speaker,Electronics,1,1599,0.15,1359.15,Panipat,Haryana,Debit Card
ORD_02603,CUST_0098,2025-05-07,Perfume,Beauty,4,999,0.1,3596.4,New Delhi,Delhi,Credit Card
ORD_02604,CUST_0140,2024-06-11,Exam Guide,Books,4,699,0.05,2656.2,Chandigarh,Chandigarh,UPI
ORD_02605,CUST_0031,2025-02-20,Exam Guide,Books,3,699,0.05,1992.15,Patiala,Punjab,Debit Card
ORD_02606,CUST_0296,2025-12-19,Novel,Books,1,499,0.15,424.15,Shimla,Himachal Pradesh,Credit Card
ORD_02607,CUST_0332,2025-09-10,Self Help Book,Books,3,599,0.05,1707.15,Chandigarh,Chandigarh,Credit Card
ORD_02608,CUST_0145,2024-04-21,Programming Book,Books,3,899,0.15,2292.45,Panipat,Haryana,Cash on Delivery
ORD_02609,CUST_0405,2024-10-12,Self Help Book,Books,2,599,0.1,1078.2,Solan,Himachal Pradesh,Cash on Delivery
ORD_02610,CUST_0713,2024-09-28,Perfume,Beauty,1,999,0.15,849.15,New Delhi,Delhi,Cash on Delivery
ORD_02611,CUST_0319,2025-10-10,Body Lotion,Beauty,4,349,0.05,1326.2,Ludhiana,Punjab,Cash on Delivery
ORD_02612,CUST_0532,2024-03-23,Self Help Book,Books,2,599,0.05,1138.1,Panipat,Haryana,Credit Card
ORD_02613,CUST_0540,2025-05-04,Perfume,Beauty,1,999,0.15,849.15,Faridabad,Haryana,UPI
ORD_02614,CUST_0314,2024-08-02,Sneakers,Clothing,4,1999,0.0,7996.0,Gurugram,Haryana,Credit Card
ORD_02615,CUST_0874,2025-12-18,Bluetooth Speaker,Electronics,4,1599,0.1,5756.4,New Delhi,Delhi,Credit Card
ORD_02616,CUST_0828,2025-11-21,Body Lotion,Beauty,4,349,0.05,1326.2,New Delhi,Delhi,Credit Card
ORD_02617,CUST_0327,2025-08-06,Body Lotion,Beauty,3,349,0.0,1047.0,Solan,Himachal Pradesh,Debit Card
ORD_02618,CUST_0263,2025-08-10,Jeans,Clothing,4,1299,0.0,5196.0,Gurugram,Haryana,Credit Card
ORD_02619,CUST_0585,2025-06-15,Novel,Books,1,499,0.05,474.05,Ludhiana,Punjab,Credit Card
ORD_02620,CUST_0300,2024-10-27,Bedsheet,Home,2,999,0.1,1798.2,New Delhi,Delhi,Cash on Delivery
ORD_02621,CUST_0989,2025-09-15,Jeans,Clothing,4,1299,0.0,5196.0,Amritsar,Punjab,Debit Card
ORD_02622,CUST_0098,2024-09-06,Self Help Book,Books,1,599,0.0,599.0,Faridabad,Haryana,UPI
ORD_02623,CUST_0485,2024-01-23,Exam Guide,Books,2,699,0.0,1398.0,Gurugram,Haryana,Credit Card
ORD_02624,CUST_0370,2025-06-04,Programming Book,Books,4,899,0.2,2876.8,Sonipat,Haryana,Debit Card
ORD_02625,CUST_0647,2024-09-30,Exam Guide,Books,4,699,0.15,2376.6,Sonipat,Haryana,UPI
ORD_02626,CUST_0749,2024-05-02,Programming Book,Books,2,899,0.0,1798.0,Solan,Himachal Pradesh,Debit Card
ORD_02627,CUST_0787,2025-03-03,Table Lamp,Home,2,799,0.05,1518.1,New Delhi,Delhi,Debit Card
ORD_02628,CUST_0964,2024-11-28,Exam Guide,Books,2,699,0.1,1258.2,Patiala,Punjab,Credit Card
ORD_02629,CUST_0694,2024-05-20,Storage Box,Home,2,499,0.2,798.4,Solan,Himachal Pradesh,Credit Card
ORD_02630,CUST_0052,2024-07-17,Programming Book,Books,1,899,0.05,854.05,Chandigarh,Chandigarh,Credit Card
ORD_02631,CUST_0729,2024-11-10,Power Bank,Electronics,2,999,0.0,1998.0,Chandigarh,Chandigarh,Cash on Delivery
ORD_02632,CUST_0077,2025-09-08,Hoodie,Clothing,3,999,0.1,2697.3,New Delhi,Delhi,Credit Card
ORD_02633,CUST_0801,2025-07-27,Shampoo,Beauty,1,399,0.1,359.1,New Delhi,Delhi,UPI
ORD_02634,CUST_0889,2024-10-05,Table Lamp,Home,1,799,0.1,719.1,New Delhi,Delhi,Debit Card
ORD_02635,CUST_0964,2025-06-18,Self Help Book,Books,1,599,0.0,599.0,Gurugram,Haryana,Debit Card
ORD_02636,CUST_0121,2025-05-10,Programming Book,Books,3,899,0.2,2157.6,Chandigarh,Chandigarh,Credit Card
ORD_02637,CUST_0984,2025-03-04,Novel,Books,2,499,0.1,898.2,Chandigarh,Chandigarh,Credit Card
ORD_02638,CUST_0270,2024-04-13,Coffee Maker,Home,3,2499,0.0,7497.0,Shimla,Himachal Pradesh,Cash on Delivery
ORD_02639,CUST_0028,2024-12-13,Hoodie,Clothing,4,999,0.1,3596.4,Amritsar,Punjab,Cash on Delivery
ORD_02640,CUST_0528,2024-12-05,Programming Book,Books,1,899,0.05,854.05,Faridabad,Haryana,Cash on Delivery
ORD_02641,CUST_0346,2025-05-28,Wireless Headphones,Electronics,1,1999,0.05,1899.05,Shimla,Himachal Pradesh,Debit Card
ORD_02642,CUST_0767,2025-08-09,Face Wash,Beauty,4,299,0.05,1136.2,Gurugram,Haryana,Debit Card
ORD_02643,CUST_0450,2024-02-21,Storage Box,Home,3,499,0.05,1422.15,Solan,Himachal Pradesh,UPI
ORD_02644,CUST_0310,2025-03-18,Novel,Books,4,499,0.2,1596.8,New Delhi,Delhi,UPI
ORD_02645,CUST_0499,2025-01-05,T-Shirt,Clothing,1,599,0.15,509.15,Shimla,Himachal Pradesh,UPI
ORD_02646,CUST_0590,2025-11-10,Power Bank,Electronics,3,999,0.0,2997.0,Solan,Himachal Pradesh,UPI
ORD_02647,CUST_0861,2025-08-05,Jeans,Clothing,3,1299,0.0,3897.0,New Delhi,Delhi,Debit Card
ORD_02648,CUST_0956,2025-02-20,Wireless Headphones,Electronics,2,1999,0.05,3798.1,New Delhi,Delhi,UPI
ORD_02649,CUST_0532,2024-04-29,Body Lotion,Beauty,2,349,0.1,628.2,Amritsar,Punjab,UPI
ORD_02650,CUST_0153,2025-05-18,Exam Guide,Books,4,699,0.05,2656.2,Gurugram,Haryana,Credit Card
ORD_02651,CUST_0220,2024-11-29,Body Lotion,Beauty,4,349,0.2,1116.8,Solan,Himachal Pradesh,Cash on Delivery
ORD_02652,CUST_0940,2025-01-30,Power Bank,Electronics,3,999,0.0,2997.0,Panipat,Haryana,Credit Card
ORD_02653,CUST_0909,2024-02-29,Exam Guide,Books,2,699,0.05,1328.1,Solan,Himachal Pradesh,Cash on Delivery
ORD_02654,CUST_0001,2024-02-03,Coffee Maker,Home,4,2499,0.0,9996.0,Amritsar,Punjab,Credit Card
ORD_02655,CUST_0158,2024-11-30,Exam Guide,Books,2,699,0.05,1328.1,Sonipat,Haryana,Debit Card
ORD_02656,CUST_0418,2024-11-15,Body Lotion,Beauty,1,349,0.15,296.65,Chandigarh,Chandigarh,UPI
ORD_02657,CUST_0185,2025-01-25,Exam Guide,Books,4,699,0.1,2516.4,Chandigarh,Chandigarh,UPI
ORD_02658,CUST_0957,2024-03-15,Jeans,Clothing,2,1299,0.0,2598.0,Shimla,Himachal Pradesh,Credit Card
ORD_02659,CUST_0142,2024-05-25,Jeans,Clothing,1,1299,0.1,1169.1,Chandigarh,Chandigarh,UPI
ORD_02660,CUST_0821,2024-11-06,Storage Box,Home,4,499,0.0,1996.0,Amritsar,Punjab,Debit Card
ORD_02661,CUST_0144,2025-01-16,Perfume,Beauty,1,999,0.0,999.0,Solan,Himachal Pradesh,Debit Card
ORD_02662,CUST_0717,2024-01-21,Perfume,Beauty,2,999,0.0,1998.0,Solan,Himachal Pradesh,Cash on Delivery
ORD_02663,CUST_0111,2025-04-04,Self Help Book,Books,3,599,0.15,1527.45,Faridabad,Haryana,Cash on Delivery
ORD_02664,CUST_0440,2024-09-18,Storage Box,Home,4,499,0.05,1896.2,New Delhi,Delhi,UPI
ORD_02665,CUST_0161,2024-04-20,Bedsheet,Home,1,999,0.05,949.05,Patiala,Punjab,Cash on Delivery
ORD_02666,CUST_0064,2025-04-29,Sneakers,Clothing,2,1999,0.1,3598.2,Solan,Himachal Pradesh,UPI
ORD_02667,CUST_0239,2025-04-25,Programming Book,Books,3,899,0.1,2427.3,Chandigarh,Chandigarh,UPI
ORD_02668,CUST_0416,2024-08-12,Table Lamp,Home,4,799,0.1,2876.4,Patiala,Punjab,Debit Card
ORD_02669,CUST_0360,2025-11-08,Body Lotion,Beauty,1,349,0.05,331.55,Shimla,Himachal Pradesh,Credit Card
ORD_02670,CUST_0291,2025-05-25,Sneakers,Clothing,2,1999,0.1,3598.2,Chandigarh,Chandigarh,Credit Card
ORD_02671,CUST_0016,2025-08-21,Exam Guide,Books,4,699,0.05,2656.2,New Delhi,Delhi,Debit Card
ORD_02672,CUST_0723,2024-04-24,Wireless Headphones,Electronics,1,1999,0.15,1699.15,New Delhi,Delhi,Cash on Delivery
ORD_02673,CUST_0499,2024-01-24,Body Lotion,Beauty,4,349,0.0,1396.0,New Delhi,Delhi,UPI
ORD_02674,CUST_0075,2025-07-21,Bluetooth Speaker,Electronics,1,1599,0.1,1439.1,Shimla,Himachal Pradesh,UPI
ORD_02675,CUST_0610,2025-12-05,Jeans,Clothing,2,1299,0.1,2338.2,Panipat,Haryana,Cash on Delivery
ORD_02676,CUST_0800,2025-03-20,Hoodie,Clothing,1,999,0.1,899.1,New Delhi,Delhi,Debit Card
ORD_02677,CUST_0731,2024-04-11,Shampoo,Beauty,3,399,0.2,957.6,Amritsar,Punjab,Debit Card
ORD_02678,CUST_0161,2025-10-12,Bluetooth Speaker,Electronics,3,1599,0.1,4317.3,New Delhi,Delhi,UPI
ORD_02679,CUST_0938,2025-12-29,Self Help Book,Books,2,599,0.1,1078.2,Sonipat,Haryana,Debit Card
ORD_02680,CUST_0404,2024-09-08,Coffee Maker,Home,2,2499,0.15,4248.3,Shimla,Himachal Pradesh,Credit Card
ORD_02681,CUST_0675,2025-02-03,Perfume,Beauty,2,999,0.0,1998.0,New Delhi,Delhi,Debit Card
ORD_02682,CUST_0192,2024-04-24,T-Shirt,Clothing,2,599,0.0,1198.0,Shimla,Himachal Pradesh,Cash on Delivery
ORD_02683,CUST_0274,2025-08-07,Sneakers,Clothing,1,1999,0.1,1799.1,Patiala,Punjab,UPI
ORD_02684,CUST_0455,2025-07-09,Perfume,Beauty,3,999,0.0,2997.0,Panipat,Haryana,Debit Card
ORD_02685,CUST_0036,2025-02-24,Sneakers,Clothing,2,1999,0.0,3998.0,Ludhiana,Punjab,UPI
ORD_02686,CUST_0126,2025-02-05,Perfume,Beauty,2,999,0.0,1998.0,Chandigarh,Chandigarh,Cash on Delivery
ORD_02687,CUST_0740,2024-02-25,Bedsheet,Home,3,999,0.05,2847.15,New Delhi,Delhi,Credit Card
ORD_02688,CUST_0630,2024-12-12,Jeans,Clothing,1,1299,0.1,1169.1,Chandigarh,Chandigarh,Cash on Delivery
ORD_02689,CUST_0133,2025-06-30,Coffee Maker,Home,3,2499,0.05,7122.15,Gurugram,Haryana,UPI
ORD_02690,CUST_0474,2025-04-15,Table Lamp,Home,2,799,0.0,1598.0,Chandigarh,Chandigarh,UPI
ORD_02691,CUST_0902,2025-08-20,Bedsheet,Home,2,999,0.1,1798.2,Solan,Himachal Pradesh,Credit Card
ORD_02692,CUST_0605,2025-01-16,Programming Book,Books,2,899,0.0,1798.0,Shimla,Himachal Pradesh,Credit Card
ORD_02693,CUST_0358,2024-08-10,Storage Box,Home,2,499,0.1,898.2,Amritsar,Punjab,Credit Card
ORD_02694,CUST_0874,2024-06-08,Coffee Maker,Home,3,2499,0.1,6747.3,Amritsar,Punjab,Credit Card
ORD_02695,CUST_0398,2025-08-11,Sneakers,Clothing,3,1999,0.15,5097.45,Shimla,Himachal Pradesh,Cash on Delivery
ORD_02696,CUST_0075,2024-07-07,Jeans,Clothing,3,1299,0.15,3312.45,Chandigarh,Chandigarh,Debit Card
ORD_02697,CUST_0401,2024-01-17,Power Bank,Electronics,3,999,0.1,2697.3,Solan,Himachal Pradesh,Credit Card
ORD_02698,CUST_0146,2024-06-18,Hoodie,Clothing,1,999,0.1,899.1,Patiala,Punjab,Credit Card
ORD_02699,CUST_0499,2025-11-25,Face Wash,Beauty,3,299,0.05,852.15,Shimla,Himachal Pradesh,Credit Card
ORD_02700,CUST_0365,2025-02-06,Exam Guide,Books,2,699,0.0,1398.0,Shimla,Himachal Pradesh,Cash on Delivery
ORD_02701,CUST_0595,2025-04-23,T-Shirt,Clothing,2,599,0.05,1138.1,Chandigarh,Chandigarh,Cash on Delivery
ORD_02702,CUST_0568,2024-10-30,Hoodie,Clothing,2,999,0.05,1898.1,Shimla,Himachal Pradesh,Debit Card
ORD_02703,CUST_0804,2024-03-06,Wireless Headphones,Electronics,4,1999,0.15,6796.6,Solan,Himachal Pradesh,Debit Card
ORD_02704,CUST_0385,2024-09-23,Coffee Maker,Home,1,2499,0.0,2499.0,Shimla,Himachal Pradesh,UPI
ORD_02705,CUST_0899,2025-11-24,Exam Guide,Books,3,699,0.1,1887.3,Chandigarh,Chandigarh,Credit Card
ORD_02706,CUST_0359,2024-12-26,Coffee Maker,Home,1,2499,0.05,2374.05,Ludhiana,Punjab,UPI
ORD_02707,CUST_0195,2024-08-28,Wireless Headphones,Electronics,4,1999,0.2,6396.8,Solan,Himachal Pradesh,UPI
ORD_02708,CUST_0142,2024-10-08,Hoodie,Clothing,3,999,0.0,2997.0,Chandigarh,Chandigarh,UPI
ORD_02709,CUST_0556,2025-06-19,Bluetooth Speaker,Electronics,1,1599,0.2,1279.2,Chandigarh,Chandigarh,Cash on Delivery
ORD_02710,CUST_0340,2024-02-12,Exam Guide,Books,3,699,0.05,1992.15,Solan,Himachal Pradesh,Debit Card
ORD_02711,CUST_0232,2024-11-28,Perfume,Beauty,2,999,0.2,1598.4,Mohali,Punjab,Debit Card
ORD_02712,CUST_0016,2025-01-13,Novel,Books,1,499,0.05,474.05,Ludhiana,Punjab,Debit Card
ORD_02713,CUST_0782,2025-04-09,Exam Guide,Books,1,699,0.05,664.05,New Delhi,Delhi,Debit Card
ORD_02714,CUST_0180,2025-08-27,Bedsheet,Home,1,999,0.0,999.0,Solan,Himachal Pradesh,Credit Card
ORD_02715,CUST_0354,2024-10-08,Coffee Maker,Home,3,2499,0.2,5997.6,New Delhi,Delhi,Cash on Delivery
ORD_02716,CUST_0559,2025-01-28,Programming Book,Books,4,899,0.1,3236.4,Amritsar,Punjab,UPI
ORD_02717,CUST_0926,2025-03-01,Storage Box,Home,2,499,0.0,998.0,Chandigarh,Chandigarh,Debit Card
ORD_02718,CUST_0214,2024-07-16,Bedsheet,Home,2,999,0.05,1898.1,Amritsar,Punjab,Credit Card
ORD_02719,CUST_0479,2024-02-27,Body Lotion,Beauty,1,349,0.2,279.2,Gurugram,Haryana,UPI
ORD_02720,CUST_0107,2025-03-21,Coffee Maker,Home,1,2499,0.1,2249.1,Patiala,Punjab,Credit Card
ORD_02721,CUST_0448,2025-03-13,Wireless Headphones,Electronics,4,1999,0.05,7596.2,Chandigarh,Chandigarh,UPI
ORD_02722,CUST_0947,2024-06-28,Hoodie,Clothing,3,999,0.15,2547.45,Shimla,Himachal Pradesh,Debit Card
ORD_02723,CUST_0687,2024-08-04,Table Lamp,Home,4,799,0.05,3036.2,Patiala,Punjab,UPI
ORD_02724,CUST_0404,2024-07-04,Exam Guide,Books,1,699,0.05,664.05,Panipat,Haryana,Cash on Delivery
ORD_02725,CUST_0157,2025-04-09,Power Bank,Electronics,3,999,0.0,2997.0,Chandigarh,Chandigarh,UPI
ORD_02726,CUST_0836,2024-03-15,Table Lamp,Home,1,799,0.05,759.05,Amritsar,Punjab,Debit Card
ORD_02727,CUST_0625,2025-12-23,Shampoo,Beauty,1,399,0.0,399.0,Sonipat,Haryana,Credit Card
ORD_02728,CUST_0732,2025-12-03,Power Bank,Electronics,1,999,0.05,949.05,Sonipat,Haryana,UPI
ORD_02729,CUST_0949,2024-07-12,Bluetooth Speaker,Electronics,1,1599,0.05,1519.05,Ludhiana,Punjab,Cash on Delivery
ORD_02730,CUST_0473,2024-02-07,Exam Guide,Books,3,699,0.1,1887.3,New Delhi,Delhi,Debit Card
ORD_02731,CUST_0452,2024-04-12,Bedsheet,Home,2,999,0.2,1598.4,Gurugram,Haryana,Debit Card
ORD_02732,CUST_0066,2025-09-09,Smart Watch,Electronics,2,2499,0.1,4498.2,Chandigarh,Chandigarh,Cash on Delivery
ORD_02733,CUST_0352,2024-02-26,Power Bank,Electronics,3,999,0.1,2697.3,Chandigarh,Chandigarh,Debit Card
ORD_02734,CUST_0804,2024-09-15,Bluetooth Speaker,Electronics,2,1599,0.2,2558.4,Mohali,Punjab,Debit Card
ORD_02735,CUST_0326,2025-06-24,Programming Book,Books,3,899,0.05,2562.15,New Delhi,Delhi,Credit Card
ORD_02736,CUST_0744,2025-10-11,Self Help Book,Books,4,599,0.1,2156.4,New Delhi,Delhi,UPI
ORD_02737,CUST_0835,2024-10-10,Perfume,Beauty,3,999,0.15,2547.45,Ludhiana,Punjab,Cash on Delivery
ORD_02738,CUST_0009,2025-01-15,Bedsheet,Home,3,999,0.15,2547.45,Chandigarh,Chandigarh,Credit Card
ORD_02739,CUST_0360,2024-06-05,Novel,Books,1,499,0.1,449.1,Solan,Himachal Pradesh,Credit Card
ORD_02740,CUST_0786,2024-04-05,Face Wash,Beauty,3,299,0.05,852.15,Patiala,Punjab,Debit Card
ORD_02741,CUST_0406,2025-08-09,Coffee Maker,Home,3,2499,0.0,7497.0,Gurugram,Haryana,Debit Card
ORD_02742,CUST_0161,2025-10-01,Hoodie,Clothing,3,999,0.05,2847.15,New Delhi,Delhi,Credit Card
ORD_02743,CUST_0487,2024-04-03,Smart Watch,Electronics,1,2499,0.1,2249.1,New Delhi,Delhi,Debit Card
ORD_02744,CUST_0055,2024-04-21,Shampoo,Beauty,1,399,0.0,399.0,Panipat,Haryana,Debit Card
ORD_02745,CUST_0497,2024-08-13,Jeans,Clothing,1,1299,0.0,1299.0,New Delhi,Delhi,Cash on Delivery
ORD_02746,CUST_0428,2025-08-15,Perfume,Beauty,2,999,0.05,1898.1,Ludhiana,Punjab,Credit Card
ORD_02747,CUST_0983,2025-12-21,Novel,Books,1,499,0.05,474.05,New Delhi,Delhi,Cash on Delivery
ORD_02748,CUST_0691,2025-11-08,Smart Watch,Electronics,4,2499,0.1,8996.4,Chandigarh,Chandigarh,UPI
ORD_02749,CUST_0560,2024-03-07,Smart Watch,Electronics,2,2499,0.2,3998.4,Faridabad,Haryana,Credit Card
ORD_02750,CUST_0155,2025-02-26,Sneakers,Clothing,1,1999,0.1,1799.1,Sonipat,Haryana,Cash on Delivery
ORD_02751,CUST_0345,2025-12-05,T-Shirt,Clothing,4,599,0.1,2156.4,Chandigarh,Chandigarh,Debit Card
ORD_02752,CUST_0953,2024-07-11,Exam Guide,Books,2,699,0.15,1188.3,Amritsar,Punjab,Debit Card
ORD_02753,CUST_0677,2025-07-09,Face Wash,Beauty,2,299,0.0,598.0,Panipat,Haryana,UPI
ORD_02754,CUST_0226,2024-11-10,Storage Box,Home,2,499,0.1,898.2,Shimla,Himachal Pradesh,Cash on Delivery
ORD_02755,CUST_0562,2024-06-30,Smart Watch,Electronics,1,2499,0.0,2499.0,Faridabad,Haryana,Credit Card
ORD_02756,CUST_0191,2024-03-12,Power Bank,Electronics,4,999,0.1,3596.4,New Delhi,Delhi,Debit Card
ORD_02757,CUST_0457,2025-07-27,Novel,Books,3,499,0.1,1347.3,Solan,Himachal Pradesh,Debit Card
ORD_02758,CUST_0351,2025-08-29,Self Help Book,Books,1,599,0.0,599.0,Ludhiana,Punjab,UPI
ORD_02759,CUST_0950,2025-01-03,Coffee Maker,Home,2,2499,0.15,4248.3,Solan,Himachal Pradesh,Credit Card
ORD_02760,CUST_0908,2024-04-27,Bluetooth Speaker,Electronics,2,1599,0.15,2718.3,Ludhiana,Punjab,UPI
ORD_02761,CUST_0239,2025-10-29,Power Bank,Electronics,3,999,0.1,2697.3,Sonipat,Haryana,Debit Card
ORD_02762,CUST_0292,2025-11-30,Programming Book,Books,3,899,0.0,2697.0,New Delhi,Delhi,UPI
ORD_02763,CUST_0850,2024-04-23,Table Lamp,Home,4,799,0.0,3196.0,New Delhi,Delhi,Cash on Delivery
ORD_02764,CUST_0086,2025-12-15,Perfume,Beauty,1,999,0.05,949.05,Faridabad,Haryana,Credit Card
ORD_02765,CUST_0804,2024-10-04,Exam Guide,Books,3,699,0.1,1887.3,Panipat,Haryana,Cash on Delivery
ORD_02766,CUST_0445,2025-10-30,Perfume,Beauty,3,999,0.1,2697.3,Patiala,Punjab,Credit Card
ORD_02767,CUST_0768,2024-07-01,Sneakers,Clothing,4,1999,0.0,7996.0,Shimla,Himachal Pradesh,Debit Card
ORD_02768,CUST_0463,2025-07-08,Smart Watch,Electronics,1,2499,0.15,2124.15,Shimla,Himachal Pradesh,Cash on Delivery
ORD_02769,CUST_0797,2025-04-26,Face Wash,Beauty,1,299,0.05,284.05,Shimla,Himachal Pradesh,Credit Card
ORD_02770,CUST_0441,2025-02-12,Shampoo,Beauty,2,399,0.1,718.2,New Delhi,Delhi,Credit Card
ORD_02771,CUST_0061,2024-12-09,Self Help Book,Books,3,599,0.1,1617.3,Amritsar,Punjab,Cash on Delivery
ORD_02772,CUST_0083,2025-10-19,Power Bank,Electronics,2,999,0.05,1898.1,Sonipat,Haryana,Credit Card
ORD_02773,CUST_0673,2025-12-27,Programming Book,Books,1,899,0.15,764.15,Chandigarh,Chandigarh,UPI
ORD_02774,CUST_0725,2024-02-13,Sneakers,Clothing,4,1999,0.0,7996.0,New Delhi,Delhi,Credit Card
ORD_02775,CUST_0739,2025-06-14,Bluetooth Speaker,Electronics,1,1599,0.1,1439.1,New Delhi,Delhi,Cash on Delivery
ORD_02776,CUST_0857,2024-09-06,Smart Watch,Electronics,4,2499,0.1,8996.4,New Delhi,Delhi,Credit Card
ORD_02777,CUST_0275,2025-03-31,Sneakers,Clothing,1,1999,0.0,1999.0,Gurugram,Haryana,UPI
ORD_02778,CUST_0473,2024-02-26,Coffee Maker,Home,4,2499,0.1,8996.4,Panipat,Haryana,UPI
ORD_02779,CUST_0989,2025-05-31,T-Shirt,Clothing,4,599,0.1,2156.4,Panipat,Haryana,Debit Card
ORD_02780,CUST_0057,2025-05-15,Sneakers,Clothing,4,1999,0.2,6396.8,New Delhi,Delhi,UPI
ORD_02781,CUST_0112,2024-12-13,Face Wash,Beauty,3,299,0.05,852.15,Solan,Himachal Pradesh,Cash on Delivery
ORD_02782,CUST_0185,2025-05-22,Self Help Book,Books,1,599,0.0,599.0,Chandigarh,Chandigarh,Cash on Delivery
ORD_02783,CUST_0870,2025-03-23,Bedsheet,Home,1,999,0.15,849.15,Chandigarh,Chandigarh,Cash on Delivery
ORD_02784,CUST_0900,2025-07-14,Power Bank,Electronics,2,999,0.05,1898.1,New Delhi,Delhi,Debit Card
ORD_02785,CUST_0729,2024-10-07,Jeans,Clothing,3,1299,0.05,3702.15,New Delhi,Delhi,UPI
ORD_02786,CUST_0133,2024-08-25,Power Bank,Electronics,3,999,0.0,2997.0,New Delhi,Delhi,UPI
ORD_02787,CUST_0901,2024-06-21,Perfume,Beauty,1,999,0.05,949.05,Ludhiana,Punjab,Credit Card
ORD_02788,CUST_0968,2025-11-01,T-Shirt,Clothing,4,599,0.15,2036.6,Sonipat,Haryana,Credit Card
ORD_02789,CUST_0199,2025-01-27,Bedsheet,Home,3,999,0.05,2847.15,Patiala,Punjab,UPI
ORD_02790,CUST_0613,2024-09-22,Storage Box,Home,1,499,0.05,474.05,Solan,Himachal Pradesh,Cash on Delivery
ORD_02791,CUST_0976,2024-11-21,Coffee Maker,Home,3,2499,0.0,7497.0,Shimla,Himachal Pradesh,Debit Card
ORD_02792,CUST_0952,2024-03-16,Power Bank,Electronics,3,999,0.1,2697.3,Gurugram,Haryana,Cash on Delivery
ORD_02793,CUST_0283,2024-10-03,Hoodie,Clothing,2,999,0.1,1798.2,New Delhi,Delhi,Debit Card
ORD_02794,CUST_0418,2024-05-25,Smart Watch,Electronics,3,2499,0.05,7122.15,New Delhi,Delhi,Cash on Delivery
ORD_02795,CUST_0385,2024-07-15,Bedsheet,Home,3,999,0.05,2847.15,Chandigarh,Chandigarh,UPI
ORD_02796,CUST_0815,2025-12-28,Exam Guide,Books,2,699,0.1,1258.2,Chandigarh,Chandigarh,UPI
ORD_02797,CUST_0529,2024-10-25,Sneakers,Clothing,4,1999,0.2,6396.8,Panipat,Haryana,Credit Card
ORD_02798,CUST_0371,2025-09-10,Bluetooth Speaker,Electronics,1,1599,0.1,1439.1,Ludhiana,Punjab,Debit Card
ORD_02799,CUST_0084,2024-10-08,Bluetooth Speaker,Electronics,3,1599,0.0,4797.0,Panipat,Haryana,Credit Card
ORD_02800,CUST_0264,2024-12-07,Bedsheet,Home,1,999,0.1,899.1,Solan,Himachal Pradesh,Cash on Delivery
ORD_02801,CUST_0095,2024-04-20,T-Shirt,Clothing,3,599,0.05,1707.15,Shimla,Himachal Pradesh,UPI
ORD_02802,CUST_0009,2025-03-08,Body Lotion,Beauty,2,349,0.0,698.0,Amritsar,Punjab,Cash on Delivery
ORD_02803,CUST_0843,2025-09-08,Power Bank,Electronics,3,999,0.2,2397.6,New Delhi,Delhi,Cash on Delivery
ORD_02804,CUST_0985,2025-08-14,Perfume,Beauty,3,999,0.0,2997.0,Mohali,Punjab,Credit Card
ORD_02805,CUST_0280,2025-06-02,Power Bank,Electronics,4,999,0.0,3996.0,New Delhi,Delhi,Cash on Delivery
ORD_02806,CUST_0622,2024-03-19,Novel,Books,4,499,0.05,1896.2,Sonipat,Haryana,UPI
ORD_02807,CUST_0639,2024-05-29,Bluetooth Speaker,Electronics,2,1599,0.0,3198.0,Solan,Himachal Pradesh,Cash on Delivery
ORD_02808,CUST_0240,2024-11-30,Jeans,Clothing,3,1299,0.05,3702.15,Chandigarh,Chandigarh,UPI
ORD_02809,CUST_0327,2024-03-21,Storage Box,Home,4,499,0.05,1896.2,Gurugram,Haryana,UPI
ORD_02810,CUST_0692,2025-05-29,Hoodie,Clothing,1,999,0.0,999.0,New Delhi,Delhi,Credit Card
ORD_02811,CUST_0991,2025-10-18,Table Lamp,Home,1,799,0.1,719.1,Sonipat,Haryana,Credit Card
ORD_02812,CUST_0262,2024-09-24,Bedsheet,Home,3,999,0.0,2997.0,Chandigarh,Chandigarh,Debit Card
ORD_02813,CUST_0400,2025-05-15,Smart Watch,Electronics,3,2499,0.1,6747.3,Sonipat,Haryana,Debit Card
ORD_02814,CUST_0080,2025-03-22,Perfume,Beauty,1,999,0.1,899.1,Panipat,Haryana,Cash on Delivery
ORD_02815,CUST_0609,2025-02-21,Bedsheet,Home,3,999,0.0,2997.0,Chandigarh,Chandigarh,Credit Card
ORD_02816,CUST_0599,2024-08-03,Exam Guide,Books,3,699,0.15,1782.45,Chandigarh,Chandigarh,UPI
ORD_02817,CUST_0551,2025-04-13,Exam Guide,Books,1,699,0.15,594.15,Shimla,Himachal Pradesh,Debit Card
ORD_02818,CUST_0415,2025-02-14,Table Lamp,Home,1,799,0.05,759.05,New Delhi,Delhi,Cash on Delivery
ORD_02819,CUST_0525,2025-09-29,Perfume,Beauty,1,999,0.0,999.0,New Delhi,Delhi,Credit Card
ORD_02820,CUST_0961,2025-04-25,Power Bank,Electronics,2,999,0.1,1798.2,Panipat,Haryana,Debit Card
ORD_02821,CUST_0617,2024-07-19,Shampoo,Beauty,3,399,0.0,1197.0,Solan,Himachal Pradesh,Credit Card
ORD_02822,CUST_0083,2025-12-18,Smart Watch,Electronics,3,2499,0.2,5997.6,Amritsar,Punjab,Cash on Delivery
ORD_02823,CUST_0998,2025-09-09,Perfume,Beauty,2,999,0.2,1598.4,New Delhi,Delhi,Credit Card
ORD_02824,CUST_0710,2025-06-07,Shampoo,Beauty,3,399,0.15,1017.45,Faridabad,Haryana,Cash on Delivery
ORD_02825,CUST_0282,2025-02-04,Wireless Headphones,Electronics,1,1999,0.15,1699.15,Chandigarh,Chandigarh,UPI
ORD_02826,CUST_0635,2025-04-26,Face Wash,Beauty,2,299,0.0,598.0,New Delhi,Delhi,Debit Card
ORD_02827,CUST_0238,2025-03-05,Wireless Headphones,Electronics,1,1999,0.0,1999.0,Shimla,Himachal Pradesh,UPI
ORD_02828,CUST_0565,2024-09-12,Jeans,Clothing,3,1299,0.15,3312.45,Ludhiana,Punjab,Cash on Delivery
ORD_02829,CUST_0874,2025-04-12,Jeans,Clothing,4,1299,0.1,4676.4,Sonipat,Haryana,Cash on Delivery
ORD_02830,CUST_0861,2024-10-15,Power Bank,Electronics,2,999,0.0,1998.0,Faridabad,Haryana,Debit Card
ORD_02831,CUST_0852,2025-10-29,Exam Guide,Books,4,699,0.0,2796.0,New Delhi,Delhi,Credit Card
ORD_02832,CUST_0685,2024-10-19,Exam Guide,Books,1,699,0.1,629.1,Shimla,Himachal Pradesh,Cash on Delivery
ORD_02833,CUST_0984,2025-08-30,Self Help Book,Books,1,599,0.15,509.15,Mohali,Punjab,Debit Card
ORD_02834,CUST_0567,2024-01-12,Bluetooth Speaker,Electronics,1,1599,0.0,1599.0,Chandigarh,Chandigarh,Credit Card
ORD_02835,CUST_0858,2024-03-22,Table Lamp,Home,1,799,0.05,759.05,Patiala,Punjab,Cash on Delivery
ORD_02836,CUST_0441,2024-01-16,Smart Watch,Electronics,3,2499,0.1,6747.3,Shimla,Himachal Pradesh,Debit Card
ORD_02837,CUST_0810,2024-06-14,Jeans,Clothing,2,1299,0.0,2598.0,Chandigarh,Chandigarh,UPI
ORD_02838,CUST_0878,2025-05-21,Self Help Book,Books,1,599,0.0,599.0,Amritsar,Punjab,UPI
ORD_02839,CUST_0259,2024-03-08,Jeans,Clothing,2,1299,0.0,2598.0,Faridabad,Haryana,Cash on Delivery
ORD_02840,CUST_0473,2025-08-28,T-Shirt,Clothing,3,599,0.05,1707.15,Shimla,Himachal Pradesh,Cash on Delivery
ORD_02841,CUST_0357,2024-08-01,Body Lotion,Beauty,1,349,0.05,331.55,Faridabad,Haryana,Cash on Delivery
ORD_02842,CUST_0666,2024-11-23,Exam Guide,Books,3,699,0.2,1677.6,Solan,Himachal Pradesh,Credit Card
ORD_02843,CUST_0518,2025-11-19,Smart Watch,Electronics,1,2499,0.15,2124.15,Shimla,Himachal Pradesh,UPI
ORD_02844,CUST_0589,2025-01-27,Programming Book,Books,1,899,0.1,809.1,Solan,Himachal Pradesh,Credit Card
ORD_02845,CUST_0478,2025-05-29,Shampoo,Beauty,2,399,0.0,798.0,Ludhiana,Punjab,UPI
ORD_02846,CUST_0741,2025-06-26,Storage Box,Home,1,499,0.2,399.2,Panipat,Haryana,UPI
ORD_02847,CUST_0832,2025-12-14,Self Help Book,Books,2,599,0.0,1198.0,Chandigarh,Chandigarh,Credit Card
ORD_02848,CUST_0737,2025-12-01,Bedsheet,Home,1,999,0.05,949.05,Amritsar,Punjab,UPI
ORD_02849,CUST_0573,2025-05-25,Wireless Headphones,Electronics,2,1999,0.2,3198.4,Faridabad,Haryana,Cash on Delivery
ORD_02850,CUST_0058,2024-08-22,Bluetooth Speaker,Electronics,2,1599,0.1,2878.2,New Delhi,Delhi,Cash on Delivery
ORD_02851,CUST_0389,2024-03-28,Hoodie,Clothing,4,999,0.15,3396.6,Chandigarh,Chandigarh,Cash on Delivery
ORD_02852,CUST_0304,2025-08-04,Smart Watch,Electronics,4,2499,0.2,7996.8,Faridabad,Haryana,Debit Card
ORD_02853,CUST_0802,2024-05-21,Table Lamp,Home,1,799,0.0,799.0,Shimla,Himachal Pradesh,Debit Card
ORD_02854,CUST_0136,2025-03-17,Coffee Maker,Home,3,2499,0.05,7122.15,Amritsar,Punjab,Credit Card
ORD_02855,CUST_0513,2025-06-20,Wireless Headphones,Electronics,3,1999,0.0,5997.0,New Delhi,Delhi,Credit Card
ORD_02856,CUST_0050,2025-12-12,Perfume,Beauty,1,999,0.05,949.05,Panipat,Haryana,Credit Card
ORD_02857,CUST_0434,2024-12-19,Novel,Books,1,499,0.1,449.1,Chandigarh,Chandigarh,Credit Card
ORD_02858,CUST_0371,2024-02-17,Body Lotion,Beauty,3,349,0.0,1047.0,Gurugram,Haryana,Cash on Delivery
ORD_02859,CUST_0613,2025-06-16,Storage Box,Home,3,499,0.1,1347.3,Faridabad,Haryana,UPI
ORD_02860,CUST_0396,2024-03-09,Hoodie,Clothing,2,999,0.15,1698.3,Shimla,Himachal Pradesh,UPI
ORD_02861,CUST_0914,2025-07-07,Programming Book,Books,1,899,0.1,809.1,New Delhi,Delhi,Credit Card
ORD_02862,CUST_0732,2025-11-29,Coffee Maker,Home,1,2499,0.05,2374.05,Chandigarh,Chandigarh,Debit Card
ORD_02863,CUST_0144,2024-04-28,Face Wash,Beauty,3,299,0.0,897.0,Patiala,Punjab,UPI
ORD_02864,CUST_0511,2024-08-21,Hoodie,Clothing,3,999,0.0,2997.0,New Delhi,Delhi,Cash on Delivery
ORD_02865,CUST_0752,2025-04-09,Face Wash,Beauty,4,299,0.15,1016.6,Amritsar,Punjab,Cash on Delivery
ORD_02866,CUST_0700,2025-11-22,Wireless Headphones,Electronics,3,1999,0.0,5997.0,Chandigarh,Chandigarh,Cash on Delivery
ORD_02867,CUST_0276,2025-10-24,Smart Watch,Electronics,1,2499,0.2,1999.2,New Delhi,Delhi,UPI
ORD_02868,CUST_0408,2024-12-16,Novel,Books,2,499,0.0,998.0,New Delhi,Delhi,Credit Card
ORD_02869,CUST_0159,2025-09-12,Sneakers,Clothing,1,1999,0.0,1999.0,Sonipat,Haryana,UPI
ORD_02870,CUST_0096,2025-10-27,Bedsheet,Home,3,999,0.05,2847.15,Patiala,Punjab,Cash on Delivery
ORD_02871,CUST_0523,2025-07-02,T-Shirt,Clothing,2,599,0.1,1078.2,Faridabad,Haryana,Cash on Delivery
ORD_02872,CUST_0495,2025-08-21,Coffee Maker,Home,3,2499,0.0,7497.0,Faridabad,Haryana,UPI
ORD_02873,CUST_0878,2024-05-22,Perfume,Beauty,3,999,0.1,2697.3,Panipat,Haryana,Debit Card
ORD_02874,CUST_0585,2024-11-09,Bedsheet,Home,1,999,0.2,799.2,Faridabad,Haryana,Cash on Delivery
ORD_02875,CUST_0765,2025-11-28,Novel,Books,4,499,0.15,1696.6,Shimla,Himachal Pradesh,Cash on Delivery
ORD_02876,CUST_0006,2024-01-12,Perfume,Beauty,2,999,0.0,1998.0,New Delhi,Delhi,Cash on Delivery
ORD_02877,CUST_0634,2024-02-21,Shampoo,Beauty,2,399,0.15,678.3,Shimla,Himachal Pradesh,Debit Card
ORD_02878,CUST_0482,2025-07-08,Hoodie,Clothing,1,999,0.1,899.1,Shimla,Himachal Pradesh,Credit Card
ORD_02879,CUST_0997,2024-04-24,Table Lamp,Home,4,799,0.2,2556.8,Patiala,Punjab,UPI
ORD_02880,CUST_0331,2025-01-25,Smart Watch,Electronics,3,2499,0.1,6747.3,Gurugram,Haryana,Cash on Delivery
ORD_02881,CUST_0758,2024-02-11,Face Wash,Beauty,3,299,0.0,897.0,New Delhi,Delhi,Debit Card
ORD_02882,CUST_0494,2025-03-31,Wireless Headphones,Electronics,1,1999,0.1,1799.1,New Delhi,Delhi,Cash on Delivery
ORD_02883,CUST_0392,2024-06-24,Shampoo,Beauty,3,399,0.1,1077.3,Chandigarh,Chandigarh,Credit Card
ORD_02884,CUST_0478,2024-07-27,Bluetooth Speaker,Electronics,1,1599,0.15,1359.15,Amritsar,Punjab,Cash on Delivery
ORD_02885,CUST_0342,2024-07-29,Novel,Books,2,499,0.0,998.0,Faridabad,Haryana,Debit Card
ORD_02886,CUST_0002,2025-05-11,Shampoo,Beauty,2,399,0.0,798.0,Chandigarh,Chandigarh,Credit Card
ORD_02887,CUST_0201,2024-10-18,Perfume,Beauty,3,999,0.1,2697.3,Faridabad,Haryana,UPI
ORD_02888,CUST_0883,2024-12-18,Jeans,Clothing,3,1299,0.0,3897.0,Shimla,Himachal Pradesh,Cash on Delivery
ORD_02889,CUST_0598,2024-02-14,Body Lotion,Beauty,1,349,0.15,296.65,Faridabad,Haryana,Debit Card
ORD_02890,CUST_0726,2025-02-04,Programming Book,Books,1,899,0.0,899.0,Chandigarh,Chandigarh,Credit Card
ORD_02891,CUST_0903,2025-12-23,Wireless Headphones,Electronics,4,1999,0.05,7596.2,New Delhi,Delhi,UPI
ORD_02892,CUST_0535,2025-08-20,Body Lotion,Beauty,1,349,0.1,314.1,New Delhi,Delhi,Credit Card
ORD_02893,CUST_0192,2025-09-25,Self Help Book,Books,4,599,0.15,2036.6,Faridabad,Haryana,Cash on Delivery
ORD_02894,CUST_0025,2025-03-25,Table Lamp,Home,3,799,0.15,2037.45,Faridabad,Haryana,UPI
ORD_02895,CUST_0203,2024-04-13,Storage Box,Home,2,499,0.1,898.2,Chandigarh,Chandigarh,Debit Card
ORD_02896,CUST_0469,2025-07-14,Programming Book,Books,2,899,0.1,1618.2,Panipat,Haryana,Debit Card
ORD_02897,CUST_0932,2024-04-20,Table Lamp,Home,2,799,0.05,1518.1,Solan,Himachal Pradesh,Cash on Delivery
ORD_02898,CUST_0908,2024-02-02,Exam Guide,Books,1,699,0.0,699.0,New Delhi,Delhi,Cash on Delivery
ORD_02899,CUST_0107,2025-01-04,Smart Watch,Electronics,3,2499,0.05,7122.15,Solan,Himachal Pradesh,Debit Card
ORD_02900,CUST_0663,2025-05-16,Power Bank,Electronics,1,999,0.1,899.1,Faridabad,Haryana,Debit Card
ORD_02901,CUST_0727,2025-10-29,T-Shirt,Clothing,1,599,0.1,539.1,New Delhi,Delhi,UPI
ORD_02902,CUST_0368,2024-04-30,Exam Guide,Books,1,699,0.0,699.0,Gurugram,Haryana,Debit Card
ORD_02903,CUST_0764,2024-11-19,Shampoo,Beauty,1,399,0.0,399.0,Amritsar,Punjab,Credit Card
ORD_02904,CUST_0221,2025-02-09,Storage Box,Home,2,499,0.1,898.2,Mohali,Punjab,Debit Card
ORD_02905,CUST_0410,2025-03-22,Power Bank,Electronics,4,999,0.0,3996.0,Chandigarh,Chandigarh,Cash on Delivery
ORD_02906,CUST_0066,2024-11-16,Exam Guide,Books,4,699,0.0,2796.0,Chandigarh,Chandigarh,Debit Card
ORD_02907,CUST_0574,2025-07-17,T-Shirt,Clothing,3,599,0.05,1707.15,Chandigarh,Chandigarh,UPI
ORD_02908,CUST_0458,2024-06-11,Smart Watch,Electronics,1,2499,0.15,2124.15,Amritsar,Punjab,Cash on Delivery
ORD_02909,CUST_0350,2024-04-15,Shampoo,Beauty,4,399,0.05,1516.2,Gurugram,Haryana,Credit Card
ORD_02910,CUST_0358,2024-02-15,Face Wash,Beauty,2,299,0.15,508.3,New Delhi,Delhi,Credit Card
ORD_02911,CUST_0757,2024-02-04,Bluetooth Speaker,Electronics,2,1599,0.05,3038.1,Chandigarh,Chandigarh,UPI
ORD_02912,CUST_0981,2025-03-21,Perfume,Beauty,3,999,0.05,2847.15,Solan,Himachal Pradesh,UPI
ORD_02913,CUST_0414,2024-03-06,Bluetooth Speaker,Electronics,1,1599,0.2,1279.2,Shimla,Himachal Pradesh,Credit Card
ORD_02914,CUST_0474,2025-11-26,Power Bank,Electronics,2,999,0.0,1998.0,Faridabad,Haryana,Credit Card
ORD_02915,CUST_0836,2024-07-20,Body Lotion,Beauty,4,349,0.05,1326.2,New Delhi,Delhi,Credit Card
ORD_02916,CUST_0015,2024-10-15,Hoodie,Clothing,2,999,0.1,1798.2,Shimla,Himachal Pradesh,Cash on Delivery
ORD_02917,CUST_0694,2025-07-20,Shampoo,Beauty,1,399,0.2,319.2,Faridabad,Haryana,Credit Card
ORD_02918,CUST_0174,2024-04-13,Shampoo,Beauty,1,399,0.05,379.05,New Delhi,Delhi,Debit Card
ORD_02919,CUST_0671,2024-07-02,Storage Box,Home,1,499,0.0,499.0,Mohali,Punjab,UPI
ORD_02920,CUST_0288,2025-08-31,Programming Book,Books,2,899,0.1,1618.2,Sonipat,Haryana,Credit Card
ORD_02921,CUST_0001,2025-02-02,Storage Box,Home,4,499,0.05,1896.2,Patiala,Punjab,Cash on Delivery
ORD_02922,CUST_0210,2025-11-13,Face Wash,Beauty,2,299,0.05,568.1,Amritsar,Punjab,UPI
ORD_02923,CUST_0009,2024-07-23,Self Help Book,Books,2,599,0.15,1018.3,Shimla,Himachal Pradesh,Credit Card
ORD_02924,CUST_0682,2025-01-06,Shampoo,Beauty,3,399,0.05,1137.15,Chandigarh,Chandigarh,Credit Card
ORD_02925,CUST_0202,2025-02-02,T-Shirt,Clothing,1,599,0.0,599.0,Chandigarh,Chandigarh,Cash on Delivery
ORD_02926,CUST_0774,2024-08-17,Perfume,Beauty,3,999,0.05,2847.15,Mohali,Punjab,Debit Card
ORD_02927,CUST_0271,2025-06-12,Face Wash,Beauty,3,299,0.0,897.0,Faridabad,Haryana,Cash on Delivery
ORD_02928,CUST_0330,2024-08-16,Shampoo,Beauty,3,399,0.0,1197.0,New Delhi,Delhi,Cash on Delivery
ORD_02929,CUST_0005,2025-01-29,Shampoo,Beauty,4,399,0.0,1596.0,Solan,Himachal Pradesh,Cash on Delivery
ORD_02930,CUST_0271,2025-06-02,Storage Box,Home,3,499,0.1,1347.3,Faridabad,Haryana,Credit Card
ORD_02931,CUST_0698,2025-01-08,Storage Box,Home,3,499,0.0,1497.0,New Delhi,Delhi,Debit Card
ORD_02932,CUST_0751,2025-07-03,Jeans,Clothing,2,1299,0.05,2468.1,New Delhi,Delhi,Cash on Delivery
ORD_02933,CUST_0349,2025-01-04,Shampoo,Beauty,2,399,0.1,718.2,Chandigarh,Chandigarh,Debit Card
ORD_02934,CUST_0524,2025-11-09,Body Lotion,Beauty,3,349,0.0,1047.0,Sonipat,Haryana,Cash on Delivery
ORD_02935,CUST_0607,2024-11-18,Wireless Headphones,Electronics,2,1999,0.05,3798.1,Shimla,Himachal Pradesh,Cash on Delivery
ORD_02936,CUST_0270,2024-03-15,Hoodie,Clothing,4,999,0.05,3796.2,Chandigarh,Chandigarh,UPI
ORD_02937,CUST_0686,2025-10-21,Novel,Books,4,499,0.05,1896.2,New Delhi,Delhi,Credit Card
ORD_02938,CUST_0833,2024-04-27,Shampoo,Beauty,3,399,0.1,1077.3,Chandigarh,Chandigarh,Credit Card
ORD_02939,CUST_0175,2025-12-10,Coffee Maker,Home,2,2499,0.05,4748.1,Mohali,Punjab,UPI
ORD_02940,CUST_0567,2025-07-24,Novel,Books,3,499,0.05,1422.15,Solan,Himachal Pradesh,Cash on Delivery
ORD_02941,CUST_0272,2025-04-29,Storage Box,Home,3,499,0.15,1272.45,Amritsar,Punjab,Debit Card
ORD_02942,CUST_0246,2024-10-26,T-Shirt,Clothing,3,599,0.1,1617.3,Gurugram,Haryana,Debit Card
ORD_02943,CUST_0743,2024-09-05,Shampoo,Beauty,1,399,0.05,379.05,Chandigarh,Chandigarh,Credit Card
ORD_02944,CUST_0532,2024-11-01,Programming Book,Books,1,899,0.1,809.1,Mohali,Punjab,Cash on Delivery
ORD_02945,CUST_0679,2024-05-12,Bluetooth Speaker,Electronics,1,1599,0.1,1439.1,New Delhi,Delhi,Credit Card
ORD_02946,CUST_0392,2024-12-19,Bluetooth Speaker,Electronics,2,1599,0.1,2878.2,New Delhi,Delhi,UPI
ORD_02947,CUST_0395,2025-11-08,Perfume,Beauty,2,999,0.1,1798.2,Mohali,Punjab,Credit Card
ORD_02948,CUST_0856,2024-03-01,Storage Box,Home,2,499,0.2,798.4,Mohali,Punjab,Credit Card
ORD_02949,CUST_0646,2025-09-13,Bluetooth Speaker,Electronics,1,1599,0.2,1279.2,Shimla,Himachal Pradesh,Debit Card
ORD_02950,CUST_0057,2025-07-04,Storage Box,Home,2,499,0.15,848.3,Sonipat,Haryana,Credit Card
ORD_02951,CUST_0753,2024-01-27,Smart Watch,Electronics,3,2499,0.05,7122.15,Ludhiana,Punjab,Credit Card
ORD_02952,CUST_0991,2024-02-05,Wireless Headphones,Electronics,3,1999,0.2,4797.6,Shimla,Himachal Pradesh,UPI
ORD_02953,CUST_0796,2025-05-23,Storage Box,Home,4,499,0.0,1996.0,Patiala,Punjab,Credit Card
ORD_02954,CUST_0417,2024-06-01,Coffee Maker,Home,4,2499,0.0,9996.0,Ludhiana,Punjab,UPI
ORD_02955,CUST_0348,2025-08-22,Bedsheet,Home,3,999,0.15,2547.45,Patiala,Punjab,UPI
ORD_02956,CUST_0812,2024-03-20,Body Lotion,Beauty,2,349,0.05,663.1,Solan,Himachal Pradesh,UPI
ORD_02957,CUST_0480,2025-08-19,Hoodie,Clothing,4,999,0.05,3796.2,Shimla,Himachal Pradesh,Debit Card
ORD_02958,CUST_0323,2025-04-17,Body Lotion,Beauty,4,349,0.1,1256.4,Mohali,Punjab,Cash on Delivery
ORD_02959,CUST_0420,2025-06-25,Storage Box,Home,1,499,0.0,499.0,Gurugram,Haryana,UPI
ORD_02960,CUST_0959,2024-01-04,Perfume,Beauty,2,999,0.15,1698.3,New Delhi,Delhi,UPI
ORD_02961,CUST_0320,2024-12-02,Face Wash,Beauty,2,299,0.05,568.1,New Delhi,Delhi,UPI
ORD_02962,CUST_0438,2024-09-28,Perfume,Beauty,4,999,0.0,3996.0,Ludhiana,Punjab,UPI
ORD_02963,CUST_0863,2025-10-09,Exam Guide,Books,3,699,0.1,1887.3,Gurugram,Haryana,Credit Card
ORD_02964,CUST_0953,2024-03-03,Body Lotion,Beauty,1,349,0.1,314.1,New Delhi,Delhi,Debit Card
ORD_02965,CUST_0762,2025-11-13,Jeans,Clothing,3,1299,0.1,3507.3,Gurugram,Haryana,Credit Card
ORD_02966,CUST_0130,2025-01-18,Hoodie,Clothing,3,999,0.05,2847.15,New Delhi,Delhi,UPI
ORD_02967,CUST_0594,2025-06-27,Bluetooth Speaker,Electronics,4,1599,0.1,5756.4,Panipat,Haryana,Cash on Delivery
ORD_02968,CUST_0930,2025-08-05,Power Bank,Electronics,3,999,0.2,2397.6,Faridabad,Haryana,UPI
ORD_02969,CUST_0125,2025-04-07,Self Help Book,Books,3,599,0.1,1617.3,Mohali,Punjab,Credit Card
ORD_02970,CUST_0496,2025-06-03,Shampoo,Beauty,4,399,0.0,1596.0,New Delhi,Delhi,Credit Card
ORD_02971,CUST_0377,2024-09-26,Hoodie,Clothing,2,999,0.05,1898.1,Amritsar,Punjab,Cash on Delivery
ORD_02972,CUST_0105,2024-08-12,Table Lamp,Home,1,799,0.1,719.1,Panipat,Haryana,Credit Card
ORD_02973,CUST_0460,2024-01-15,Jeans,Clothing,4,1299,0.05,4936.2,New Delhi,Delhi,Cash on Delivery
ORD_02974,CUST_0546,2025-06-14,Shampoo,Beauty,3,399,0.2,957.6,Chandigarh,Chandigarh,Credit Card
ORD_02975,CUST_0115,2024-02-05,Power Bank,Electronics,4,999,0.15,3396.6,Gurugram,Haryana,Debit Card
ORD_02976,CUST_0666,2025-03-13,Exam Guide,Books,3,699,0.0,2097.0,Amritsar,Punjab,Credit Card
ORD_02977,CUST_0268,2024-04-18,Power Bank,Electronics,4,999,0.0,3996.0,New Delhi,Delhi,Credit Card
ORD_02978,CUST_0055,2024-10-24,Wireless Headphones,Electronics,4,1999,0.1,7196.4,Panipat,Haryana,Credit Card
ORD_02979,CUST_0855,2024-09-02,Table Lamp,Home,3,799,0.0,2397.0,Ludhiana,Punjab,Credit Card
ORD_02980,CUST_0240,2025-11-15,Sneakers,Clothing,1,1999,0.15,1699.15,New Delhi,Delhi,Debit Card
ORD_02981,CUST_0507,2025-09-04,Bedsheet,Home,3,999,0.1,2697.3,Faridabad,Haryana,Debit Card
ORD_02982,CUST_0621,2024-08-19,Table Lamp,Home,3,799,0.0,2397.0,Shimla,Himachal Pradesh,Credit Card
ORD_02983,CUST_0807,2025-11-20,Power Bank,Electronics,2,999,0.1,1798.2,Sonipat,Haryana,UPI
ORD_02984,CUST_0434,2025-03-26,Bedsheet,Home,3,999,0.15,2547.45,Mohali,Punjab,Cash on Delivery
ORD_02985,CUST_0034,2024-06-28,Bedsheet,Home,3,999,0.2,2397.6,Chandigarh,Chandigarh,UPI
ORD_02986,CUST_0619,2025-09-10,Coffee Maker,Home,1,2499,0.0,2499.0,Faridabad,Haryana,Credit Card
ORD_02987,CUST_0302,2025-08-10,Novel,Books,2,499,0.15,848.3,Chandigarh,Chandigarh,Cash on Delivery
ORD_02988,CUST_0048,2025-06-25,Exam Guide,Books,2,699,0.0,1398.0,Shimla,Himachal Pradesh,Credit Card
ORD_02989,CUST_0256,2024-07-27,Shampoo,Beauty,1,399,0.1,359.1,New Delhi,Delhi,UPI
ORD_02990,CUST_0849,2025-03-19,Perfume,Beauty,2,999,0.15,1698.3,Chandigarh,Chandigarh,Cash on Delivery
ORD_02991,CUST_0865,2025-11-29,Coffee Maker,Home,4,2499,0.0,9996.0,Chandigarh,Chandigarh,UPI
ORD_02992,CUST_0570,2024-10-31,Novel,Books,4,499,0.1,1796.4,New Delhi,Delhi,UPI
ORD_02993,CUST_0054,2025-03-13,Perfume,Beauty,3,999,0.15,2547.45,Solan,Himachal Pradesh,Cash on Delivery
ORD_02994,CUST_0728,2024-01-28,Sneakers,Clothing,4,1999,0.0,7996.0,Faridabad,Haryana,Debit Card
ORD_02995,CUST_0644,2025-07-27,Hoodie,Clothing,3,999,0.0,2997.0,New Delhi,Delhi,Debit Card
ORD_02996,CUST_0998,2024-10-10,Face Wash,Beauty,1,299,0.1,269.1,Shimla,Himachal Pradesh,Cash on Delivery
ORD_02997,CUST_0137,2025-03-07,Hoodie,Clothing,2,999,0.0,1998.0,Solan,Himachal Pradesh,Cash on Delivery
ORD_02998,CUST_0335,2025-05-24,Exam Guide,Books,2,699,0.1,1258.2,Mohali,Punjab,UPI
ORD_02999,CUST_0739,2024-10-31,Wireless Headphones,Electronics,2,1999,0.1,3598.2,Mohali,Punjab,UPI
ORD_03000,CUST_0014,2025-02-18,Bluetooth Speaker,Electronics,1,1599,0.1,1439.1,Panipat,Haryana,Debit Card
ORD_03001,CUST_0729,2025-12-28,Exam Guide,Books,2,699,0.05,1328.1,Amritsar,Punjab,Debit Card
ORD_03002,CUST_0058,2025-05-01,Coffee Maker,Home,3,2499,0.1,6747.3,Chandigarh,Chandigarh,Debit Card
ORD_03003,CUST_0207,2025-10-01,Bedsheet,Home,3,999,0.2,2397.6,Mohali,Punjab,Debit Card
ORD_03004,CUST_0400,2024-08-18,Bluetooth Speaker,Electronics,3,1599,0.1,4317.3,New Delhi,Delhi,Cash on Delivery
ORD_03005,CUST_0925,2024-11-11,Table Lamp,Home,3,799,0.05,2277.15,Gurugram,Haryana,Credit Card
ORD_03006,CUST_0474,2024-02-16,Hoodie,Clothing,4,999,0.05,3796.2,Chandigarh,Chandigarh,Cash on Delivery
ORD_03007,CUST_0938,2024-12-19,Power Bank,Electronics,4,999,0.1,3596.4,Ludhiana,Punjab,Credit Card
ORD_03008,CUST_0565,2025-01-29,Face Wash,Beauty,1,299,0.05,284.05,Solan,Himachal Pradesh,Credit Card
ORD_03009,CUST_0857,2024-05-06,Smart Watch,Electronics,1,2499,0.05,2374.05,Shimla,Himachal Pradesh,Cash on Delivery
ORD_03010,CUST_0711,2025-04-24,Exam Guide,Books,4,699,0.1,2516.4,New Delhi,Delhi,Cash on Delivery
ORD_03011,CUST_0352,2024-12-24,Hoodie,Clothing,2,999,0.05,1898.1,Solan,Himachal Pradesh,Debit Card
ORD_03012,CUST_0246,2025-09-22,Storage Box,Home,3,499,0.0,1497.0,Faridabad,Haryana,UPI
ORD_03013,CUST_0138,2024-01-03,Sneakers,Clothing,4,1999,0.0,7996.0,New Delhi,Delhi,Cash on Delivery
ORD_03014,CUST_0472,2024-07-19,Bedsheet,Home,2,999,0.0,1998.0,Chandigarh,Chandigarh,Credit Card
ORD_03015,CUST_0991,2025-10-03,Sneakers,Clothing,4,1999,0.05,7596.2,Solan,Himachal Pradesh,Debit Card
ORD_03016,CUST_0677,2025-05-04,Shampoo,Beauty,2,399,0.2,638.4,Patiala,Punjab,Debit Card
ORD_03017,CUST_0759,2024-09-06,Wireless Headphones,Electronics,1,1999,0.1,1799.1,Chandigarh,Chandigarh,UPI
ORD_03018,CUST_0306,2024-08-23,Body Lotion,Beauty,3,349,0.05,994.65,New Delhi,Delhi,Debit Card
ORD_03019,CUST_0998,2024-05-22,Table Lamp,Home,2,799,0.1,1438.2,New Delhi,Delhi,UPI
ORD_03020,CUST_0074,2024-01-22,Sneakers,Clothing,4,1999,0.1,7196.4,Chandigarh,Chandigarh,Cash on Delivery
ORD_03021,CUST_0863,2024-03-10,Coffee Maker,Home,1,2499,0.0,2499.0,Faridabad,Haryana,UPI
ORD_03022,CUST_0571,2024-09-26,Body Lotion,Beauty,1,349,0.0,349.0,New Delhi,Delhi,Debit Card
ORD_03023,CUST_0078,2025-06-29,Sneakers,Clothing,4,1999,0.0,7996.0,Amritsar,Punjab,Credit Card
ORD_03024,CUST_0565,2024-04-07,Shampoo,Beauty,2,399,0.0,798.0,Patiala,Punjab,Debit Card
ORD_03025,CUST_0993,2024-08-28,Storage Box,Home,2,499,0.0,998.0,Chandigarh,Chandigarh,Cash on Delivery
ORD_03026,CUST_0044,2024-05-22,Hoodie,Clothing,4,999,0.1,3596.4,New Delhi,Delhi,Credit Card
ORD_03027,CUST_0262,2024-01-31,Smart Watch,Electronics,3,2499,0.15,6372.45,Sonipat,Haryana,Credit Card
ORD_03028,CUST_0169,2025-05-29,Sneakers,Clothing,3,1999,0.2,4797.6,Patiala,Punjab,Debit Card
ORD_03029,CUST_0772,2024-01-04,Hoodie,Clothing,4,999,0.05,3796.2,Chandigarh,Chandigarh,Debit Card
ORD_03030,CUST_0470,2024-03-10,Wireless Headphones,Electronics,2,1999,0.0,3998.0,Amritsar,Punjab,Credit Card
ORD_03031,CUST_0181,2025-07-05,Face Wash,Beauty,1,299,0.0,299.0,Gurugram,Haryana,Cash on Delivery
ORD_03032,CUST_0862,2025-07-14,Power Bank,Electronics,3,999,0.15,2547.45,Gurugram,Haryana,Cash on Delivery
ORD_03033,CUST_0390,2024-03-09,Table Lamp,Home,2,799,0.1,1438.2,New Delhi,Delhi,Debit Card
ORD_03034,CUST_0885,2025-05-27,Perfume,Beauty,3,999,0.0,2997.0,Amritsar,Punjab,Cash on Delivery
ORD_03035,CUST_0882,2025-04-20,Power Bank,Electronics,4,999,0.2,3196.8,Amritsar,Punjab,Cash on Delivery
ORD_03036,CUST_0985,2024-08-21,T-Shirt,Clothing,1,599,0.0,599.0,Solan,Himachal Pradesh,Cash on Delivery
ORD_03037,CUST_0190,2025-11-27,Power Bank,Electronics,4,999,0.2,3196.8,Chandigarh,Chandigarh,Debit Card
ORD_03038,CUST_0793,2024-02-03,Exam Guide,Books,2,699,0.05,1328.1,New Delhi,Delhi,Cash on Delivery
ORD_03039,CUST_0647,2024-04-02,Smart Watch,Electronics,1,2499,0.15,2124.15,Chandigarh,Chandigarh,Cash on Delivery
ORD_03040,CUST_0133,2025-03-19,Face Wash,Beauty,3,299,0.1,807.3,Amritsar,Punjab,Credit Card
ORD_03041,CUST_0969,2024-12-05,T-Shirt,Clothing,2,599,0.2,958.4,Solan,Himachal Pradesh,UPI
ORD_03042,CUST_0836,2025-05-29,Power Bank,Electronics,1,999,0.2,799.2,Solan,Himachal Pradesh,Debit Card
ORD_03043,CUST_0092,2025-08-21,Table Lamp,Home,2,799,0.15,1358.3,Sonipat,Haryana,UPI
ORD_03044,CUST_0947,2025-09-23,T-Shirt,Clothing,2,599,0.0,1198.0,Shimla,Himachal Pradesh,Cash on Delivery
ORD_03045,CUST_0368,2024-08-27,Body Lotion,Beauty,4,349,0.05,1326.2,New Delhi,Delhi,Cash on Delivery
ORD_03046,CUST_0400,2024-07-28,Jeans,Clothing,2,1299,0.1,2338.2,New Delhi,Delhi,UPI
ORD_03047,CUST_0147,2024-06-02,Face Wash,Beauty,2,299,0.0,598.0,New Delhi,Delhi,Debit Card
ORD_03048,CUST_0312,2025-03-11,Novel,Books,2,499,0.2,798.4,Gurugram,Haryana,Cash on Delivery
ORD_03049,CUST_0135,2024-03-20,Coffee Maker,Home,4,2499,0.1,8996.4,Solan,Himachal Pradesh,Credit Card
ORD_03050,CUST_0414,2025-08-18,Power Bank,Electronics,3,999,0.2,2397.6,Mohali,Punjab,UPI
ORD_03051,CUST_0021,2024-08-19,Programming Book,Books,3,899,0.2,2157.6,Chandigarh,Chandigarh,Credit Card
ORD_03052,CUST_0800,2025-11-19,Perfume,Beauty,3,999,0.1,2697.3,Solan,Himachal Pradesh,Credit Card
ORD_03053,CUST_0614,2025-07-05,Coffee Maker,Home,4,2499,0.2,7996.8,New Delhi,Delhi,Cash on Delivery
ORD_03054,CUST_0365,2024-07-17,Coffee Maker,Home,4,2499,0.1,8996.4,Mohali,Punjab,UPI
ORD_03055,CUST_0852,2025-10-26,Hoodie,Clothing,2,999,0.2,1598.4,Gurugram,Haryana,Credit Card
ORD_03056,CUST_0870,2024-06-03,Coffee Maker,Home,1,2499,0.05,2374.05,Sonipat,Haryana,Debit Card
ORD_03057,CUST_0183,2024-02-20,Exam Guide,Books,1,699,0.15,594.15,Shimla,Himachal Pradesh,Credit Card
ORD_03058,CUST_0377,2024-11-05,Hoodie,Clothing,2,999,0.1,1798.2,Chandigarh,Chandigarh,Debit Card
ORD_03059,CUST_0971,2025-05-13,Smart Watch,Electronics,2,2499,0.0,4998.0,Shimla,Himachal Pradesh,Debit Card
ORD_03060,CUST_0804,2025-01-24,Programming Book,Books,3,899,0.05,2562.15,Faridabad,Haryana,Credit Card
ORD_03061,CUST_0217,2024-08-24,Jeans,Clothing,1,1299,0.1,1169.1,Chandigarh,Chandigarh,Cash on Delivery
ORD_03062,CUST_0931,2024-05-11,Smart Watch,Electronics,1,2499,0.05,2374.05,Sonipat,Haryana,UPI
ORD_03063,CUST_0686,2024-02-20,Power Bank,Electronics,3,999,0.0,2997.0,New Delhi,Delhi,Credit Card
ORD_03064,CUST_0922,2024-02-24,Shampoo,Beauty,2,399,0.0,798.0,Chandigarh,Chandigarh,Cash on Delivery
ORD_03065,CUST_0593,2025-09-09,Sneakers,Clothing,2,1999,0.1,3598.2,New Delhi,Delhi,Debit Card
ORD_03066,CUST_0591,2025-01-31,T-Shirt,Clothing,3,599,0.1,1617.3,New Delhi,Delhi,UPI
ORD_03067,CUST_0527,2025-12-26,Bluetooth Speaker,Electronics,4,1599,0.1,5756.4,Chandigarh,Chandigarh,Debit Card
ORD_03068,CUST_0946,2024-01-30,Jeans,Clothing,1,1299,0.05,1234.05,Mohali,Punjab,Credit Card
ORD_03069,CUST_0455,2024-10-21,Hoodie,Clothing,2,999,0.05,1898.1,Solan,Himachal Pradesh,Debit Card
ORD_03070,CUST_0089,2025-02-25,Hoodie,Clothing,3,999,0.05,2847.15,Faridabad,Haryana,Debit Card
ORD_03071,CUST_0693,2024-07-21,Table Lamp,Home,4,799,0.1,2876.4,Gurugram,Haryana,UPI
ORD_03072,CUST_0847,2024-06-26,Perfume,Beauty,4,999,0.1,3596.4,Shimla,Himachal Pradesh,Debit Card
ORD_03073,CUST_0999,2025-04-08,Smart Watch,Electronics,4,2499,0.2,7996.8,New Delhi,Delhi,Cash on Delivery
ORD_03074,CUST_0367,2024-10-28,Smart Watch,Electronics,2,2499,0.0,4998.0,New Delhi,Delhi,Cash on Delivery
ORD_03075,CUST_0527,2025-10-07,Novel,Books,2,499,0.1,898.2,Amritsar,Punjab,Credit Card
ORD_03076,CUST_0439,2025-03-18,Shampoo,Beauty,4,399,0.1,1436.4,Panipat,Haryana,Credit Card
ORD_03077,CUST_0306,2025-11-01,Jeans,Clothing,4,1299,0.0,5196.0,Solan,Himachal Pradesh,Debit Card
ORD_03078,CUST_0352,2025-11-20,T-Shirt,Clothing,2,599,0.15,1018.3,Shimla,Himachal Pradesh,Cash on Delivery
ORD_03079,CUST_0015,2024-04-03,Sneakers,Clothing,4,1999,0.15,6796.6,New Delhi,Delhi,Debit Card
ORD_03080,CUST_0278,2025-12-04,Hoodie,Clothing,2,999,0.05,1898.1,Shimla,Himachal Pradesh,Credit Card
ORD_03081,CUST_0556,2024-03-02,Body Lotion,Beauty,2,349,0.1,628.2,Mohali,Punjab,Cash on Delivery
ORD_03082,CUST_0647,2025-12-01,Bedsheet,Home,3,999,0.0,2997.0,New Delhi,Delhi,Debit Card
ORD_03083,CUST_0235,2024-11-06,Self Help Book,Books,2,599,0.1,1078.2,Amritsar,Punjab,UPI
ORD_03084,CUST_0360,2025-05-14,Bedsheet,Home,4,999,0.1,3596.4,Solan,Himachal Pradesh,Cash on Delivery
ORD_03085,CUST_0620,2025-09-30,Novel,Books,3,499,0.0,1497.0,Patiala,Punjab,Debit Card
ORD_03086,CUST_0678,2025-05-24,Self Help Book,Books,1,599,0.1,539.1,Amritsar,Punjab,Cash on Delivery
ORD_03087,CUST_0265,2024-10-28,Table Lamp,Home,2,799,0.0,1598.0,Chandigarh,Chandigarh,Credit Card
ORD_03088,CUST_0805,2025-01-24,Perfume,Beauty,3,999,0.05,2847.15,Sonipat,Haryana,Cash on Delivery
ORD_03089,CUST_0816,2025-01-07,Table Lamp,Home,1,799,0.1,719.1,Mohali,Punjab,UPI
ORD_03090,CUST_0810,2024-12-14,Bluetooth Speaker,Electronics,3,1599,0.2,3837.6,Amritsar,Punjab,Credit Card
ORD_03091,CUST_0293,2025-05-20,T-Shirt,Clothing,4,599,0.05,2276.2,Chandigarh,Chandigarh,Debit Card
ORD_03092,CUST_0398,2025-04-08,Jeans,Clothing,1,1299,0.05,1234.05,Solan,Himachal Pradesh,Credit Card
ORD_03093,CUST_0528,2025-03-29,Perfume,Beauty,3,999,0.15,2547.45,Mohali,Punjab,Credit Card
ORD_03094,CUST_0327,2025-10-03,Novel,Books,3,499,0.1,1347.3,Ludhiana,Punjab,Cash on Delivery
ORD_03095,CUST_0265,2024-11-11,Bedsheet,Home,2,999,0.15,1698.3,New Delhi,Delhi,UPI
ORD_03096,CUST_0880,2024-03-28,Smart Watch,Electronics,1,2499,0.1,2249.1,Chandigarh,Chandigarh,Credit Card
ORD_03097,CUST_0972,2024-12-19,Smart Watch,Electronics,3,2499,0.05,7122.15,New Delhi,Delhi,Cash on Delivery
ORD_03098,CUST_0682,2024-12-13,Wireless Headphones,Electronics,2,1999,0.05,3798.1,Chandigarh,Chandigarh,Credit Card
ORD_03099,CUST_0176,2025-04-27,Perfume,Beauty,1,999,0.05,949.05,New Delhi,Delhi,Debit Card
ORD_03100,CUST_0169,2025-03-14,Shampoo,Beauty,3,399,0.1,1077.3,Solan,Himachal Pradesh,Credit Card
ORD_03101,CUST_0860,2024-05-19,Shampoo,Beauty,2,399,0.0,798.0,New Delhi,Delhi,Cash on Delivery
ORD_03102,CUST_0225,2024-04-07,T-Shirt,Clothing,1,599,0.2,479.2,New Delhi,Delhi,Debit Card
ORD_03103,CUST_0551,2024-08-06,T-Shirt,Clothing,3,599,0.15,1527.45,New Delhi,Delhi,Cash on Delivery
ORD_03104,CUST_0916,2024-01-24,Storage Box,Home,2,499,0.2,798.4,Amritsar,Punjab,Cash on Delivery
ORD_03105,CUST_0786,2024-03-22,Face Wash,Beauty,3,299,0.0,897.0,Chandigarh,Chandigarh,Debit Card
ORD_03106,CUST_0470,2024-03-24,Power Bank,Electronics,1,999,0.0,999.0,Ludhiana,Punjab,Cash on Delivery
ORD_03107,CUST_0186,2025-07-18,T-Shirt,Clothing,1,599,0.0,599.0,Solan,Himachal Pradesh,Credit Card
ORD_03108,CUST_0458,2024-03-13,Body Lotion,Beauty,1,349,0.05,331.55,Chandigarh,Chandigarh,Cash on Delivery
ORD_03109,CUST_0724,2025-05-08,Storage Box,Home,3,499,0.05,1422.15,Solan,Himachal Pradesh,Credit Card
ORD_03110,CUST_0512,2025-08-26,Self Help Book,Books,1,599,0.0,599.0,New Delhi,Delhi,Credit Card
ORD_03111,CUST_0437,2025-05-29,Face Wash,Beauty,1,299,0.1,269.1,Ludhiana,Punjab,Cash on Delivery
ORD_03112,CUST_0214,2024-09-14,Jeans,Clothing,1,1299,0.2,1039.2,Chandigarh,Chandigarh,Cash on Delivery
ORD_03113,CUST_0694,2024-07-28,Wireless Headphones,Electronics,1,1999,0.2,1599.2,Chandigarh,Chandigarh,Credit Card
ORD_03114,CUST_0676,2025-12-22,Coffee Maker,Home,2,2499,0.15,4248.3,New Delhi,Delhi,Debit Card
ORD_03115,CUST_0670,2024-07-03,Exam Guide,Books,1,699,0.05,664.05,Faridabad,Haryana,Debit Card
ORD_03116,CUST_0556,2024-10-28,Perfume,Beauty,4,999,0.15,3396.6,Solan,Himachal Pradesh,UPI
ORD_03117,CUST_0005,2024-05-20,Shampoo,Beauty,1,399,0.2,319.2,New Delhi,Delhi,UPI
ORD_03118,CUST_0345,2024-03-22,Jeans,Clothing,4,1299,0.1,4676.4,Chandigarh,Chandigarh,Credit Card
ORD_03119,CUST_0071,2024-03-31,Shampoo,Beauty,3,399,0.1,1077.3,Shimla,Himachal Pradesh,Credit Card
ORD_03120,CUST_0249,2024-08-28,Face Wash,Beauty,3,299,0.0,897.0,Chandigarh,Chandigarh,UPI
ORD_03121,CUST_0744,2024-07-26,Bluetooth Speaker,Electronics,1,1599,0.05,1519.05,Chandigarh,Chandigarh,UPI
ORD_03122,CUST_0240,2025-05-14,Storage Box,Home,1,499,0.05,474.05,Patiala,Punjab,UPI
ORD_03123,CUST_0433,2025-03-07,Bluetooth Speaker,Electronics,1,1599,0.05,1519.05,Gurugram,Haryana,Credit Card
ORD_03124,CUST_0066,2024-05-28,Programming Book,Books,1,899,0.05,854.05,Faridabad,Haryana,Cash on Delivery
ORD_03125,CUST_0886,2024-01-05,Storage Box,Home,1,499,0.1,449.1,New Delhi,Delhi,Cash on Delivery
ORD_03126,CUST_0436,2025-09-03,Face Wash,Beauty,3,299,0.15,762.45,New Delhi,Delhi,Cash on Delivery
ORD_03127,CUST_0132,2025-02-22,Wireless Headphones,Electronics,1,1999,0.0,1999.0,Faridabad,Haryana,Credit Card
ORD_03128,CUST_0462,2024-08-09,Jeans,Clothing,2,1299,0.0,2598.0,Gurugram,Haryana,Credit Card
ORD_03129,CUST_0912,2025-01-08,Self Help Book,Books,2,599,0.1,1078.2,Chandigarh,Chandigarh,Debit Card
ORD_03130,CUST_0624,2024-02-13,Table Lamp,Home,2,799,0.15,1358.3,Solan,Himachal Pradesh,UPI
ORD_03131,CUST_0261,2024-01-16,Power Bank,Electronics,4,999,0.0,3996.0,Solan,Himachal Pradesh,Cash on Delivery
ORD_03132,CUST_0102,2025-08-15,Hoodie,Clothing,3,999,0.1,2697.3,Solan,Himachal Pradesh,Credit Card
ORD_03133,CUST_0570,2025-12-27,Power Bank,Electronics,1,999,0.0,999.0,Chandigarh,Chandigarh,Debit Card
ORD_03134,CUST_0909,2024-08-28,Coffee Maker,Home,1,2499,0.05,2374.05,Patiala,Punjab,Credit Card
ORD_03135,CUST_0593,2025-08-25,Table Lamp,Home,2,799,0.0,1598.0,Faridabad,Haryana,Cash on Delivery
ORD_03136,CUST_0786,2024-02-08,Programming Book,Books,2,899,0.2,1438.4,New Delhi,Delhi,Cash on Delivery
ORD_03137,CUST_0409,2024-02-27,Perfume,Beauty,2,999,0.1,1798.2,Solan,Himachal Pradesh,Debit Card
ORD_03138,CUST_0477,2025-12-27,Exam Guide,Books,1,699,0.1,629.1,Gurugram,Haryana,Cash on Delivery
ORD_03139,CUST_0386,2025-06-14,Jeans,Clothing,4,1299,0.15,4416.6,Shimla,Himachal Pradesh,Debit Card
ORD_03140,CUST_0880,2024-03-23,Novel,Books,2,499,0.0,998.0,Chandigarh,Chandigarh,Cash on Delivery
ORD_03141,CUST_0539,2025-10-01,Table Lamp,Home,3,799,0.0,2397.0,Sonipat,Haryana,UPI
ORD_03142,CUST_0864,2025-12-02,T-Shirt,Clothing,2,599,0.0,1198.0,Panipat,Haryana,Debit Card
ORD_03143,CUST_0355,2025-11-23,Wireless Headphones,Electronics,2,1999,0.1,3598.2,Chandigarh,Chandigarh,UPI
ORD_03144,CUST_0953,2024-06-01,Table Lamp,Home,1,799,0.1,719.1,Sonipat,Haryana,UPI
ORD_03145,CUST_0287,2025-08-26,Novel,Books,4,499,0.1,1796.4,Solan,Himachal Pradesh,Debit Card
ORD_03146,CUST_0899,2025-11-28,Jeans,Clothing,3,1299,0.05,3702.15,Ludhiana,Punjab,UPI
ORD_03147,CUST_0581,2024-12-05,Sneakers,Clothing,3,1999,0.1,5397.3,Chandigarh,Chandigarh,Cash on Delivery
ORD_03148,CUST_0884,2024-12-01,Wireless Headphones,Electronics,4,1999,0.15,6796.6,Mohali,Punjab,UPI
ORD_03149,CUST_0494,2024-04-11,Shampoo,Beauty,2,399,0.2,638.4,New Delhi,Delhi,UPI
ORD_03150,CUST_0693,2024-05-14,Shampoo,Beauty,1,399,0.0,399.0,Shimla,Himachal Pradesh,Debit Card
ORD_03151,CUST_0456,2025-05-27,Storage Box,Home,3,499,0.0,1497.0,Solan,Himachal Pradesh,Credit Card
ORD_03152,CUST_0207,2024-04-25,Bluetooth Speaker,Electronics,2,1599,0.05,3038.1,Chandigarh,Chandigarh,Cash on Delivery
ORD_03153,CUST_0067,2025-12-30,Novel,Books,3,499,0.0,1497.0,Faridabad,Haryana,Cash on Delivery
ORD_03154,CUST_0060,2024-07-07,Jeans,Clothing,3,1299,0.0,3897.0,Solan,Himachal Pradesh,Credit Card
ORD_03155,CUST_0888,2025-01-19,Wireless Headphones,Electronics,3,1999,0.1,5397.3,Shimla,Himachal Pradesh,UPI
ORD_03156,CUST_0579,2025-02-10,Hoodie,Clothing,1,999,0.1,899.1,Chandigarh,Chandigarh,Credit Card
ORD_03157,CUST_0376,2025-11-20,Perfume,Beauty,4,999,0.1,3596.4,New Delhi,Delhi,UPI
ORD_03158,CUST_0841,2025-02-04,Shampoo,Beauty,3,399,0.1,1077.3,Chandigarh,Chandigarh,Cash on Delivery
ORD_03159,CUST_0428,2025-04-06,Perfume,Beauty,4,999,0.15,3396.6,Shimla,Himachal Pradesh,Debit Card
ORD_03160,CUST_0265,2025-04-26,Novel,Books,3,499,0.0,1497.0,Shimla,Himachal Pradesh,Debit Card
ORD_03161,CUST_0268,2024-01-19,Shampoo,Beauty,4,399,0.0,1596.0,Chandigarh,Chandigarh,Credit Card
ORD_03162,CUST_0615,2025-07-26,Table Lamp,Home,1,799,0.0,799.0,New Delhi,Delhi,Credit Card
ORD_03163,CUST_0303,2025-06-01,Face Wash,Beauty,1,299,0.1,269.1,Ludhiana,Punjab,Credit Card
ORD_03164,CUST_0165,2025-09-25,Novel,Books,4,499,0.1,1796.4,New Delhi,Delhi,Credit Card
ORD_03165,CUST_0595,2024-02-12,Exam Guide,Books,2,699,0.1,1258.2,Chandigarh,Chandigarh,UPI
ORD_03166,CUST_0605,2024-05-26,Exam Guide,Books,2,699,0.0,1398.0,Ludhiana,Punjab,Cash on Delivery
ORD_03167,CUST_0109,2025-11-12,Self Help Book,Books,2,599,0.05,1138.1,New Delhi,Delhi,Credit Card
ORD_03168,CUST_0002,2025-08-12,Jeans,Clothing,1,1299,0.05,1234.05,Sonipat,Haryana,UPI
ORD_03169,CUST_0062,2024-06-27,Shampoo,Beauty,4,399,0.15,1356.6,Shimla,Himachal Pradesh,Cash on Delivery
ORD_03170,CUST_0493,2024-06-17,Wireless Headphones,Electronics,4,1999,0.1,7196.4,Ludhiana,Punjab,UPI
ORD_03171,CUST_0364,2024-04-06,Shampoo,Beauty,3,399,0.0,1197.0,New Delhi,Delhi,Credit Card
ORD_03172,CUST_0548,2024-12-25,Bluetooth Speaker,Electronics,2,1599,0.05,3038.1,New Delhi,Delhi,Cash on Delivery
ORD_03173,CUST_0552,2025-02-25,Programming Book,Books,2,899,0.05,1708.1,Mohali,Punjab,UPI
ORD_03174,CUST_0879,2025-01-20,Exam Guide,Books,2,699,0.05,1328.1,Gurugram,Haryana,UPI
ORD_03175,CUST_0696,2025-08-22,Storage Box,Home,4,499,0.05,1896.2,Amritsar,Punjab,Cash on Delivery
ORD_03176,CUST_0977,2025-04-21,Shampoo,Beauty,2,399,0.15,678.3,Chandigarh,Chandigarh,Cash on Delivery
ORD_03177,CUST_0576,2025-07-12,Smart Watch,Electronics,2,2499,0.1,4498.2,Gurugram,Haryana,Debit Card
ORD_03178,CUST_0749,2024-03-01,Body Lotion,Beauty,3,349,0.0,1047.0,Shimla,Himachal Pradesh,Credit Card
ORD_03179,CUST_0005,2025-04-17,Face Wash,Beauty,3,299,0.2,717.6,Panipat,Haryana,Cash on Delivery
ORD_03180,CUST_0838,2024-07-19,Coffee Maker,Home,2,2499,0.0,4998.0,Chandigarh,Chandigarh,UPI
ORD_03181,CUST_0675,2025-09-10,Exam Guide,Books,4,699,0.15,2376.6,Faridabad,Haryana,Cash on Delivery
ORD_03182,CUST_0198,2024-09-21,Body Lotion,Beauty,2,349,0.05,663.1,Chandigarh,Chandigarh,Cash on Delivery
ORD_03183,CUST_0315,2024-06-09,Perfume,Beauty,3,999,0.1,2697.3,Gurugram,Haryana,Credit Card
ORD_03184,CUST_0157,2025-07-16,Jeans,Clothing,4,1299,0.15,4416.6,Chandigarh,Chandigarh,Cash on Delivery
ORD_03185,CUST_0429,2025-10-14,Bedsheet,Home,2,999,0.05,1898.1,Mohali,Punjab,Credit Card
ORD_03186,CUST_0789,2025-08-05,Smart Watch,Electronics,1,2499,0.0,2499.0,Shimla,Himachal Pradesh,Cash on Delivery
ORD_03187,CUST_0791,2024-01-09,Programming Book,Books,4,899,0.0,3596.0,Faridabad,Haryana,Debit Card
ORD_03188,CUST_0628,2025-06-30,Storage Box,Home,4,499,0.0,1996.0,Patiala,Punjab,UPI
ORD_03189,CUST_0355,2024-02-19,Table Lamp,Home,3,799,0.05,2277.15,Patiala,Punjab,Credit Card
ORD_03190,CUST_0650,2024-08-30,T-Shirt,Clothing,2,599,0.1,1078.2,Amritsar,Punjab,UPI
ORD_03191,CUST_0792,2025-02-19,Perfume,Beauty,2,999,0.15,1698.3,Patiala,Punjab,Credit Card
ORD_03192,CUST_0325,2024-08-25,Bedsheet,Home,4,999,0.05,3796.2,Ludhiana,Punjab,UPI
ORD_03193,CUST_0013,2024-12-30,Table Lamp,Home,2,799,0.2,1278.4,Amritsar,Punjab,Credit Card
ORD_03194,CUST_0196,2024-10-05,Face Wash,Beauty,1,299,0.15,254.15,Chandigarh,Chandigarh,Cash on Delivery
ORD_03195,CUST_0117,2025-01-01,Hoodie,Clothing,3,999,0.0,2997.0,Chandigarh,Chandigarh,Cash on Delivery
ORD_03196,CUST_0929,2024-01-23,Power Bank,Electronics,4,999,0.05,3796.2,Patiala,Punjab,Credit Card
ORD_03197,CUST_0988,2025-09-18,Face Wash,Beauty,2,299,0.0,598.0,Ludhiana,Punjab,Debit Card
ORD_03198,CUST_0965,2024-02-19,Wireless Headphones,Electronics,3,1999,0.05,5697.15,Faridabad,Haryana,Debit Card
ORD_03199,CUST_0551,2024-08-17,Novel,Books,4,499,0.1,1796.4,Ludhiana,Punjab,Cash on Delivery
ORD_03200,CUST_0395,2024-04-20,Exam Guide,Books,1,699,0.0,699.0,Amritsar,Punjab,Debit Card
ORD_03201,CUST_0523,2025-04-15,Bedsheet,Home,2,999,0.1,1798.2,Patiala,Punjab,Cash on Delivery
ORD_03202,CUST_0973,2025-09-30,Sneakers,Clothing,4,1999,0.1,7196.4,Shimla,Himachal Pradesh,UPI
ORD_03203,CUST_0636,2024-10-23,Power Bank,Electronics,2,999,0.05,1898.1,Gurugram,Haryana,Credit Card
ORD_03204,CUST_0216,2024-02-22,Bedsheet,Home,2,999,0.15,1698.3,Chandigarh,Chandigarh,Credit Card
ORD_03205,CUST_0625,2024-06-30,Programming Book,Books,3,899,0.15,2292.45,New Delhi,Delhi,Cash on Delivery
ORD_03206,CUST_0281,2024-07-04,Storage Box,Home,2,499,0.0,998.0,Shimla,Himachal Pradesh,Debit Card
ORD_03207,CUST_0567,2025-03-29,Storage Box,Home,3,499,0.15,1272.45,New Delhi,Delhi,Debit Card
ORD_03208,CUST_0142,2025-07-25,Perfume,Beauty,4,999,0.05,3796.2,Chandigarh,Chandigarh,Credit Card
ORD_03209,CUST_0384,2025-04-16,Perfume,Beauty,1,999,0.1,899.1,Amritsar,Punjab,Credit Card
ORD_03210,CUST_0670,2024-12-25,Body Lotion,Beauty,4,349,0.2,1116.8,New Delhi,Delhi,Credit Card
ORD_03211,CUST_0452,2025-03-20,Perfume,Beauty,4,999,0.2,3196.8,Solan,Himachal Pradesh,Credit Card
ORD_03212,CUST_0792,2024-04-02,Perfume,Beauty,1,999,0.15,849.15,Shimla,Himachal Pradesh,Credit Card
ORD_03213,CUST_0965,2024-02-09,Storage Box,Home,1,499,0.0,499.0,Chandigarh,Chandigarh,UPI
ORD_03214,CUST_0784,2025-01-19,Exam Guide,Books,3,699,0.1,1887.3,Patiala,Punjab,Credit Card
ORD_03215,CUST_0655,2024-01-19,Perfume,Beauty,3,999,0.15,2547.45,Faridabad,Haryana,UPI
ORD_03216,CUST_0811,2025-09-16,Programming Book,Books,3,899,0.05,2562.15,Sonipat,Haryana,Cash on Delivery
ORD_03217,CUST_0607,2024-11-18,Smart Watch,Electronics,4,2499,0.15,8496.6,New Delhi,Delhi,UPI
ORD_03218,CUST_0116,2025-12-20,Table Lamp,Home,1,799,0.0,799.0,Solan,Himachal Pradesh,Cash on Delivery
ORD_03219,CUST_0568,2025-01-02,Face Wash,Beauty,4,299,0.1,1076.4,Patiala,Punjab,UPI
ORD_03220,CUST_0357,2024-11-01,Bluetooth Speaker,Electronics,1,1599,0.05,1519.05,Chandigarh,Chandigarh,Debit Card
ORD_03221,CUST_0621,2025-01-14,Shampoo,Beauty,4,399,0.05,1516.2,Ludhiana,Punjab,Debit Card
ORD_03222,CUST_0154,2025-12-23,Wireless Headphones,Electronics,3,1999,0.0,5997.0,Panipat,Haryana,Cash on Delivery
ORD_03223,CUST_0795,2024-12-15,Bedsheet,Home,3,999,0.15,2547.45,Shimla,Himachal Pradesh,Cash on Delivery
ORD_03224,CUST_0786,2024-09-09,Perfume,Beauty,1,999,0.0,999.0,Chandigarh,Chandigarh,UPI
ORD_03225,CUST_0274,2025-05-09,Sneakers,Clothing,1,1999,0.05,1899.05,Ludhiana,Punjab,UPI
ORD_03226,CUST_0328,2025-09-07,Smart Watch,Electronics,4,2499,0.15,8496.6,New Delhi,Delhi,Credit Card
ORD_03227,CUST_0174,2025-11-15,Face Wash,Beauty,1,299,0.05,284.05,Shimla,Himachal Pradesh,Cash on Delivery
ORD_03228,CUST_0472,2025-04-16,Shampoo,Beauty,2,399,0.1,718.2,Shimla,Himachal Pradesh,Debit Card
ORD_03229,CUST_0702,2024-06-25,Exam Guide,Books,1,699,0.1,629.1,New Delhi,Delhi,Credit Card
ORD_03230,CUST_0013,2025-07-10,Shampoo,Beauty,2,399,0.15,678.3,Solan,Himachal Pradesh,Credit Card
ORD_03231,CUST_0580,2024-08-24,Bluetooth Speaker,Electronics,4,1599,0.2,5116.8,Chandigarh,Chandigarh,Debit Card
ORD_03232,CUST_0136,2025-07-01,Perfume,Beauty,1,999,0.2,799.2,Chandigarh,Chandigarh,Credit Card
ORD_03233,CUST_0746,2025-11-29,Face Wash,Beauty,4,299,0.1,1076.4,Mohali,Punjab,Cash on Delivery
ORD_03234,CUST_0822,2024-04-20,Storage Box,Home,3,499,0.0,1497.0,New Delhi,Delhi,Cash on Delivery
ORD_03235,CUST_0789,2025-07-04,Wireless Headphones,Electronics,3,1999,0.1,5397.3,Shimla,Himachal Pradesh,Cash on Delivery
ORD_03236,CUST_0671,2024-04-13,T-Shirt,Clothing,1,599,0.0,599.0,New Delhi,Delhi,Credit Card
ORD_03237,CUST_0029,2024-05-26,Bluetooth Speaker,Electronics,1,1599,0.0,1599.0,Faridabad,Haryana,Cash on Delivery
ORD_03238,CUST_0452,2024-10-17,Bedsheet,Home,2,999,0.15,1698.3,Shimla,Himachal Pradesh,UPI
ORD_03239,CUST_0588,2024-02-19,Storage Box,Home,1,499,0.15,424.15,Chandigarh,Chandigarh,Credit Card
ORD_03240,CUST_0722,2025-03-29,Bluetooth Speaker,Electronics,1,1599,0.0,1599.0,Chandigarh,Chandigarh,UPI
ORD_03241,CUST_0870,2024-09-05,Table Lamp,Home,3,799,0.1,2157.3,Chandigarh,Chandigarh,UPI
ORD_03242,CUST_0533,2025-07-22,Coffee Maker,Home,1,2499,0.1,2249.1,Chandigarh,Chandigarh,UPI
ORD_03243,CUST_0989,2024-09-16,Shampoo,Beauty,4,399,0.05,1516.2,New Delhi,Delhi,Cash on Delivery
ORD_03244,CUST_0061,2025-01-14,Face Wash,Beauty,4,299,0.0,1196.0,New Delhi,Delhi,Cash on Delivery
ORD_03245,CUST_0349,2024-01-02,Bluetooth Speaker,Electronics,3,1599,0.15,4077.45,Mohali,Punjab,Debit Card
ORD_03246,CUST_0146,2025-11-29,Storage Box,Home,3,499,0.0,1497.0,New Delhi,Delhi,UPI
ORD_03247,CUST_0988,2025-12-03,Body Lotion,Beauty,1,349,0.15,296.65,Panipat,Haryana,UPI
ORD_03248,CUST_0666,2024-07-17,Perfume,Beauty,1,999,0.1,899.1,Shimla,Himachal Pradesh,Cash on Delivery
ORD_03249,CUST_0089,2024-06-08,Novel,Books,2,499,0.0,998.0,Chandigarh,Chandigarh,Credit Card
ORD_03250,CUST_0879,2025-08-04,Sneakers,Clothing,2,1999,0.0,3998.0,Solan,Himachal Pradesh,Credit Card
ORD_03251,CUST_0323,2025-06-30,Coffee Maker,Home,4,2499,0.1,8996.4,New Delhi,Delhi,Debit Card
ORD_03252,CUST_0110,2024-09-13,Hoodie,Clothing,2,999,0.2,1598.4,Solan,Himachal Pradesh,Debit Card
ORD_03253,CUST_0066,2025-07-10,Bluetooth Speaker,Electronics,4,1599,0.0,6396.0,New Delhi,Delhi,Cash on Delivery
ORD_03254,CUST_0254,2025-12-28,Wireless Headphones,Electronics,1,1999,0.0,1999.0,Solan,Himachal Pradesh,Credit Card
ORD_03255,CUST_0938,2025-10-20,Power Bank,Electronics,3,999,0.0,2997.0,Amritsar,Punjab,Credit Card
ORD_03256,CUST_0662,2024-04-18,Body Lotion,Beauty,3,349,0.15,889.95,Mohali,Punjab,Credit Card
ORD_03257,CUST_0202,2024-11-22,T-Shirt,Clothing,2,599,0.1,1078.2,Sonipat,Haryana,Debit Card
ORD_03258,CUST_0821,2025-05-18,Sneakers,Clothing,4,1999,0.2,6396.8,Amritsar,Punjab,Credit Card
ORD_03259,CUST_0473,2024-12-23,Exam Guide,Books,3,699,0.0,2097.0,New Delhi,Delhi,UPI
ORD_03260,CUST_0878,2025-04-16,Face Wash,Beauty,1,299,0.0,299.0,New Delhi,Delhi,Debit Card
ORD_03261,CUST_0838,2024-11-08,Shampoo,Beauty,4,399,0.05,1516.2,Solan,Himachal Pradesh,Cash on Delivery
ORD_03262,CUST_0355,2024-01-17,Smart Watch,Electronics,4,2499,0.05,9496.2,New Delhi,Delhi,Cash on Delivery
ORD_03263,CUST_0039,2024-02-14,Hoodie,Clothing,2,999,0.1,1798.2,Ludhiana,Punjab,UPI
ORD_03264,CUST_0923,2024-06-19,Wireless Headphones,Electronics,2,1999,0.05,3798.1,Chandigarh,Chandigarh,Credit Card
ORD_03265,CUST_0355,2024-06-21,Bluetooth Speaker,Electronics,4,1599,0.15,5436.6,Solan,Himachal Pradesh,Credit Card
ORD_03266,CUST_0835,2024-07-23,Body Lotion,Beauty,1,349,0.1,314.1,Patiala,Punjab,Cash on Delivery
ORD_03267,CUST_0165,2025-11-07,Face Wash,Beauty,1,299,0.1,269.1,New Delhi,Delhi,UPI
ORD_03268,CUST_0223,2025-09-16,Jeans,Clothing,1,1299,0.0,1299.0,Chandigarh,Chandigarh,Credit Card
ORD_03269,CUST_0938,2025-09-14,Perfume,Beauty,1,999,0.05,949.05,Sonipat,Haryana,Debit Card
ORD_03270,CUST_0139,2025-02-25,Self Help Book,Books,4,599,0.1,2156.4,New Delhi,Delhi,Credit Card
ORD_03271,CUST_0634,2025-11-15,Programming Book,Books,2,899,0.0,1798.0,New Delhi,Delhi,UPI
ORD_03272,CUST_0375,2024-05-28,Bedsheet,Home,2,999,0.2,1598.4,Chandigarh,Chandigarh,Cash on Delivery
ORD_03273,CUST_0016,2024-08-10,Shampoo,Beauty,3,399,0.05,1137.15,Chandigarh,Chandigarh,Cash on Delivery
ORD_03274,CUST_0426,2024-01-03,Jeans,Clothing,4,1299,0.15,4416.6,Amritsar,Punjab,Debit Card
ORD_03275,CUST_0947,2024-06-19,Perfume,Beauty,3,999,0.05,2847.15,Chandigarh,Chandigarh,Debit Card
ORD_03276,CUST_0112,2025-12-29,Shampoo,Beauty,4,399,0.0,1596.0,Chandigarh,Chandigarh,Cash on Delivery
ORD_03277,CUST_0608,2024-04-27,Wireless Headphones,Electronics,1,1999,0.0,1999.0,Chandigarh,Chandigarh,Credit Card
ORD_03278,CUST_0160,2025-07-05,Wireless Headphones,Electronics,2,1999,0.0,3998.0,Chandigarh,Chandigarh,Debit Card
ORD_03279,CUST_0128,2024-05-24,Table Lamp,Home,1,799,0.05,759.05,Patiala,Punjab,Credit Card
ORD_03280,CUST_0060,2025-11-23,Hoodie,Clothing,3,999,0.1,2697.3,Gurugram,Haryana,Debit Card
ORD_03281,CUST_0336,2024-11-10,Wireless Headphones,Electronics,1,1999,0.05,1899.05,Mohali,Punjab,Credit Card
ORD_03282,CUST_0300,2024-01-23,Power Bank,Electronics,3,999,0.2,2397.6,Shimla,Himachal Pradesh,UPI
ORD_03283,CUST_0092,2025-12-08,Programming Book,Books,2,899,0.0,1798.0,Shimla,Himachal Pradesh,Credit Card
ORD_03284,CUST_0680,2024-10-01,Exam Guide,Books,3,699,0.0,2097.0,Shimla,Himachal Pradesh,Credit Card
ORD_03285,CUST_0970,2024-04-01,Sneakers,Clothing,4,1999,0.15,6796.6,Solan,Himachal Pradesh,Debit Card
ORD_03286,CUST_0053,2025-11-11,Table Lamp,Home,2,799,0.2,1278.4,Mohali,Punjab,UPI
ORD_03287,CUST_0137,2025-01-27,Sneakers,Clothing,3,1999,0.1,5397.3,Chandigarh,Chandigarh,Credit Card
ORD_03288,CUST_0263,2024-02-21,Smart Watch,Electronics,3,2499,0.05,7122.15,Amritsar,Punjab,Debit Card
ORD_03289,CUST_0519,2025-02-15,Table Lamp,Home,3,799,0.1,2157.3,New Delhi,Delhi,Credit Card
ORD_03290,CUST_0258,2025-09-23,Programming Book,Books,1,899,0.05,854.05,Chandigarh,Chandigarh,UPI
ORD_03291,CUST_0301,2025-07-19,T-Shirt,Clothing,4,599,0.1,2156.4,Gurugram,Haryana,UPI
ORD_03292,CUST_0242,2024-03-11,Shampoo,Beauty,4,399,0.0,1596.0,New Delhi,Delhi,UPI
ORD_03293,CUST_0612,2025-06-12,Self Help Book,Books,4,599,0.1,2156.4,Ludhiana,Punjab,Cash on Delivery
ORD_03294,CUST_0078,2024-01-17,Novel,Books,1,499,0.0,499.0,Gurugram,Haryana,Cash on Delivery
ORD_03295,CUST_0380,2024-10-10,Body Lotion,Beauty,2,349,0.1,628.2,Shimla,Himachal Pradesh,Credit Card
ORD_03296,CUST_0225,2024-12-05,Bluetooth Speaker,Electronics,2,1599,0.05,3038.1,Patiala,Punjab,Cash on Delivery
ORD_03297,CUST_0491,2024-05-21,Coffee Maker,Home,1,2499,0.0,2499.0,Mohali,Punjab,Credit Card
ORD_03298,CUST_0705,2025-03-13,Table Lamp,Home,4,799,0.0,3196.0,Chandigarh,Chandigarh,Debit Card
ORD_03299,CUST_0720,2024-08-09,Storage Box,Home,4,499,0.1,1796.4,Mohali,Punjab,Cash on Delivery
ORD_03300,CUST_0364,2024-07-17,Smart Watch,Electronics,4,2499,0.1,8996.4,Shimla,Himachal Pradesh,Credit Card
ORD_03301,CUST_0551,2025-10-23,Table Lamp,Home,2,799,0.1,1438.2,New Delhi,Delhi,UPI
ORD_03302,CUST_0097,2024-04-16,Storage Box,Home,2,499,0.1,898.2,Chandigarh,Chandigarh,UPI
ORD_03303,CUST_0656,2024-02-10,Coffee Maker,Home,4,2499,0.05,9496.2,New Delhi,Delhi,Debit Card
ORD_03304,CUST_0013,2024-02-12,Perfume,Beauty,1,999,0.1,899.1,Amritsar,Punjab,UPI
ORD_03305,CUST_0686,2025-08-26,Shampoo,Beauty,1,399,0.0,399.0,Shimla,Himachal Pradesh,UPI
ORD_03306,CUST_0771,2025-06-13,Wireless Headphones,Electronics,3,1999,0.1,5397.3,Shimla,Himachal Pradesh,Credit Card
ORD_03307,CUST_0465,2024-02-21,Face Wash,Beauty,4,299,0.15,1016.6,New Delhi,Delhi,Cash on Delivery
ORD_03308,CUST_0092,2025-12-19,Storage Box,Home,1,499,0.0,499.0,Shimla,Himachal Pradesh,Debit Card
ORD_03309,CUST_0323,2025-03-09,Perfume,Beauty,1,999,0.0,999.0,New Delhi,Delhi,Cash on Delivery
ORD_03310,CUST_0701,2024-12-31,Programming Book,Books,3,899,0.1,2427.3,Chandigarh,Chandigarh,UPI
ORD_03311,CUST_0239,2025-10-24,Exam Guide,Books,1,699,0.0,699.0,Amritsar,Punjab,Debit Card
ORD_03312,CUST_0627,2025-01-04,Bedsheet,Home,3,999,0.1,2697.3,Solan,Himachal Pradesh,Credit Card
ORD_03313,CUST_0309,2025-09-09,Exam Guide,Books,4,699,0.2,2236.8,Gurugram,Haryana,Cash on Delivery
ORD_03314,CUST_0688,2025-05-29,Coffee Maker,Home,1,2499,0.2,1999.2,Patiala,Punjab,Cash on Delivery
ORD_03315,CUST_0008,2024-05-22,Hoodie,Clothing,3,999,0.05,2847.15,Gurugram,Haryana,UPI
ORD_03316,CUST_0846,2025-02-18,Storage Box,Home,2,499,0.1,898.2,Faridabad,Haryana,Credit Card
ORD_03317,CUST_0713,2025-11-20,Bedsheet,Home,2,999,0.15,1698.3,Solan,Himachal Pradesh,Debit Card
ORD_03318,CUST_0594,2025-08-11,Bluetooth Speaker,Electronics,4,1599,0.0,6396.0,Shimla,Himachal Pradesh,UPI
ORD_03319,CUST_0803,2024-08-24,Programming Book,Books,3,899,0.15,2292.45,Shimla,Himachal Pradesh,Debit Card
ORD_03320,CUST_0944,2025-06-20,Bedsheet,Home,2,999,0.05,1898.1,New Delhi,Delhi,UPI
ORD_03321,CUST_0816,2025-02-22,Power Bank,Electronics,2,999,0.2,1598.4,Gurugram,Haryana,Credit Card
ORD_03322,CUST_0437,2024-09-11,Smart Watch,Electronics,4,2499,0.05,9496.2,Ludhiana,Punjab,Credit Card
ORD_03323,CUST_0499,2025-10-08,Self Help Book,Books,2,599,0.05,1138.1,Shimla,Himachal Pradesh,UPI
ORD_03324,CUST_0833,2024-10-11,Coffee Maker,Home,3,2499,0.0,7497.0,New Delhi,Delhi,Debit Card
ORD_03325,CUST_0501,2025-10-24,Perfume,Beauty,1,999,0.05,949.05,New Delhi,Delhi,Debit Card
ORD_03326,CUST_0995,2024-11-22,Body Lotion,Beauty,1,349,0.15,296.65,Ludhiana,Punjab,UPI
ORD_03327,CUST_0868,2025-06-12,Body Lotion,Beauty,4,349,0.0,1396.0,Mohali,Punjab,Credit Card
ORD_03328,CUST_0798,2025-08-09,Face Wash,Beauty,1,299,0.0,299.0,Chandigarh,Chandigarh,UPI
ORD_03329,CUST_0957,2025-07-16,Bluetooth Speaker,Electronics,2,1599,0.15,2718.3,Panipat,Haryana,Debit Card
ORD_03330,CUST_0021,2025-09-04,Exam Guide,Books,1,699,0.1,629.1,Solan,Himachal Pradesh,Credit Card
ORD_03331,CUST_0693,2024-04-12,Self Help Book,Books,4,599,0.15,2036.6,Solan,Himachal Pradesh,Debit Card
ORD_03332,CUST_0459,2025-03-10,T-Shirt,Clothing,2,599,0.0,1198.0,Shimla,Himachal Pradesh,Credit Card
ORD_03333,CUST_0670,2024-02-21,Bluetooth Speaker,Electronics,2,1599,0.15,2718.3,Mohali,Punjab,Cash on Delivery
ORD_03334,CUST_0444,2025-01-23,Bedsheet,Home,4,999,0.1,3596.4,Mohali,Punjab,Credit Card
ORD_03335,CUST_0804,2025-08-19,Perfume,Beauty,1,999,0.2,799.2,Ludhiana,Punjab,Debit Card
ORD_03336,CUST_0067,2024-10-24,Programming Book,Books,2,899,0.05,1708.1,Chandigarh,Chandigarh,UPI
ORD_03337,CUST_0498,2024-10-20,Bedsheet,Home,4,999,0.0,3996.0,Chandigarh,Chandigarh,Credit Card
ORD_03338,CUST_0983,2024-12-09,Self Help Book,Books,1,599,0.1,539.1,Solan,Himachal Pradesh,UPI
ORD_03339,CUST_0737,2024-11-12,Jeans,Clothing,3,1299,0.15,3312.45,Mohali,Punjab,UPI
ORD_03340,CUST_0337,2024-03-08,Bluetooth Speaker,Electronics,1,1599,0.1,1439.1,New Delhi,Delhi,Credit Card
ORD_03341,CUST_0077,2025-03-22,Storage Box,Home,3,499,0.15,1272.45,Chandigarh,Chandigarh,Debit Card
ORD_03342,CUST_0754,2024-04-04,Self Help Book,Books,1,599,0.0,599.0,New Delhi,Delhi,Credit Card
ORD_03343,CUST_0878,2025-06-30,Storage Box,Home,4,499,0.2,1596.8,Faridabad,Haryana,Cash on Delivery
ORD_03344,CUST_0066,2025-12-25,Body Lotion,Beauty,4,349,0.1,1256.4,Faridabad,Haryana,Cash on Delivery
ORD_03345,CUST_0146,2024-11-27,Smart Watch,Electronics,2,2499,0.0,4998.0,Faridabad,Haryana,Debit Card
ORD_03346,CUST_0650,2024-02-25,Bedsheet,Home,2,999,0.05,1898.1,Faridabad,Haryana,Debit Card
ORD_03347,CUST_0395,2025-06-16,Table Lamp,Home,2,799,0.1,1438.2,Shimla,Himachal Pradesh,Cash on Delivery
ORD_03348,CUST_0580,2025-03-21,Bedsheet,Home,1,999,0.05,949.05,Solan,Himachal Pradesh,UPI
ORD_03349,CUST_0986,2025-03-23,Perfume,Beauty,1,999,0.05,949.05,Chandigarh,Chandigarh,Debit Card
ORD_03350,CUST_0452,2025-03-08,Programming Book,Books,1,899,0.05,854.05,Sonipat,Haryana,UPI
ORD_03351,CUST_0068,2024-10-07,Face Wash,Beauty,2,299,0.05,568.1,Solan,Himachal Pradesh,Credit Card
ORD_03352,CUST_0513,2024-09-22,Wireless Headphones,Electronics,2,1999,0.0,3998.0,New Delhi,Delhi,Cash on Delivery
ORD_03353,CUST_0174,2025-12-21,Self Help Book,Books,1,599,0.05,569.05,Sonipat,Haryana,Debit Card
ORD_03354,CUST_0269,2024-01-31,Face Wash,Beauty,1,299,0.0,299.0,New Delhi,Delhi,Debit Card
ORD_03355,CUST_0033,2024-02-06,Hoodie,Clothing,4,999,0.05,3796.2,New Delhi,Delhi,Debit Card
ORD_03356,CUST_0740,2024-05-19,Hoodie,Clothing,4,999,0.1,3596.4,Panipat,Haryana,UPI
ORD_03357,CUST_0304,2025-06-12,Hoodie,Clothing,4,999,0.15,3396.6,New Delhi,Delhi,Cash on Delivery
ORD_03358,CUST_0870,2024-06-27,Hoodie,Clothing,1,999,0.15,849.15,Chandigarh,Chandigarh,UPI
ORD_03359,CUST_0495,2025-02-05,Bluetooth Speaker,Electronics,2,1599,0.2,2558.4,Gurugram,Haryana,Cash on Delivery
ORD_03360,CUST_0263,2025-08-22,Programming Book,Books,3,899,0.15,2292.45,Sonipat,Haryana,Credit Card
ORD_03361,CUST_0182,2025-08-24,Smart Watch,Electronics,2,2499,0.05,4748.1,Mohali,Punjab,Debit Card
ORD_03362,CUST_0433,2024-02-04,Smart Watch,Electronics,4,2499,0.1,8996.4,Chandigarh,Chandigarh,Debit Card
ORD_03363,CUST_0318,2025-07-26,Body Lotion,Beauty,1,349,0.15,296.65,Patiala,Punjab,Credit Card
ORD_03364,CUST_0675,2024-02-11,Bluetooth Speaker,Electronics,3,1599,0.15,4077.45,Shimla,Himachal Pradesh,Credit Card
ORD_03365,CUST_0510,2024-06-13,Smart Watch,Electronics,3,2499,0.1,6747.3,New Delhi,Delhi,Credit Card
ORD_03366,CUST_0691,2024-08-30,Bedsheet,Home,1,999,0.05,949.05,Faridabad,Haryana,Debit Card
ORD_03367,CUST_0219,2024-08-12,Smart Watch,Electronics,2,2499,0.05,4748.1,Gurugram,Haryana,Debit Card
ORD_03368,CUST_0809,2024-07-26,Novel,Books,3,499,0.2,1197.6,Chandigarh,Chandigarh,Credit Card
ORD_03369,CUST_0241,2024-08-25,Hoodie,Clothing,4,999,0.2,3196.8,Amritsar,Punjab,Credit Card
ORD_03370,CUST_0561,2025-07-06,Shampoo,Beauty,4,399,0.2,1276.8,Chandigarh,Chandigarh,Debit Card
ORD_03371,CUST_0292,2024-05-17,Bedsheet,Home,2,999,0.1,1798.2,Shimla,Himachal Pradesh,Debit Card
ORD_03372,CUST_0348,2025-08-24,Sneakers,Clothing,1,1999,0.05,1899.05,Panipat,Haryana,Debit Card
ORD_03373,CUST_0549,2024-04-13,Storage Box,Home,3,499,0.1,1347.3,Shimla,Himachal Pradesh,Credit Card
ORD_03374,CUST_0555,2024-09-15,Face Wash,Beauty,4,299,0.05,1136.2,Chandigarh,Chandigarh,Debit Card
ORD_03375,CUST_0343,2024-05-15,Coffee Maker,Home,1,2499,0.0,2499.0,New Delhi,Delhi,Cash on Delivery
ORD_03376,CUST_0958,2025-03-23,Sneakers,Clothing,4,1999,0.1,7196.4,Gurugram,Haryana,UPI
ORD_03377,CUST_0124,2024-10-16,Face Wash,Beauty,1,299,0.15,254.15,Shimla,Himachal Pradesh,Cash on Delivery
ORD_03378,CUST_0023,2024-06-13,Power Bank,Electronics,2,999,0.0,1998.0,Faridabad,Haryana,UPI
ORD_03379,CUST_0677,2024-10-22,Self Help Book,Books,4,599,0.1,2156.4,New Delhi,Delhi,Credit Card
ORD_03380,CUST_0248,2025-07-14,Smart Watch,Electronics,2,2499,0.0,4998.0,New Delhi,Delhi,Debit Card
ORD_03381,CUST_0618,2025-09-28,Perfume,Beauty,4,999,0.05,3796.2,New Delhi,Delhi,UPI
ORD_03382,CUST_0700,2025-12-06,Smart Watch,Electronics,4,2499,0.0,9996.0,Gurugram,Haryana,Cash on Delivery
ORD_03383,CUST_0029,2024-04-26,Storage Box,Home,2,499,0.0,998.0,Chandigarh,Chandigarh,UPI
ORD_03384,CUST_0718,2025-11-21,Perfume,Beauty,2,999,0.2,1598.4,Solan,Himachal Pradesh,Cash on Delivery
ORD_03385,CUST_0213,2025-03-06,Table Lamp,Home,4,799,0.1,2876.4,New Delhi,Delhi,Cash on Delivery
ORD_03386,CUST_0955,2025-05-30,Shampoo,Beauty,3,399,0.05,1137.15,Solan,Himachal Pradesh,UPI
ORD_03387,CUST_0812,2025-02-06,Wireless Headphones,Electronics,4,1999,0.1,7196.4,New Delhi,Delhi,Cash on Delivery
ORD_03388,CUST_0416,2025-03-05,Body Lotion,Beauty,4,349,0.0,1396.0,Chandigarh,Chandigarh,UPI
ORD_03389,CUST_0789,2025-07-28,Programming Book,Books,2,899,0.0,1798.0,Shimla,Himachal Pradesh,Credit Card
ORD_03390,CUST_0594,2025-04-09,T-Shirt,Clothing,4,599,0.1,2156.4,New Delhi,Delhi,Credit Card
ORD_03391,CUST_0839,2024-03-12,Storage Box,Home,4,499,0.0,1996.0,Chandigarh,Chandigarh,Cash on Delivery
ORD_03392,CUST_0862,2024-12-20,Table Lamp,Home,2,799,0.05,1518.1,Faridabad,Haryana,Debit Card
ORD_03393,CUST_0703,2025-06-02,Storage Box,Home,1,499,0.05,474.05,Faridabad,Haryana,UPI
ORD_03394,CUST_0237,2025-11-02,Body Lotion,Beauty,2,349,0.1,628.2,New Delhi,Delhi,Credit Card
ORD_03395,CUST_0462,2025-05-14,Jeans,Clothing,2,1299,0.2,2078.4,Solan,Himachal Pradesh,Credit Card
ORD_03396,CUST_0174,2024-12-28,Perfume,Beauty,3,999,0.0,2997.0,New Delhi,Delhi,UPI
ORD_03397,CUST_0498,2025-09-11,Smart Watch,Electronics,4,2499,0.1,8996.4,Chandigarh,Chandigarh,Cash on Delivery
ORD_03398,CUST_0300,2025-09-15,Coffee Maker,Home,4,2499,0.1,8996.4,Amritsar,Punjab,Cash on Delivery
ORD_03399,CUST_0075,2025-11-08,Shampoo,Beauty,2,399,0.05,758.1,Chandigarh,Chandigarh,Debit Card
ORD_03400,CUST_0804,2024-03-31,Body Lotion,Beauty,3,349,0.05,994.65,New Delhi,Delhi,Debit Card
ORD_03401,CUST_0258,2024-01-31,Programming Book,Books,2,899,0.05,1708.1,Solan,Himachal Pradesh,Cash on Delivery
ORD_03402,CUST_0470,2025-05-12,Body Lotion,Beauty,4,349,0.0,1396.0,Shimla,Himachal Pradesh,Credit Card
ORD_03403,CUST_0306,2025-04-11,Novel,Books,1,499,0.0,499.0,New Delhi,Delhi,Cash on Delivery
ORD_03404,CUST_0776,2024-01-19,Programming Book,Books,1,899,0.2,719.2,Chandigarh,Chandigarh,Debit Card
ORD_03405,CUST_0229,2025-07-15,T-Shirt,Clothing,1,599,0.15,509.15,Amritsar,Punjab,Debit Card
ORD_03406,CUST_0161,2025-02-02,Shampoo,Beauty,3,399,0.0,1197.0,Shimla,Himachal Pradesh,Cash on Delivery
ORD_03407,CUST_0655,2025-03-22,Programming Book,Books,4,899,0.1,3236.4,Ludhiana,Punjab,Debit Card
ORD_03408,CUST_0818,2024-07-21,Body Lotion,Beauty,4,349,0.1,1256.4,Solan,Himachal Pradesh,Cash on Delivery
ORD_03409,CUST_0287,2024-11-13,Smart Watch,Electronics,3,2499,0.1,6747.3,New Delhi,Delhi,Debit Card
ORD_03410,CUST_0904,2024-10-06,Table Lamp,Home,4,799,0.15,2716.6,Patiala,Punjab,Credit Card
ORD_03411,CUST_0737,2025-10-13,Shampoo,Beauty,3,399,0.0,1197.0,Shimla,Himachal Pradesh,Cash on Delivery
ORD_03412,CUST_0421,2024-09-10,Storage Box,Home,4,499,0.05,1896.2,New Delhi,Delhi,Debit Card
ORD_03413,CUST_0058,2024-04-26,Smart Watch,Electronics,2,2499,0.2,3998.4,New Delhi,Delhi,Credit Card
ORD_03414,CUST_0917,2025-06-09,Programming Book,Books,1,899,0.1,809.1,Gurugram,Haryana,UPI
ORD_03415,CUST_0895,2024-12-20,Self Help Book,Books,2,599,0.0,1198.0,Solan,Himachal Pradesh,Credit Card
ORD_03416,CUST_0932,2024-07-14,Coffee Maker,Home,4,2499,0.05,9496.2,Chandigarh,Chandigarh,Credit Card
ORD_03417,CUST_0155,2024-02-13,Exam Guide,Books,3,699,0.0,2097.0,New Delhi,Delhi,Credit Card
ORD_03418,CUST_0998,2024-08-14,Self Help Book,Books,2,599,0.15,1018.3,Chandigarh,Chandigarh,UPI
ORD_03419,CUST_0425,2025-08-08,Smart Watch,Electronics,1,2499,0.0,2499.0,Solan,Himachal Pradesh,Credit Card
ORD_03420,CUST_0464,2024-03-23,Power Bank,Electronics,4,999,0.0,3996.0,Amritsar,Punjab,Cash on Delivery
ORD_03421,CUST_0866,2025-03-17,Body Lotion,Beauty,4,349,0.05,1326.2,Chandigarh,Chandigarh,Credit Card
ORD_03422,CUST_0292,2024-06-23,Exam Guide,Books,3,699,0.05,1992.15,Chandigarh,Chandigarh,Cash on Delivery
ORD_03423,CUST_0869,2024-12-09,Storage Box,Home,3,499,0.0,1497.0,Gurugram,Haryana,Debit Card
ORD_03424,CUST_0862,2025-02-02,Smart Watch,Electronics,2,2499,0.1,4498.2,Chandigarh,Chandigarh,UPI
ORD_03425,CUST_0477,2024-09-09,Novel,Books,4,499,0.05,1896.2,Gurugram,Haryana,Debit Card
ORD_03426,CUST_0521,2024-08-09,Self Help Book,Books,1,599,0.0,599.0,Amritsar,Punjab,Debit Card
ORD_03427,CUST_0153,2024-01-20,Self Help Book,Books,4,599,0.0,2396.0,Mohali,Punjab,Cash on Delivery
ORD_03428,CUST_0346,2025-09-10,Storage Box,Home,1,499,0.15,424.15,Amritsar,Punjab,Credit Card
ORD_03429,CUST_0751,2025-03-15,Table Lamp,Home,4,799,0.05,3036.2,Shimla,Himachal Pradesh,UPI
ORD_03430,CUST_0369,2025-06-01,Hoodie,Clothing,4,999,0.05,3796.2,New Delhi,Delhi,Debit Card
ORD_03431,CUST_0561,2025-11-14,Face Wash,Beauty,1,299,0.05,284.05,New Delhi,Delhi,Credit Card
ORD_03432,CUST_0022,2025-10-16,Novel,Books,4,499,0.05,1896.2,New Delhi,Delhi,Debit Card
ORD_03433,CUST_0027,2025-11-29,Novel,Books,3,499,0.1,1347.3,Sonipat,Haryana,UPI
ORD_03434,CUST_0462,2025-02-21,Programming Book,Books,4,899,0.05,3416.2,Mohali,Punjab,Cash on Delivery
ORD_03435,CUST_0823,2024-11-29,Shampoo,Beauty,1,399,0.15,339.15,Solan,Himachal Pradesh,UPI
ORD_03436,CUST_0881,2024-12-12,Table Lamp,Home,3,799,0.15,2037.45,Solan,Himachal Pradesh,Credit Card
ORD_03437,CUST_0988,2025-12-28,Hoodie,Clothing,4,999,0.2,3196.8,Panipat,Haryana,Cash on Delivery
ORD_03438,CUST_0451,2024-11-09,Programming Book,Books,3,899,0.2,2157.6,Shimla,Himachal Pradesh,UPI
ORD_03439,CUST_0045,2025-11-10,Novel,Books,4,499,0.05,1896.2,Chandigarh,Chandigarh,Credit Card
ORD_03440,CUST_0702,2024-12-25,Bluetooth Speaker,Electronics,2,1599,0.1,2878.2,Sonipat,Haryana,Cash on Delivery
ORD_03441,CUST_0465,2025-02-17,Table Lamp,Home,4,799,0.15,2716.6,Shimla,Himachal Pradesh,Cash on Delivery
ORD_03442,CUST_0482,2024-12-12,Body Lotion,Beauty,2,349,0.0,698.0,Solan,Himachal Pradesh,Debit Card
ORD_03443,CUST_0397,2025-04-07,Wireless Headphones,Electronics,3,1999,0.15,5097.45,Amritsar,Punjab,UPI
ORD_03444,CUST_0798,2025-11-25,Self Help Book,Books,2,599,0.0,1198.0,Shimla,Himachal Pradesh,Credit Card
ORD_03445,CUST_0132,2025-11-02,Sneakers,Clothing,4,1999,0.05,7596.2,Amritsar,Punjab,UPI
ORD_03446,CUST_0238,2024-07-05,Self Help Book,Books,4,599,0.0,2396.0,Chandigarh,Chandigarh,UPI
ORD_03447,CUST_0256,2024-08-29,Coffee Maker,Home,4,2499,0.1,8996.4,Patiala,Punjab,UPI
ORD_03448,CUST_0113,2024-03-18,Exam Guide,Books,2,699,0.1,1258.2,Chandigarh,Chandigarh,Credit Card
ORD_03449,CUST_0833,2024-11-01,Shampoo,Beauty,1,399,0.1,359.1,Ludhiana,Punjab,Cash on Delivery
ORD_03450,CUST_0304,2024-09-20,Power Bank,Electronics,1,999,0.15,849.15,Amritsar,Punjab,Credit Card
ORD_03451,CUST_0543,2024-01-27,Body Lotion,Beauty,1,349,0.05,331.55,Solan,Himachal Pradesh,Credit Card
ORD_03452,CUST_0013,2024-04-03,Exam Guide,Books,1,699,0.15,594.15,Amritsar,Punjab,Debit Card
ORD_03453,CUST_0379,2025-01-15,Jeans,Clothing,2,1299,0.05,2468.1,Solan,Himachal Pradesh,Debit Card
ORD_03454,CUST_0942,2025-02-21,Self Help Book,Books,1,599,0.0,599.0,New Delhi,Delhi,Credit Card
ORD_03455,CUST_0389,2024-01-12,Power Bank,Electronics,1,999,0.1,899.1,Chandigarh,Chandigarh,Credit Card
ORD_03456,CUST_0579,2024-02-23,Exam Guide,Books,1,699,0.15,594.15,Faridabad,Haryana,Credit Card
ORD_03457,CUST_0803,2025-06-10,Wireless Headphones,Electronics,1,1999,0.05,1899.05,New Delhi,Delhi,Cash on Delivery
ORD_03458,CUST_0522,2025-04-18,Bluetooth Speaker,Electronics,1,1599,0.0,1599.0,Shimla,Himachal Pradesh,Debit Card
ORD_03459,CUST_0592,2024-06-16,Face Wash,Beauty,4,299,0.0,1196.0,Chandigarh,Chandigarh,Credit Card
ORD_03460,CUST_0036,2025-07-31,Perfume,Beauty,3,999,0.0,2997.0,Mohali,Punjab,Debit Card
ORD_03461,CUST_0122,2025-05-06,Bluetooth Speaker,Electronics,2,1599,0.05,3038.1,Patiala,Punjab,UPI
ORD_03462,CUST_0205,2024-02-09,Body Lotion,Beauty,3,349,0.1,942.3,Panipat,Haryana,Debit Card
ORD_03463,CUST_0551,2025-08-19,Shampoo,Beauty,1,399,0.1,359.1,Shimla,Himachal Pradesh,Credit Card
ORD_03464,CUST_0685,2024-11-14,Wireless Headphones,Electronics,3,1999,0.2,4797.6,New Delhi,Delhi,Cash on Delivery
ORD_03465,CUST_0356,2025-05-01,Wireless Headphones,Electronics,1,1999,0.15,1699.15,Amritsar,Punjab,Credit Card
ORD_03466,CUST_0635,2025-01-04,Coffee Maker,Home,1,2499,0.0,2499.0,Chandigarh,Chandigarh,Cash on Delivery
ORD_03467,CUST_0611,2024-08-07,T-Shirt,Clothing,4,599,0.1,2156.4,New Delhi,Delhi,Cash on Delivery
ORD_03468,CUST_0319,2024-01-08,T-Shirt,Clothing,2,599,0.15,1018.3,Chandigarh,Chandigarh,UPI
ORD_03469,CUST_0098,2025-02-17,Programming Book,Books,3,899,0.2,2157.6,New Delhi,Delhi,Debit Card
ORD_03470,CUST_0356,2025-07-03,Storage Box,Home,3,499,0.1,1347.3,Faridabad,Haryana,UPI
ORD_03471,CUST_0658,2025-03-25,Exam Guide,Books,3,699,0.2,1677.6,Amritsar,Punjab,Credit Card
ORD_03472,CUST_0799,2025-11-23,Hoodie,Clothing,1,999,0.1,899.1,New Delhi,Delhi,UPI
ORD_03473,CUST_0637,2024-08-01,Face Wash,Beauty,2,299,0.15,508.3,Chandigarh,Chandigarh,Debit Card
ORD_03474,CUST_0684,2025-08-11,Exam Guide,Books,4,699,0.1,2516.4,New Delhi,Delhi,UPI
ORD_03475,CUST_0949,2025-10-31,Coffee Maker,Home,4,2499,0.0,9996.0,Sonipat,Haryana,Debit Card
ORD_03476,CUST_0128,2024-10-21,Bedsheet,Home,3,999,0.0,2997.0,New Delhi,Delhi,UPI
ORD_03477,CUST_0883,2025-08-17,Sneakers,Clothing,4,1999,0.1,7196.4,New Delhi,Delhi,Debit Card
ORD_03478,CUST_0136,2025-06-13,T-Shirt,Clothing,2,599,0.1,1078.2,Chandigarh,Chandigarh,Debit Card
ORD_03479,CUST_0666,2025-07-26,Bedsheet,Home,3,999,0.0,2997.0,Chandigarh,Chandigarh,UPI
ORD_03480,CUST_1000,2025-07-16,Exam Guide,Books,3,699,0.1,1887.3,New Delhi,Delhi,Cash on Delivery
ORD_03481,CUST_0111,2025-06-21,Hoodie,Clothing,1,999,0.0,999.0,Solan,Himachal Pradesh,UPI
ORD_03482,CUST_0563,2025-01-09,Hoodie,Clothing,4,999,0.05,3796.2,Panipat,Haryana,Cash on Delivery
ORD_03483,CUST_0733,2025-07-15,Programming Book,Books,1,899,0.1,809.1,Chandigarh,Chandigarh,Credit Card
ORD_03484,CUST_0404,2024-01-10,Shampoo,Beauty,3,399,0.1,1077.3,Faridabad,Haryana,UPI
ORD_03485,CUST_0652,2024-02-15,Sneakers,Clothing,4,1999,0.05,7596.2,Amritsar,Punjab,Debit Card
ORD_03486,CUST_0078,2025-07-03,Coffee Maker,Home,4,2499,0.1,8996.4,Solan,Himachal Pradesh,Credit Card
ORD_03487,CUST_0840,2024-03-03,Bedsheet,Home,1,999,0.0,999.0,Patiala,Punjab,Cash on Delivery
ORD_03488,CUST_0991,2025-10-12,Smart Watch,Electronics,1,2499,0.1,2249.1,New Delhi,Delhi,Debit Card
ORD_03489,CUST_0799,2025-05-10,Face Wash,Beauty,4,299,0.1,1076.4,Shimla,Himachal Pradesh,UPI
ORD_03490,CUST_0461,2025-11-29,Table Lamp,Home,4,799,0.1,2876.4,New Delhi,Delhi,Cash on Delivery
ORD_03491,CUST_0307,2024-11-05,Novel,Books,2,499,0.2,798.4,Patiala,Punjab,Credit Card
ORD_03492,CUST_0826,2025-10-21,Face Wash,Beauty,2,299,0.0,598.0,Amritsar,Punjab,Credit Card
ORD_03493,CUST_0312,2025-09-23,Coffee Maker,Home,3,2499,0.1,6747.3,Solan,Himachal Pradesh,Credit Card
ORD_03494,CUST_0528,2025-10-10,Self Help Book,Books,4,599,0.05,2276.2,New Delhi,Delhi,Debit Card
ORD_03495,CUST_0027,2024-05-01,Face Wash,Beauty,1,299,0.1,269.1,Sonipat,Haryana,Debit Card
ORD_03496,CUST_0696,2024-02-03,Jeans,Clothing,1,1299,0.0,1299.0,New Delhi,Delhi,Credit Card
ORD_03497,CUST_0049,2025-01-29,Storage Box,Home,4,499,0.15,1696.6,New Delhi,Delhi,Credit Card
ORD_03498,CUST_0583,2024-05-31,Exam Guide,Books,2,699,0.1,1258.2,New Delhi,Delhi,Debit Card
ORD_03499,CUST_0010,2024-06-05,Exam Guide,Books,4,699,0.15,2376.6,Sonipat,Haryana,Cash on Delivery
ORD_03500,CUST_0820,2025-04-14,Smart Watch,Electronics,4,2499,0.0,9996.0,Gurugram,Haryana,Credit Card
ORD_03501,CUST_0338,2025-10-10,Shampoo,Beauty,1,399,0.1,359.1,Solan,Himachal Pradesh,Credit Card
ORD_03502,CUST_0374,2025-01-14,Sneakers,Clothing,4,1999,0.2,6396.8,Patiala,Punjab,Debit Card
ORD_03503,CUST_0016,2025-02-09,Power Bank,Electronics,4,999,0.2,3196.8,Chandigarh,Chandigarh,Debit Card
ORD_03504,CUST_0611,2025-05-11,Storage Box,Home,1,499,0.2,399.2,Shimla,Himachal Pradesh,Debit Card
ORD_03505,CUST_0334,2024-11-14,Power Bank,Electronics,3,999,0.1,2697.3,Panipat,Haryana,Cash on Delivery
ORD_03506,CUST_0403,2024-10-18,Hoodie,Clothing,4,999,0.1,3596.4,Sonipat,Haryana,Credit Card
ORD_03507,CUST_0112,2025-06-23,Shampoo,Beauty,4,399,0.1,1436.4,New Delhi,Delhi,Cash on Delivery
ORD_03508,CUST_0530,2024-10-18,Body Lotion,Beauty,1,349,0.05,331.55,Shimla,Himachal Pradesh,Debit Card
ORD_03509,CUST_0023,2024-01-21,T-Shirt,Clothing,2,599,0.1,1078.2,Chandigarh,Chandigarh,Credit Card
ORD_03510,CUST_0464,2025-07-06,Bedsheet,Home,3,999,0.05,2847.15,New Delhi,Delhi,Cash on Delivery
ORD_03511,CUST_0640,2025-06-20,Body Lotion,Beauty,3,349,0.1,942.3,Mohali,Punjab,Debit Card
ORD_03512,CUST_0749,2025-01-19,Table Lamp,Home,3,799,0.05,2277.15,Shimla,Himachal Pradesh,Debit Card
ORD_03513,CUST_0369,2024-10-10,Novel,Books,3,499,0.0,1497.0,Shimla,Himachal Pradesh,Cash on Delivery
ORD_03514,CUST_0072,2024-10-07,Shampoo,Beauty,3,399,0.0,1197.0,New Delhi,Delhi,UPI
ORD_03515,CUST_0749,2025-03-05,Body Lotion,Beauty,1,349,0.05,331.55,Solan,Himachal Pradesh,UPI
ORD_03516,CUST_0366,2025-11-05,Power Bank,Electronics,4,999,0.1,3596.4,Shimla,Himachal Pradesh,Credit Card
ORD_03517,CUST_0194,2024-07-20,Novel,Books,1,499,0.05,474.05,Gurugram,Haryana,Cash on Delivery
ORD_03518,CUST_0159,2025-04-16,T-Shirt,Clothing,2,599,0.05,1138.1,Gurugram,Haryana,Credit Card
ORD_03519,CUST_0413,2024-08-02,Power Bank,Electronics,3,999,0.1,2697.3,Gurugram,Haryana,Debit Card
ORD_03520,CUST_0797,2025-10-31,Hoodie,Clothing,1,999,0.05,949.05,New Delhi,Delhi,UPI
ORD_03521,CUST_0534,2024-01-08,Shampoo,Beauty,1,399,0.1,359.1,New Delhi,Delhi,Debit Card
ORD_03522,CUST_0287,2025-02-25,Face Wash,Beauty,2,299,0.0,598.0,Gurugram,Haryana,Debit Card
ORD_03523,CUST_0643,2024-01-27,Self Help Book,Books,1,599,0.0,599.0,Solan,Himachal Pradesh,UPI
ORD_03524,CUST_0912,2024-06-19,Face Wash,Beauty,1,299,0.05,284.05,Patiala,Punjab,Cash on Delivery
ORD_03525,CUST_0066,2024-08-16,Face Wash,Beauty,2,299,0.1,538.2,Chandigarh,Chandigarh,Debit Card
ORD_03526,CUST_0069,2025-05-18,Programming Book,Books,1,899,0.05,854.05,New Delhi,Delhi,Debit Card
ORD_03527,CUST_0931,2024-09-13,Jeans,Clothing,2,1299,0.15,2208.3,Chandigarh,Chandigarh,UPI
ORD_03528,CUST_0417,2025-10-12,Exam Guide,Books,2,699,0.1,1258.2,Sonipat,Haryana,Credit Card
ORD_03529,CUST_0606,2024-05-16,Face Wash,Beauty,3,299,0.15,762.45,Chandigarh,Chandigarh,Debit Card
ORD_03530,CUST_0256,2024-09-07,Table Lamp,Home,2,799,0.0,1598.0,New Delhi,Delhi,Debit Card
ORD_03531,CUST_0447,2025-04-29,Coffee Maker,Home,2,2499,0.05,4748.1,Chandigarh,Chandigarh,Cash on Delivery
ORD_03532,CUST_0656,2025-11-16,Self Help Book,Books,2,599,0.05,1138.1,New Delhi,Delhi,UPI
ORD_03533,CUST_0966,2025-07-20,Programming Book,Books,2,899,0.0,1798.0,New Delhi,Delhi,Debit Card
ORD_03534,CUST_0091,2025-05-31,Bedsheet,Home,1,999,0.05,949.05,Gurugram,Haryana,Cash on Delivery
ORD_03535,CUST_0780,2024-01-28,Jeans,Clothing,4,1299,0.1,4676.4,Shimla,Himachal Pradesh,UPI
ORD_03536,CUST_0563,2024-09-23,Sneakers,Clothing,2,1999,0.0,3998.0,Chandigarh,Chandigarh,Debit Card
ORD_03537,CUST_0560,2025-10-26,Hoodie,Clothing,3,999,0.0,2997.0,New Delhi,Delhi,UPI
ORD_03538,CUST_0655,2025-04-13,Sneakers,Clothing,3,1999,0.05,5697.15,New Delhi,Delhi,Cash on Delivery
ORD_03539,CUST_0639,2025-03-13,Bedsheet,Home,2,999,0.1,1798.2,Gurugram,Haryana,Debit Card
ORD_03540,CUST_0350,2024-07-28,Smart Watch,Electronics,3,2499,0.05,7122.15,New Delhi,Delhi,UPI
ORD_03541,CUST_0831,2024-02-13,Storage Box,Home,2,499,0.0,998.0,Ludhiana,Punjab,Cash on Delivery
ORD_03542,CUST_0104,2025-09-21,Programming Book,Books,1,899,0.05,854.05,Ludhiana,Punjab,Debit Card
ORD_03543,CUST_0818,2024-11-01,Power Bank,Electronics,3,999,0.2,2397.6,Solan,Himachal Pradesh,Debit Card
ORD_03544,CUST_0032,2025-12-13,Storage Box,Home,3,499,0.0,1497.0,New Delhi,Delhi,Debit Card
ORD_03545,CUST_0832,2025-12-08,Wireless Headphones,Electronics,2,1999,0.1,3598.2,Chandigarh,Chandigarh,Cash on Delivery
ORD_03546,CUST_0832,2025-05-28,Wireless Headphones,Electronics,2,1999,0.0,3998.0,New Delhi,Delhi,UPI
ORD_03547,CUST_0680,2025-11-07,Perfume,Beauty,1,999,0.05,949.05,Shimla,Himachal Pradesh,UPI
ORD_03548,CUST_0911,2025-06-01,Bluetooth Speaker,Electronics,2,1599,0.05,3038.1,New Delhi,Delhi,Cash on Delivery
ORD_03549,CUST_0502,2025-03-01,T-Shirt,Clothing,2,599,0.05,1138.1,Gurugram,Haryana,Cash on Delivery
ORD_03550,CUST_0966,2024-07-14,Coffee Maker,Home,4,2499,0.0,9996.0,Amritsar,Punjab,UPI
ORD_03551,CUST_0836,2025-01-25,Body Lotion,Beauty,1,349,0.05,331.55,New Delhi,Delhi,Debit Card
ORD_03552,CUST_0481,2024-08-12,Wireless Headphones,Electronics,2,1999,0.0,3998.0,Amritsar,Punjab,UPI
ORD_03553,CUST_0512,2024-07-23,Exam Guide,Books,3,699,0.1,1887.3,Gurugram,Haryana,Debit Card
ORD_03554,CUST_0278,2025-06-21,Face Wash,Beauty,2,299,0.0,598.0,Solan,Himachal Pradesh,UPI
ORD_03555,CUST_0940,2025-03-26,Shampoo,Beauty,3,399,0.05,1137.15,Shimla,Himachal Pradesh,UPI
ORD_03556,CUST_0243,2025-11-14,Perfume,Beauty,2,999,0.0,1998.0,Chandigarh,Chandigarh,Cash on Delivery
ORD_03557,CUST_0209,2024-03-19,T-Shirt,Clothing,4,599,0.1,2156.4,Chandigarh,Chandigarh,Credit Card
ORD_03558,CUST_0128,2025-07-24,Novel,Books,2,499,0.05,948.1,Solan,Himachal Pradesh,Cash on Delivery
ORD_03559,CUST_0849,2025-07-20,Exam Guide,Books,1,699,0.0,699.0,Patiala,Punjab,UPI
ORD_03560,CUST_0662,2024-09-14,Bluetooth Speaker,Electronics,3,1599,0.05,4557.15,Chandigarh,Chandigarh,UPI
ORD_03561,CUST_0269,2024-05-24,Bedsheet,Home,1,999,0.1,899.1,New Delhi,Delhi,Debit Card
ORD_03562,CUST_0720,2025-01-18,Novel,Books,2,499,0.1,898.2,New Delhi,Delhi,Debit Card
ORD_03563,CUST_0573,2025-10-07,Bluetooth Speaker,Electronics,4,1599,0.05,6076.2,Sonipat,Haryana,Debit Card
ORD_03564,CUST_0985,2024-11-17,Self Help Book,Books,2,599,0.05,1138.1,New Delhi,Delhi,Cash on Delivery
ORD_03565,CUST_0190,2025-03-18,Face Wash,Beauty,4,299,0.0,1196.0,New Delhi,Delhi,Cash on Delivery
ORD_03566,CUST_0231,2025-09-08,T-Shirt,Clothing,1,599,0.0,599.0,Faridabad,Haryana,Cash on Delivery
ORD_03567,CUST_0062,2024-04-25,Storage Box,Home,2,499,0.1,898.2,Patiala,Punjab,Credit Card
ORD_03568,CUST_0706,2024-10-22,Bluetooth Speaker,Electronics,2,1599,0.05,3038.1,Patiala,Punjab,Debit Card
ORD_03569,CUST_0580,2024-12-12,Self Help Book,Books,4,599,0.15,2036.6,New Delhi,Delhi,UPI
ORD_03570,CUST_0596,2025-07-17,Programming Book,Books,3,899,0.2,2157.6,Solan,Himachal Pradesh,Debit Card
ORD_03571,CUST_0528,2024-03-18,Hoodie,Clothing,4,999,0.0,3996.0,Solan,Himachal Pradesh,Cash on Delivery
ORD_03572,CUST_0213,2025-12-15,Power Bank,Electronics,1,999,0.1,899.1,Panipat,Haryana,Cash on Delivery
ORD_03573,CUST_0502,2024-12-11,Storage Box,Home,1,499,0.1,449.1,Chandigarh,Chandigarh,UPI
ORD_03574,CUST_0461,2024-04-26,Table Lamp,Home,2,799,0.1,1438.2,Panipat,Haryana,UPI
ORD_03575,CUST_0656,2024-09-16,Self Help Book,Books,2,599,0.05,1138.1,Chandigarh,Chandigarh,Credit Card
ORD_03576,CUST_0738,2024-02-04,Perfume,Beauty,4,999,0.1,3596.4,Sonipat,Haryana,Debit Card
ORD_03577,CUST_0569,2025-11-05,Wireless Headphones,Electronics,4,1999,0.2,6396.8,Faridabad,Haryana,Credit Card
ORD_03578,CUST_0233,2025-05-25,Shampoo,Beauty,2,399,0.15,678.3,Chandigarh,Chandigarh,UPI
ORD_03579,CUST_0798,2025-01-26,Hoodie,Clothing,3,999,0.05,2847.15,New Delhi,Delhi,Credit Card
ORD_03580,CUST_0216,2024-10-17,Face Wash,Beauty,4,299,0.05,1136.2,New Delhi,Delhi,Credit Card
ORD_03581,CUST_0340,2025-10-23,Bluetooth Speaker,Electronics,2,1599,0.2,2558.4,Shimla,Himachal Pradesh,Cash on Delivery
ORD_03582,CUST_0101,2025-08-06,Self Help Book,Books,3,599,0.1,1617.3,Chandigarh,Chandigarh,UPI
ORD_03583,CUST_0029,2025-01-28,Coffee Maker,Home,1,2499,0.15,2124.15,Patiala,Punjab,UPI
ORD_03584,CUST_0438,2025-11-25,Face Wash,Beauty,1,299,0.15,254.15,Solan,Himachal Pradesh,Cash on Delivery
ORD_03585,CUST_0977,2025-04-06,Smart Watch,Electronics,2,2499,0.1,4498.2,Panipat,Haryana,Debit Card
ORD_03586,CUST_0975,2024-06-01,T-Shirt,Clothing,3,599,0.15,1527.45,New Delhi,Delhi,UPI
ORD_03587,CUST_0723,2025-01-29,Table Lamp,Home,4,799,0.0,3196.0,Shimla,Himachal Pradesh,Credit Card
ORD_03588,CUST_0190,2025-07-28,Sneakers,Clothing,4,1999,0.15,6796.6,New Delhi,Delhi,UPI
ORD_03589,CUST_0237,2025-03-25,Wireless Headphones,Electronics,4,1999,0.1,7196.4,Ludhiana,Punjab,UPI
ORD_03590,CUST_0799,2025-06-26,Hoodie,Clothing,2,999,0.0,1998.0,Panipat,Haryana,Debit Card
ORD_03591,CUST_0871,2025-03-02,Bedsheet,Home,2,999,0.0,1998.0,Panipat,Haryana,Cash on Delivery
ORD_03592,CUST_0389,2025-08-24,Perfume,Beauty,1,999,0.05,949.05,New Delhi,Delhi,UPI
ORD_03593,CUST_0298,2025-03-30,Novel,Books,1,499,0.0,499.0,Amritsar,Punjab,Cash on Delivery
ORD_03594,CUST_0559,2024-09-04,Exam Guide,Books,3,699,0.15,1782.45,Panipat,Haryana,UPI
ORD_03595,CUST_0123,2025-09-18,Bedsheet,Home,3,999,0.1,2697.3,Chandigarh,Chandigarh,Debit Card
ORD_03596,CUST_0711,2024-03-23,Table Lamp,Home,1,799,0.0,799.0,New Delhi,Delhi,Debit Card
ORD_03597,CUST_0981,2024-12-27,Shampoo,Beauty,3,399,0.05,1137.15,Chandigarh,Chandigarh,Cash on Delivery
ORD_03598,CUST_0247,2024-11-09,Storage Box,Home,2,499,0.05,948.1,Chandigarh,Chandigarh,Debit Card
ORD_03599,CUST_0373,2025-08-04,Perfume,Beauty,1,999,0.2,799.2,Chandigarh,Chandigarh,Cash on Delivery
ORD_03600,CUST_0024,2025-12-16,Face Wash,Beauty,2,299,0.15,508.3,Chandigarh,Chandigarh,Cash on Delivery
ORD_03601,CUST_0501,2024-05-26,Bluetooth Speaker,Electronics,2,1599,0.15,2718.3,Panipat,Haryana,Cash on Delivery
ORD_03602,CUST_0011,2024-10-29,Shampoo,Beauty,4,399,0.15,1356.6,Chandigarh,Chandigarh,UPI
ORD_03603,CUST_0760,2025-12-06,Jeans,Clothing,2,1299,0.1,2338.2,Shimla,Himachal Pradesh,Debit Card
ORD_03604,CUST_0584,2025-01-26,Self Help Book,Books,3,599,0.15,1527.45,Patiala,Punjab,Cash on Delivery
ORD_03605,CUST_0092,2025-07-06,Perfume,Beauty,1,999,0.05,949.05,Shimla,Himachal Pradesh,Credit Card
ORD_03606,CUST_0691,2025-05-26,Face Wash,Beauty,1,299,0.1,269.1,Panipat,Haryana,Credit Card
ORD_03607,CUST_0905,2025-01-20,Coffee Maker,Home,3,2499,0.0,7497.0,New Delhi,Delhi,UPI
ORD_03608,CUST_0366,2025-02-10,Bluetooth Speaker,Electronics,2,1599,0.0,3198.0,Chandigarh,Chandigarh,Debit Card
ORD_03609,CUST_0896,2025-04-08,Programming Book,Books,2,899,0.15,1528.3,Shimla,Himachal Pradesh,Debit Card
ORD_03610,CUST_0469,2025-01-12,Coffee Maker,Home,4,2499,0.0,9996.0,Mohali,Punjab,Debit Card
ORD_03611,CUST_0641,2024-08-04,Self Help Book,Books,4,599,0.1,2156.4,Patiala,Punjab,Credit Card
ORD_03612,CUST_0116,2025-09-23,Exam Guide,Books,4,699,0.1,2516.4,Faridabad,Haryana,Cash on Delivery
ORD_03613,CUST_0887,2025-02-11,Wireless Headphones,Electronics,2,1999,0.1,3598.2,Chandigarh,Chandigarh,Credit Card
ORD_03614,CUST_0607,2024-11-23,Storage Box,Home,3,499,0.05,1422.15,Chandigarh,Chandigarh,Credit Card
ORD_03615,CUST_0035,2025-05-01,Self Help Book,Books,4,599,0.2,1916.8,Amritsar,Punjab,Cash on Delivery
ORD_03616,CUST_0146,2025-09-18,Self Help Book,Books,3,599,0.05,1707.15,Ludhiana,Punjab,Debit Card
ORD_03617,CUST_0415,2025-03-11,Bluetooth Speaker,Electronics,2,1599,0.1,2878.2,Panipat,Haryana,Cash on Delivery
ORD_03618,CUST_0019,2024-09-21,Novel,Books,3,499,0.0,1497.0,Patiala,Punjab,Debit Card
ORD_03619,CUST_0415,2024-10-27,Coffee Maker,Home,3,2499,0.15,6372.45,New Delhi,Delhi,Credit Card
ORD_03620,CUST_0769,2024-05-16,Novel,Books,3,499,0.0,1497.0,Faridabad,Haryana,Credit Card
ORD_03621,CUST_0468,2025-04-15,Bluetooth Speaker,Electronics,3,1599,0.15,4077.45,Sonipat,Haryana,Debit Card
ORD_03622,CUST_0001,2024-03-04,Hoodie,Clothing,3,999,0.2,2397.6,Chandigarh,Chandigarh,UPI
ORD_03623,CUST_0262,2024-08-21,Smart Watch,Electronics,1,2499,0.2,1999.2,Patiala,Punjab,Debit Card
ORD_03624,CUST_0603,2024-05-16,Shampoo,Beauty,2,399,0.05,758.1,New Delhi,Delhi,Cash on Delivery
ORD_03625,CUST_0628,2025-08-28,Coffee Maker,Home,2,2499,0.2,3998.4,Chandigarh,Chandigarh,Credit Card
ORD_03626,CUST_0227,2025-09-20,Table Lamp,Home,4,799,0.15,2716.6,Panipat,Haryana,Debit Card
ORD_03627,CUST_0352,2025-04-09,Self Help Book,Books,4,599,0.15,2036.6,Gurugram,Haryana,Credit Card
ORD_03628,CUST_0162,2025-07-17,Perfume,Beauty,3,999,0.05,2847.15,Sonipat,Haryana,Debit Card
ORD_03629,CUST_0586,2024-01-03,Body Lotion,Beauty,1,349,0.05,331.55,New Delhi,Delhi,Credit Card
ORD_03630,CUST_0516,2024-03-04,Perfume,Beauty,2,999,0.15,1698.3,Chandigarh,Chandigarh,Cash on Delivery
ORD_03631,CUST_0564,2024-01-17,Table Lamp,Home,4,799,0.1,2876.4,Faridabad,Haryana,UPI
ORD_03632,CUST_0766,2025-04-14,Power Bank,Electronics,2,999,0.05,1898.1,Amritsar,Punjab,Credit Card
ORD_03633,CUST_0685,2024-03-15,Perfume,Beauty,2,999,0.1,1798.2,Solan,Himachal Pradesh,Cash on Delivery
ORD_03634,CUST_0398,2024-04-13,T-Shirt,Clothing,4,599,0.1,2156.4,New Delhi,Delhi,Credit Card
ORD_03635,CUST_0344,2024-06-26,Table Lamp,Home,1,799,0.15,679.15,Chandigarh,Chandigarh,Debit Card
ORD_03636,CUST_0953,2025-10-04,Novel,Books,1,499,0.05,474.05,Amritsar,Punjab,Credit Card
ORD_03637,CUST_0980,2025-01-05,Sneakers,Clothing,4,1999,0.05,7596.2,Chandigarh,Chandigarh,Debit Card
ORD_03638,CUST_0749,2025-06-13,Storage Box,Home,4,499,0.05,1896.2,Chandigarh,Chandigarh,Cash on Delivery
ORD_03639,CUST_0641,2024-05-25,Power Bank,Electronics,2,999,0.0,1998.0,Amritsar,Punjab,Credit Card
ORD_03640,CUST_0452,2025-04-23,Coffee Maker,Home,2,2499,0.1,4498.2,Mohali,Punjab,UPI
ORD_03641,CUST_0473,2025-09-15,Storage Box,Home,1,499,0.05,474.05,Amritsar,Punjab,Credit Card
ORD_03642,CUST_0338,2025-03-23,Novel,Books,1,499,0.2,399.2,New Delhi,Delhi,UPI
ORD_03643,CUST_0049,2025-11-03,Jeans,Clothing,1,1299,0.0,1299.0,Amritsar,Punjab,Cash on Delivery
ORD_03644,CUST_0260,2025-10-12,T-Shirt,Clothing,2,599,0.1,1078.2,New Delhi,Delhi,Debit Card
ORD_03645,CUST_0394,2025-06-29,Bedsheet,Home,4,999,0.15,3396.6,Chandigarh,Chandigarh,Cash on Delivery
ORD_03646,CUST_0879,2025-05-06,Shampoo,Beauty,4,399,0.0,1596.0,Chandigarh,Chandigarh,Credit Card
ORD_03647,CUST_0588,2024-06-20,Face Wash,Beauty,4,299,0.2,956.8,Gurugram,Haryana,Cash on Delivery
ORD_03648,CUST_0733,2024-12-02,Table Lamp,Home,2,799,0.0,1598.0,Mohali,Punjab,Cash on Delivery
ORD_03649,CUST_0084,2025-02-21,T-Shirt,Clothing,4,599,0.0,2396.0,New Delhi,Delhi,UPI
ORD_03650,CUST_0320,2024-11-05,Jeans,Clothing,3,1299,0.0,3897.0,Chandigarh,Chandigarh,UPI
ORD_03651,CUST_0549,2025-09-09,Smart Watch,Electronics,1,2499,0.2,1999.2,Mohali,Punjab,Debit Card
ORD_03652,CUST_0316,2024-09-12,Bluetooth Speaker,Electronics,3,1599,0.1,4317.3,New Delhi,Delhi,Credit Card
ORD_03653,CUST_0047,2024-05-02,Bluetooth Speaker,Electronics,3,1599,0.15,4077.45,Amritsar,Punjab,Credit Card
ORD_03654,CUST_0036,2024-09-12,Jeans,Clothing,1,1299,0.05,1234.05,Faridabad,Haryana,Credit Card
ORD_03655,CUST_0508,2025-12-19,T-Shirt,Clothing,2,599,0.05,1138.1,Chandigarh,Chandigarh,Cash on Delivery
ORD_03656,CUST_0178,2025-09-21,Self Help Book,Books,4,599,0.0,2396.0,Patiala,Punjab,Cash on Delivery
ORD_03657,CUST_0311,2025-05-18,Jeans,Clothing,3,1299,0.0,3897.0,New Delhi,Delhi,Debit Card
ORD_03658,CUST_0520,2025-05-28,Smart Watch,Electronics,3,2499,0.0,7497.0,Sonipat,Haryana,UPI
ORD_03659,CUST_0007,2025-08-12,Body Lotion,Beauty,4,349,0.1,1256.4,Sonipat,Haryana,Debit Card
ORD_03660,CUST_0030,2024-05-26,Hoodie,Clothing,4,999,0.1,3596.4,Chandigarh,Chandigarh,Debit Card
ORD_03661,CUST_0253,2024-12-05,Storage Box,Home,1,499,0.1,449.1,Chandigarh,Chandigarh,UPI
ORD_03662,CUST_0624,2025-03-20,Wireless Headphones,Electronics,2,1999,0.1,3598.2,Amritsar,Punjab,Credit Card
ORD_03663,CUST_0790,2024-09-26,Bluetooth Speaker,Electronics,4,1599,0.2,5116.8,Shimla,Himachal Pradesh,Credit Card
ORD_03664,CUST_0009,2025-11-15,Storage Box,Home,3,499,0.05,1422.15,Ludhiana,Punjab,UPI
ORD_03665,CUST_0777,2024-12-10,Hoodie,Clothing,4,999,0.0,3996.0,Solan,Himachal Pradesh,UPI
ORD_03666,CUST_0311,2025-11-18,Table Lamp,Home,1,799,0.05,759.05,Chandigarh,Chandigarh,Credit Card
ORD_03667,CUST_0376,2024-05-16,Wireless Headphones,Electronics,1,1999,0.2,1599.2,Gurugram,Haryana,Debit Card
ORD_03668,CUST_0931,2024-03-18,Self Help Book,Books,2,599,0.15,1018.3,Shimla,Himachal Pradesh,Credit Card
ORD_03669,CUST_0082,2025-07-30,Hoodie,Clothing,2,999,0.2,1598.4,Patiala,Punjab,Cash on Delivery
ORD_03670,CUST_0357,2025-10-29,Jeans,Clothing,3,1299,0.05,3702.15,New Delhi,Delhi,Credit Card
ORD_03671,CUST_0857,2024-11-28,Perfume,Beauty,2,999,0.05,1898.1,Amritsar,Punjab,Cash on Delivery
ORD_03672,CUST_0023,2025-07-10,Coffee Maker,Home,4,2499,0.2,7996.8,Shimla,Himachal Pradesh,Debit Card
ORD_03673,CUST_0331,2024-07-06,Bluetooth Speaker,Electronics,2,1599,0.0,3198.0,Chandigarh,Chandigarh,UPI
ORD_03674,CUST_0746,2025-10-28,Face Wash,Beauty,4,299,0.0,1196.0,Gurugram,Haryana,UPI
ORD_03675,CUST_0797,2024-04-04,Power Bank,Electronics,2,999,0.15,1698.3,Shimla,Himachal Pradesh,Debit Card
ORD_03676,CUST_0767,2025-12-01,Bedsheet,Home,2,999,0.05,1898.1,Shimla,Himachal Pradesh,Cash on Delivery
ORD_03677,CUST_0162,2025-09-14,Bluetooth Speaker,Electronics,2,1599,0.0,3198.0,Sonipat,Haryana,UPI
ORD_03678,CUST_0275,2024-10-22,Wireless Headphones,Electronics,4,1999,0.0,7996.0,Ludhiana,Punjab,Credit Card
ORD_03679,CUST_0069,2025-03-27,Wireless Headphones,Electronics,2,1999,0.1,3598.2,Faridabad,Haryana,Cash on Delivery
ORD_03680,CUST_0635,2025-04-24,Power Bank,Electronics,2,999,0.1,1798.2,Chandigarh,Chandigarh,UPI
ORD_03681,CUST_0026,2025-08-05,Wireless Headphones,Electronics,3,1999,0.05,5697.15,Amritsar,Punjab,Credit Card
ORD_03682,CUST_0873,2024-12-29,Perfume,Beauty,2,999,0.2,1598.4,New Delhi,Delhi,UPI
ORD_03683,CUST_0164,2024-07-18,Programming Book,Books,1,899,0.0,899.0,Amritsar,Punjab,Cash on Delivery
ORD_03684,CUST_0358,2025-03-05,Perfume,Beauty,4,999,0.1,3596.4,Chandigarh,Chandigarh,UPI
ORD_03685,CUST_0678,2024-06-15,Novel,Books,3,499,0.0,1497.0,Ludhiana,Punjab,Credit Card
ORD_03686,CUST_0965,2025-02-18,Novel,Books,4,499,0.2,1596.8,New Delhi,Delhi,Credit Card
ORD_03687,CUST_0745,2025-12-11,Bedsheet,Home,1,999,0.05,949.05,Solan,Himachal Pradesh,UPI
ORD_03688,CUST_0456,2024-08-21,Table Lamp,Home,3,799,0.15,2037.45,Solan,Himachal Pradesh,Credit Card
ORD_03689,CUST_0755,2024-06-04,Hoodie,Clothing,1,999,0.0,999.0,Sonipat,Haryana,Debit Card
ORD_03690,CUST_0554,2025-03-27,Body Lotion,Beauty,1,349,0.1,314.1,New Delhi,Delhi,Cash on Delivery
ORD_03691,CUST_0854,2025-08-11,Perfume,Beauty,4,999,0.05,3796.2,Panipat,Haryana,Credit Card
ORD_03692,CUST_0638,2024-09-27,Programming Book,Books,1,899,0.15,764.15,New Delhi,Delhi,UPI
ORD_03693,CUST_0198,2024-09-22,Bluetooth Speaker,Electronics,2,1599,0.0,3198.0,Patiala,Punjab,UPI
ORD_03694,CUST_0544,2024-12-22,Bluetooth Speaker,Electronics,1,1599,0.05,1519.05,Faridabad,Haryana,Debit Card
ORD_03695,CUST_0566,2024-01-09,Bluetooth Speaker,Electronics,4,1599,0.05,6076.2,Chandigarh,Chandigarh,Credit Card
ORD_03696,CUST_0372,2025-07-19,Sneakers,Clothing,3,1999,0.05,5697.15,Solan,Himachal Pradesh,Debit Card
ORD_03697,CUST_0353,2025-05-23,Storage Box,Home,2,499,0.1,898.2,Panipat,Haryana,Cash on Delivery
ORD_03698,CUST_0500,2025-11-19,Sneakers,Clothing,1,1999,0.2,1599.2,Chandigarh,Chandigarh,Debit Card
ORD_03699,CUST_0271,2024-03-14,Exam Guide,Books,1,699,0.05,664.05,Panipat,Haryana,UPI
ORD_03700,CUST_0105,2024-04-08,Novel,Books,1,499,0.1,449.1,Gurugram,Haryana,Credit Card
ORD_03701,CUST_0463,2024-04-21,Self Help Book,Books,4,599,0.0,2396.0,New Delhi,Delhi,Cash on Delivery
ORD_03702,CUST_0825,2024-01-22,Shampoo,Beauty,2,399,0.0,798.0,New Delhi,Delhi,UPI
ORD_03703,CUST_0930,2025-06-19,Coffee Maker,Home,2,2499,0.15,4248.3,Shimla,Himachal Pradesh,Cash on Delivery
ORD_03704,CUST_0292,2024-06-19,Smart Watch,Electronics,4,2499,0.15,8496.6,Amritsar,Punjab,Credit Card
ORD_03705,CUST_0542,2025-12-14,Perfume,Beauty,2,999,0.15,1698.3,Chandigarh,Chandigarh,Cash on Delivery
ORD_03706,CUST_0376,2024-08-07,Self Help Book,Books,4,599,0.05,2276.2,Chandigarh,Chandigarh,UPI
ORD_03707,CUST_0918,2024-01-22,Table Lamp,Home,3,799,0.05,2277.15,Faridabad,Haryana,UPI
ORD_03708,CUST_0329,2024-06-27,Storage Box,Home,1,499,0.0,499.0,Solan,Himachal Pradesh,Debit Card
ORD_03709,CUST_0049,2025-05-16,Bedsheet,Home,3,999,0.05,2847.15,Sonipat,Haryana,Credit Card
ORD_03710,CUST_0434,2024-05-13,Body Lotion,Beauty,1,349,0.05,331.55,Panipat,Haryana,UPI
ORD_03711,CUST_0740,2025-05-26,Face Wash,Beauty,3,299,0.0,897.0,Amritsar,Punjab,Debit Card
ORD_03712,CUST_0449,2025-07-10,Body Lotion,Beauty,3,349,0.2,837.6,Gurugram,Haryana,Cash on Delivery
ORD_03713,CUST_0440,2024-04-23,Power Bank,Electronics,1,999,0.2,799.2,Chandigarh,Chandigarh,Cash on Delivery
ORD_03714,CUST_0556,2024-07-14,Perfume,Beauty,1,999,0.1,899.1,Shimla,Himachal Pradesh,Debit Card
ORD_03715,CUST_0767,2025-11-19,Bluetooth Speaker,Electronics,2,1599,0.15,2718.3,Solan,Himachal Pradesh,Credit Card
ORD_03716,CUST_0311,2025-07-02,Face Wash,Beauty,4,299,0.0,1196.0,Faridabad,Haryana,UPI
ORD_03717,CUST_0179,2024-03-20,Exam Guide,Books,4,699,0.05,2656.2,Amritsar,Punjab,Debit Card
ORD_03718,CUST_0570,2025-05-13,Exam Guide,Books,1,699,0.15,594.15,Chandigarh,Chandigarh,Cash on Delivery
ORD_03719,CUST_0542,2025-01-01,Perfume,Beauty,3,999,0.0,2997.0,Chandigarh,Chandigarh,Cash on Delivery
ORD_03720,CUST_0614,2024-04-19,Hoodie,Clothing,1,999,0.1,899.1,Shimla,Himachal Pradesh,Debit Card
ORD_03721,CUST_0272,2025-03-30,Smart Watch,Electronics,2,2499,0.15,4248.3,Chandigarh,Chandigarh,Debit Card
ORD_03722,CUST_0987,2025-03-19,Coffee Maker,Home,1,2499,0.1,2249.1,Gurugram,Haryana,UPI
ORD_03723,CUST_0848,2024-05-25,Wireless Headphones,Electronics,2,1999,0.1,3598.2,Solan,Himachal Pradesh,Cash on Delivery
ORD_03724,CUST_0992,2024-12-05,Face Wash,Beauty,4,299,0.0,1196.0,Faridabad,Haryana,Debit Card
ORD_03725,CUST_0033,2024-08-04,Perfume,Beauty,2,999,0.05,1898.1,Solan,Himachal Pradesh,Credit Card
ORD_03726,CUST_0867,2025-08-14,T-Shirt,Clothing,2,599,0.15,1018.3,New Delhi,Delhi,Cash on Delivery
ORD_03727,CUST_0945,2024-02-04,Coffee Maker,Home,3,2499,0.1,6747.3,Shimla,Himachal Pradesh,Debit Card
ORD_03728,CUST_0197,2025-05-28,Bedsheet,Home,3,999,0.05,2847.15,Panipat,Haryana,Credit Card
ORD_03729,CUST_0952,2025-10-11,Programming Book,Books,1,899,0.15,764.15,Amritsar,Punjab,Cash on Delivery
ORD_03730,CUST_0858,2024-09-14,Bluetooth Speaker,Electronics,4,1599,0.05,6076.2,Patiala,Punjab,UPI
ORD_03731,CUST_0893,2024-05-28,Smart Watch,Electronics,4,2499,0.05,9496.2,Chandigarh,Chandigarh,Cash on Delivery
ORD_03732,CUST_0026,2024-10-24,Smart Watch,Electronics,2,2499,0.05,4748.1,Chandigarh,Chandigarh,Debit Card
ORD_03733,CUST_0920,2025-07-07,Table Lamp,Home,3,799,0.05,2277.15,Chandigarh,Chandigarh,Credit Card
ORD_03734,CUST_0860,2024-04-10,Table Lamp,Home,2,799,0.1,1438.2,Patiala,Punjab,Debit Card
ORD_03735,CUST_0924,2025-07-19,Bluetooth Speaker,Electronics,1,1599,0.2,1279.2,Chandigarh,Chandigarh,Cash on Delivery
ORD_03736,CUST_0126,2025-04-10,T-Shirt,Clothing,1,599,0.1,539.1,Mohali,Punjab,Credit Card
ORD_03737,CUST_0092,2024-08-21,Face Wash,Beauty,4,299,0.0,1196.0,Amritsar,Punjab,Debit Card
ORD_03738,CUST_0032,2025-06-05,Self Help Book,Books,4,599,0.05,2276.2,Chandigarh,Chandigarh,Cash on Delivery
ORD_03739,CUST_0058,2024-12-22,Novel,Books,3,499,0.1,1347.3,Solan,Himachal Pradesh,Debit Card
ORD_03740,CUST_0296,2025-08-22,Novel,Books,4,499,0.1,1796.4,Mohali,Punjab,Cash on Delivery
ORD_03741,CUST_0526,2025-07-10,Power Bank,Electronics,2,999,0.05,1898.1,Chandigarh,Chandigarh,Cash on Delivery
ORD_03742,CUST_0064,2024-04-11,Wireless Headphones,Electronics,2,1999,0.2,3198.4,Patiala,Punjab,Debit Card
ORD_03743,CUST_0023,2025-01-24,Face Wash,Beauty,4,299,0.0,1196.0,Shimla,Himachal Pradesh,Debit Card
ORD_03744,CUST_0681,2024-07-15,Self Help Book,Books,1,599,0.15,509.15,New Delhi,Delhi,Cash on Delivery
ORD_03745,CUST_0377,2025-08-05,Shampoo,Beauty,4,399,0.0,1596.0,Ludhiana,Punjab,Cash on Delivery
ORD_03746,CUST_0456,2025-11-10,Smart Watch,Electronics,3,2499,0.2,5997.6,New Delhi,Delhi,Cash on Delivery
ORD_03747,CUST_0806,2024-02-24,Sneakers,Clothing,1,1999,0.15,1699.15,Mohali,Punjab,Credit Card
ORD_03748,CUST_0795,2025-01-09,Bluetooth Speaker,Electronics,2,1599,0.1,2878.2,Sonipat,Haryana,Cash on Delivery
ORD_03749,CUST_0392,2025-11-15,Body Lotion,Beauty,2,349,0.2,558.4,Mohali,Punjab,UPI
ORD_03750,CUST_0141,2025-12-26,Perfume,Beauty,2,999,0.1,1798.2,Chandigarh,Chandigarh,Cash on Delivery
ORD_03751,CUST_0317,2025-08-19,Power Bank,Electronics,3,999,0.1,2697.3,Faridabad,Haryana,Cash on Delivery
ORD_03752,CUST_0552,2025-01-07,Exam Guide,Books,4,699,0.0,2796.0,Patiala,Punjab,UPI
ORD_03753,CUST_0681,2024-04-10,Novel,Books,2,499,0.2,798.4,New Delhi,Delhi,Cash on Delivery
ORD_03754,CUST_0329,2024-09-29,Smart Watch,Electronics,3,2499,0.0,7497.0,Chandigarh,Chandigarh,Cash on Delivery
ORD_03755,CUST_0207,2025-06-19,Novel,Books,1,499,0.1,449.1,Solan,Himachal Pradesh,Cash on Delivery
ORD_03756,CUST_0267,2025-05-17,Table Lamp,Home,3,799,0.15,2037.45,Chandigarh,Chandigarh,Credit Card
ORD_03757,CUST_0580,2025-10-03,Sneakers,Clothing,1,1999,0.0,1999.0,Gurugram,Haryana,Credit Card
ORD_03758,CUST_0156,2025-09-08,Novel,Books,3,499,0.1,1347.3,Gurugram,Haryana,UPI
ORD_03759,CUST_0271,2025-10-16,Power Bank,Electronics,4,999,0.0,3996.0,Amritsar,Punjab,UPI
ORD_03760,CUST_0437,2025-08-20,Perfume,Beauty,3,999,0.1,2697.3,Ludhiana,Punjab,Credit Card
ORD_03761,CUST_0519,2025-11-30,Storage Box,Home,2,499,0.05,948.1,New Delhi,Delhi,UPI
ORD_03762,CUST_0319,2024-11-22,Table Lamp,Home,3,799,0.1,2157.3,Shimla,Himachal Pradesh,Debit Card
ORD_03763,CUST_0402,2024-06-27,Perfume,Beauty,4,999,0.0,3996.0,Faridabad,Haryana,Credit Card
ORD_03764,CUST_0463,2025-02-06,Table Lamp,Home,1,799,0.1,719.1,Shimla,Himachal Pradesh,Cash on Delivery
ORD_03765,CUST_0300,2024-03-11,Coffee Maker,Home,3,2499,0.05,7122.15,Solan,Himachal Pradesh,Debit Card
ORD_03766,CUST_0212,2025-06-14,Exam Guide,Books,1,699,0.15,594.15,Panipat,Haryana,Cash on Delivery
ORD_03767,CUST_0209,2024-11-06,Smart Watch,Electronics,1,2499,0.0,2499.0,Shimla,Himachal Pradesh,UPI
ORD_03768,CUST_0407,2024-05-16,Novel,Books,2,499,0.05,948.1,Panipat,Haryana,Credit Card
ORD_03769,CUST_0657,2025-12-04,Power Bank,Electronics,2,999,0.0,1998.0,Chandigarh,Chandigarh,UPI
ORD_03770,CUST_0958,2025-05-18,Perfume,Beauty,2,999,0.0,1998.0,Solan,Himachal Pradesh,Credit Card
ORD_03771,CUST_0564,2025-09-24,Power Bank,Electronics,3,999,0.1,2697.3,New Delhi,Delhi,Cash on Delivery
ORD_03772,CUST_0994,2024-07-23,Storage Box,Home,4,499,0.0,1996.0,New Delhi,Delhi,Cash on Delivery
ORD_03773,CUST_0431,2024-07-13,Novel,Books,3,499,0.1,1347.3,Amritsar,Punjab,Debit Card
ORD_03774,CUST_0199,2025-10-02,Body Lotion,Beauty,3,349,0.0,1047.0,Solan,Himachal Pradesh,UPI
ORD_03775,CUST_0877,2025-01-11,Table Lamp,Home,3,799,0.1,2157.3,Chandigarh,Chandigarh,Debit Card
ORD_03776,CUST_0800,2025-08-02,Jeans,Clothing,4,1299,0.1,4676.4,Panipat,Haryana,Credit Card
ORD_03777,CUST_0923,2025-02-10,Bluetooth Speaker,Electronics,3,1599,0.2,3837.6,Panipat,Haryana,Debit Card
ORD_03778,CUST_0872,2024-06-17,Shampoo,Beauty,4,399,0.1,1436.4,Patiala,Punjab,UPI
ORD_03779,CUST_0206,2024-10-30,Novel,Books,1,499,0.05,474.05,New Delhi,Delhi,Cash on Delivery
ORD_03780,CUST_0087,2025-06-24,Shampoo,Beauty,2,399,0.0,798.0,New Delhi,Delhi,Credit Card
ORD_03781,CUST_0078,2025-11-09,Body Lotion,Beauty,2,349,0.15,593.3,Amritsar,Punjab,UPI
ORD_03782,CUST_0967,2024-01-22,Table Lamp,Home,2,799,0.2,1278.4,Sonipat,Haryana,Cash on Delivery
ORD_03783,CUST_0272,2025-10-12,Sneakers,Clothing,2,1999,0.05,3798.1,Shimla,Himachal Pradesh,Cash on Delivery
ORD_03784,CUST_0745,2024-02-03,Hoodie,Clothing,1,999,0.05,949.05,Patiala,Punjab,Credit Card
ORD_03785,CUST_0388,2025-04-26,Shampoo,Beauty,4,399,0.05,1516.2,Solan,Himachal Pradesh,Debit Card
ORD_03786,CUST_0581,2025-10-20,Bluetooth Speaker,Electronics,3,1599,0.0,4797.0,Solan,Himachal Pradesh,Credit Card
ORD_03787,CUST_0236,2024-08-30,Bedsheet,Home,2,999,0.1,1798.2,Shimla,Himachal Pradesh,UPI
ORD_03788,CUST_0220,2025-12-30,Wireless Headphones,Electronics,1,1999,0.2,1599.2,New Delhi,Delhi,Debit Card
ORD_03789,CUST_0331,2024-06-13,Programming Book,Books,3,899,0.1,2427.3,Shimla,Himachal Pradesh,UPI
ORD_03790,CUST_0789,2024-03-23,T-Shirt,Clothing,4,599,0.05,2276.2,Mohali,Punjab,Debit Card
ORD_03791,CUST_0707,2024-05-20,Wireless Headphones,Electronics,3,1999,0.05,5697.15,New Delhi,Delhi,Credit Card
ORD_03792,CUST_0456,2024-12-08,Table Lamp,Home,4,799,0.05,3036.2,Solan,Himachal Pradesh,Cash on Delivery
ORD_03793,CUST_0654,2024-01-11,Power Bank,Electronics,4,999,0.0,3996.0,Chandigarh,Chandigarh,UPI
ORD_03794,CUST_0580,2025-03-23,Programming Book,Books,2,899,0.1,1618.2,Gurugram,Haryana,Credit Card
ORD_03795,CUST_0906,2024-10-28,Table Lamp,Home,4,799,0.15,2716.6,Sonipat,Haryana,Credit Card
ORD_03796,CUST_0553,2025-05-10,Body Lotion,Beauty,2,349,0.2,558.4,Solan,Himachal Pradesh,Cash on Delivery
ORD_03797,CUST_0797,2025-12-17,Self Help Book,Books,4,599,0.1,2156.4,Shimla,Himachal Pradesh,Cash on Delivery
ORD_03798,CUST_0332,2024-09-18,Perfume,Beauty,2,999,0.1,1798.2,Shimla,Himachal Pradesh,Debit Card
ORD_03799,CUST_0174,2024-12-16,Novel,Books,2,499,0.0,998.0,New Delhi,Delhi,UPI
ORD_03800,CUST_0270,2024-06-12,Shampoo,Beauty,4,399,0.05,1516.2,Chandigarh,Chandigarh,Credit Card
ORD_03801,CUST_0263,2024-01-13,Jeans,Clothing,4,1299,0.1,4676.4,Shimla,Himachal Pradesh,Cash on Delivery
ORD_03802,CUST_0476,2024-09-11,Novel,Books,2,499,0.0,998.0,Gurugram,Haryana,Cash on Delivery
ORD_03803,CUST_0117,2024-10-24,Jeans,Clothing,4,1299,0.05,4936.2,Chandigarh,Chandigarh,UPI
ORD_03804,CUST_0594,2025-06-20,Shampoo,Beauty,2,399,0.1,718.2,Patiala,Punjab,Debit Card
ORD_03805,CUST_0364,2025-11-21,Bedsheet,Home,1,999,0.05,949.05,Solan,Himachal Pradesh,UPI
ORD_03806,CUST_0353,2025-11-08,Shampoo,Beauty,3,399,0.0,1197.0,Chandigarh,Chandigarh,Credit Card
ORD_03807,CUST_0643,2025-07-10,Novel,Books,1,499,0.05,474.05,Mohali,Punjab,Debit Card
ORD_03808,CUST_0242,2025-08-01,Programming Book,Books,2,899,0.15,1528.3,Patiala,Punjab,Cash on Delivery
ORD_03809,CUST_0768,2024-03-27,Bedsheet,Home,1,999,0.05,949.05,Chandigarh,Chandigarh,Debit Card
ORD_03810,CUST_0222,2024-10-02,Exam Guide,Books,2,699,0.0,1398.0,Shimla,Himachal Pradesh,UPI
ORD_03811,CUST_0725,2025-04-24,Bluetooth Speaker,Electronics,2,1599,0.1,2878.2,Solan,Himachal Pradesh,UPI
ORD_03812,CUST_0163,2025-01-24,Storage Box,Home,1,499,0.1,449.1,Amritsar,Punjab,Credit Card
ORD_03813,CUST_0129,2024-12-26,Novel,Books,3,499,0.2,1197.6,Solan,Himachal Pradesh,UPI
ORD_03814,CUST_0215,2025-04-18,Novel,Books,1,499,0.1,449.1,Solan,Himachal Pradesh,Cash on Delivery
ORD_03815,CUST_0111,2024-03-19,Programming Book,Books,1,899,0.1,809.1,Chandigarh,Chandigarh,UPI
ORD_03816,CUST_0971,2024-06-24,Jeans,Clothing,4,1299,0.05,4936.2,New Delhi,Delhi,Debit Card
ORD_03817,CUST_0555,2024-09-06,Perfume,Beauty,2,999,0.2,1598.4,Mohali,Punjab,UPI
ORD_03818,CUST_0453,2025-02-21,Wireless Headphones,Electronics,2,1999,0.05,3798.1,Solan,Himachal Pradesh,Debit Card
ORD_03819,CUST_0238,2025-02-02,Smart Watch,Electronics,1,2499,0.1,2249.1,Chandigarh,Chandigarh,UPI
ORD_03820,CUST_0718,2024-12-10,Coffee Maker,Home,1,2499,0.1,2249.1,Sonipat,Haryana,Debit Card
ORD_03821,CUST_0317,2025-01-07,Programming Book,Books,2,899,0.1,1618.2,Faridabad,Haryana,UPI
ORD_03822,CUST_0192,2024-11-01,Self Help Book,Books,2,599,0.1,1078.2,Chandigarh,Chandigarh,UPI
ORD_03823,CUST_0988,2024-11-28,Power Bank,Electronics,3,999,0.2,2397.6,Gurugram,Haryana,Credit Card
ORD_03824,CUST_0517,2025-08-22,Storage Box,Home,2,499,0.0,998.0,Amritsar,Punjab,Cash on Delivery
ORD_03825,CUST_0785,2024-06-25,Power Bank,Electronics,1,999,0.1,899.1,New Delhi,Delhi,Credit Card
ORD_03826,CUST_0837,2024-03-31,Shampoo,Beauty,1,399,0.1,359.1,Chandigarh,Chandigarh,Credit Card
ORD_03827,CUST_0246,2025-08-31,Coffee Maker,Home,2,2499,0.2,3998.4,Chandigarh,Chandigarh,Cash on Delivery
ORD_03828,CUST_0435,2025-05-05,Programming Book,Books,2,899,0.0,1798.0,Ludhiana,Punjab,Cash on Delivery
ORD_03829,CUST_0696,2025-01-16,Novel,Books,1,499,0.0,499.0,Sonipat,Haryana,Debit Card
ORD_03830,CUST_0900,2025-11-15,Smart Watch,Electronics,3,2499,0.05,7122.15,New Delhi,Delhi,Credit Card
ORD_03831,CUST_0899,2025-09-22,Face Wash,Beauty,1,299,0.15,254.15,Amritsar,Punjab,Debit Card
ORD_03832,CUST_0343,2025-02-19,Perfume,Beauty,1,999,0.0,999.0,Mohali,Punjab,UPI
ORD_03833,CUST_0984,2024-05-17,Hoodie,Clothing,2,999,0.0,1998.0,Gurugram,Haryana,Credit Card
ORD_03834,CUST_0883,2024-07-26,Bluetooth Speaker,Electronics,2,1599,0.05,3038.1,Chandigarh,Chandigarh,Credit Card
ORD_03835,CUST_0085,2024-06-09,Storage Box,Home,4,499,0.1,1796.4,Sonipat,Haryana,Debit Card
ORD_03836,CUST_0851,2025-07-15,Body Lotion,Beauty,1,349,0.1,314.1,New Delhi,Delhi,Cash on Delivery
ORD_03837,CUST_0668,2024-10-23,Power Bank,Electronics,3,999,0.2,2397.6,New Delhi,Delhi,Cash on Delivery
ORD_03838,CUST_0854,2025-06-20,Hoodie,Clothing,1,999,0.05,949.05,Chandigarh,Chandigarh,Cash on Delivery
ORD_03839,CUST_0117,2025-05-01,Sneakers,Clothing,3,1999,0.2,4797.6,Shimla,Himachal Pradesh,Cash on Delivery
ORD_03840,CUST_0623,2024-10-30,Power Bank,Electronics,2,999,0.0,1998.0,New Delhi,Delhi,Credit Card
ORD_03841,CUST_0923,2024-05-06,Power Bank,Electronics,3,999,0.0,2997.0,Shimla,Himachal Pradesh,Credit Card
ORD_03842,CUST_0077,2024-10-01,Hoodie,Clothing,2,999,0.1,1798.2,Solan,Himachal Pradesh,Debit Card
ORD_03843,CUST_0447,2025-11-03,Exam Guide,Books,4,699,0.0,2796.0,Amritsar,Punjab,Credit Card
ORD_03844,CUST_0761,2025-02-25,Jeans,Clothing,4,1299,0.0,5196.0,New Delhi,Delhi,Cash on Delivery
ORD_03845,CUST_0274,2024-04-24,Self Help Book,Books,4,599,0.0,2396.0,Chandigarh,Chandigarh,Cash on Delivery
ORD_03846,CUST_0073,2024-09-15,Jeans,Clothing,1,1299,0.1,1169.1,Mohali,Punjab,Cash on Delivery
ORD_03847,CUST_0059,2024-03-30,Hoodie,Clothing,2,999,0.1,1798.2,Patiala,Punjab,Credit Card
ORD_03848,CUST_0900,2024-05-23,Jeans,Clothing,4,1299,0.1,4676.4,Chandigarh,Chandigarh,UPI
ORD_03849,CUST_0407,2025-07-02,Novel,Books,3,499,0.0,1497.0,Patiala,Punjab,UPI
ORD_03850,CUST_0399,2025-03-09,Body Lotion,Beauty,3,349,0.15,889.95,Chandigarh,Chandigarh,Credit Card
ORD_03851,CUST_0707,2025-11-22,Table Lamp,Home,2,799,0.15,1358.3,Chandigarh,Chandigarh,UPI
ORD_03852,CUST_0993,2024-01-15,Wireless Headphones,Electronics,1,1999,0.15,1699.15,Panipat,Haryana,Cash on Delivery
ORD_03853,CUST_0074,2025-11-16,Table Lamp,Home,2,799,0.1,1438.2,Amritsar,Punjab,UPI
ORD_03854,CUST_0666,2024-11-07,Bluetooth Speaker,Electronics,2,1599,0.15,2718.3,Gurugram,Haryana,Debit Card
ORD_03855,CUST_0945,2024-04-10,Novel,Books,2,499,0.05,948.1,New Delhi,Delhi,Credit Card
ORD_03856,CUST_0804,2025-07-31,Self Help Book,Books,3,599,0.0,1797.0,Chandigarh,Chandigarh,Cash on Delivery
ORD_03857,CUST_0880,2024-08-09,Power Bank,Electronics,2,999,0.15,1698.3,Gurugram,Haryana,UPI
ORD_03858,CUST_0287,2025-12-26,Body Lotion,Beauty,2,349,0.05,663.1,New Delhi,Delhi,Credit Card
ORD_03859,CUST_0754,2024-05-23,Wireless Headphones,Electronics,4,1999,0.2,6396.8,Patiala,Punjab,Debit Card
ORD_03860,CUST_0700,2025-02-07,Hoodie,Clothing,3,999,0.1,2697.3,Ludhiana,Punjab,UPI
ORD_03861,CUST_0036,2025-03-31,Novel,Books,2,499,0.15,848.3,Solan,Himachal Pradesh,Cash on Delivery
ORD_03862,CUST_0750,2024-06-02,Shampoo,Beauty,1,399,0.05,379.05,Ludhiana,Punjab,UPI
ORD_03863,CUST_0756,2024-07-16,Self Help Book,Books,1,599,0.05,569.05,Chandigarh,Chandigarh,Cash on Delivery
ORD_03864,CUST_0784,2025-12-01,Face Wash,Beauty,3,299,0.05,852.15,Chandigarh,Chandigarh,Cash on Delivery
ORD_03865,CUST_0131,2024-10-22,T-Shirt,Clothing,2,599,0.15,1018.3,New Delhi,Delhi,Credit Card
ORD_03866,CUST_0605,2025-09-28,Face Wash,Beauty,4,299,0.15,1016.6,Chandigarh,Chandigarh,Cash on Delivery
ORD_03867,CUST_0348,2025-02-05,Exam Guide,Books,1,699,0.1,629.1,Mohali,Punjab,UPI
ORD_03868,CUST_0517,2024-06-13,Self Help Book,Books,4,599,0.05,2276.2,Shimla,Himachal Pradesh,Cash on Delivery
ORD_03869,CUST_0451,2025-07-04,Novel,Books,4,499,0.15,1696.6,Shimla,Himachal Pradesh,UPI
ORD_03870,CUST_0005,2024-03-18,Perfume,Beauty,1,999,0.05,949.05,New Delhi,Delhi,UPI
ORD_03871,CUST_0355,2024-09-28,Face Wash,Beauty,2,299,0.0,598.0,Chandigarh,Chandigarh,Debit Card
ORD_03872,CUST_0349,2025-12-12,Shampoo,Beauty,4,399,0.1,1436.4,Solan,Himachal Pradesh,Credit Card
ORD_03873,CUST_0485,2025-10-04,Power Bank,Electronics,1,999,0.05,949.05,Chandigarh,Chandigarh,UPI
ORD_03874,CUST_0704,2025-04-17,Smart Watch,Electronics,1,2499,0.15,2124.15,Gurugram,Haryana,UPI
ORD_03875,CUST_0025,2024-05-28,Smart Watch,Electronics,3,2499,0.0,7497.0,Shimla,Himachal Pradesh,Debit Card
ORD_03876,CUST_0363,2024-04-21,T-Shirt,Clothing,1,599,0.0,599.0,Chandigarh,Chandigarh,Cash on Delivery
ORD_03877,CUST_0178,2025-10-23,Power Bank,Electronics,4,999,0.05,3796.2,Mohali,Punjab,UPI
ORD_03878,CUST_0899,2025-12-01,Exam Guide,Books,2,699,0.0,1398.0,Shimla,Himachal Pradesh,UPI
ORD_03879,CUST_0466,2025-02-10,Perfume,Beauty,1,999,0.0,999.0,Solan,Himachal Pradesh,Cash on Delivery
ORD_03880,CUST_0358,2024-09-13,Table Lamp,Home,3,799,0.05,2277.15,Chandigarh,Chandigarh,Debit Card
ORD_03881,CUST_0739,2024-07-05,Jeans,Clothing,3,1299,0.1,3507.3,Chandigarh,Chandigarh,Debit Card
ORD_03882,CUST_0542,2024-07-31,Power Bank,Electronics,3,999,0.0,2997.0,Panipat,Haryana,Credit Card
ORD_03883,CUST_0960,2024-11-14,Novel,Books,3,499,0.1,1347.3,Solan,Himachal Pradesh,Cash on Delivery
ORD_03884,CUST_0162,2024-06-10,Power Bank,Electronics,1,999,0.0,999.0,Faridabad,Haryana,Debit Card
ORD_03885,CUST_0151,2025-10-21,Bluetooth Speaker,Electronics,2,1599,0.0,3198.0,New Delhi,Delhi,Credit Card
ORD_03886,CUST_0701,2025-07-27,Exam Guide,Books,4,699,0.1,2516.4,Faridabad,Haryana,Cash on Delivery
ORD_03887,CUST_0140,2024-01-29,Shampoo,Beauty,1,399,0.1,359.1,Chandigarh,Chandigarh,Credit Card
ORD_03888,CUST_0237,2025-11-22,Coffee Maker,Home,3,2499,0.1,6747.3,Chandigarh,Chandigarh,Cash on Delivery
ORD_03889,CUST_0585,2025-09-29,Bedsheet,Home,2,999,0.05,1898.1,New Delhi,Delhi,Debit Card
ORD_03890,CUST_0419,2025-08-18,Perfume,Beauty,2,999,0.05,1898.1,New Delhi,Delhi,UPI
ORD_03891,CUST_0976,2025-05-07,Novel,Books,4,499,0.05,1896.2,New Delhi,Delhi,Cash on Delivery
ORD_03892,CUST_0485,2024-05-19,Self Help Book,Books,1,599,0.05,569.05,Solan,Himachal Pradesh,Cash on Delivery
ORD_03893,CUST_0606,2025-08-15,Exam Guide,Books,3,699,0.1,1887.3,Chandigarh,Chandigarh,Debit Card
ORD_03894,CUST_0987,2025-05-05,Perfume,Beauty,2,999,0.0,1998.0,Chandigarh,Chandigarh,Credit Card
ORD_03895,CUST_0766,2025-06-09,Wireless Headphones,Electronics,3,1999,0.1,5397.3,Panipat,Haryana,UPI
ORD_03896,CUST_0692,2025-02-11,Novel,Books,4,499,0.05,1896.2,Solan,Himachal Pradesh,Credit Card
ORD_03897,CUST_0716,2024-11-04,Self Help Book,Books,1,599,0.15,509.15,Chandigarh,Chandigarh,UPI
ORD_03898,CUST_0625,2024-02-01,Face Wash,Beauty,2,299,0.15,508.3,New Delhi,Delhi,Cash on Delivery
ORD_03899,CUST_0811,2024-07-19,Table Lamp,Home,4,799,0.05,3036.2,New Delhi,Delhi,Debit Card
ORD_03900,CUST_0743,2025-11-18,Self Help Book,Books,1,599,0.2,479.2,Gurugram,Haryana,Debit Card
ORD_03901,CUST_0985,2024-07-22,Body Lotion,Beauty,1,349,0.0,349.0,Faridabad,Haryana,Debit Card
ORD_03902,CUST_0617,2024-08-18,Novel,Books,4,499,0.0,1996.0,New Delhi,Delhi,Credit Card
ORD_03903,CUST_0395,2024-12-21,Sneakers,Clothing,1,1999,0.0,1999.0,Patiala,Punjab,UPI
ORD_03904,CUST_0887,2025-11-02,Self Help Book,Books,1,599,0.05,569.05,Ludhiana,Punjab,UPI
ORD_03905,CUST_0220,2024-02-06,T-Shirt,Clothing,1,599,0.15,509.15,Shimla,Himachal Pradesh,Cash on Delivery
ORD_03906,CUST_0175,2025-04-26,Wireless Headphones,Electronics,3,1999,0.15,5097.45,New Delhi,Delhi,Debit Card
ORD_03907,CUST_0089,2025-07-26,Body Lotion,Beauty,1,349,0.15,296.65,New Delhi,Delhi,Debit Card
ORD_03908,CUST_0207,2024-01-29,Novel,Books,1,499,0.0,499.0,Chandigarh,Chandigarh,UPI
ORD_03909,CUST_0767,2024-12-31,Programming Book,Books,4,899,0.05,3416.2,Solan,Himachal Pradesh,Cash on Delivery
ORD_03910,CUST_0273,2024-08-19,Shampoo,Beauty,2,399,0.05,758.1,Amritsar,Punjab,Cash on Delivery
ORD_03911,CUST_0289,2025-10-31,Self Help Book,Books,2,599,0.1,1078.2,Mohali,Punjab,Credit Card
ORD_03912,CUST_0342,2024-07-24,Jeans,Clothing,4,1299,0.0,5196.0,Panipat,Haryana,Cash on Delivery
ORD_03913,CUST_0436,2025-12-26,Hoodie,Clothing,3,999,0.15,2547.45,Chandigarh,Chandigarh,Credit Card
ORD_03914,CUST_0276,2024-04-06,Wireless Headphones,Electronics,2,1999,0.1,3598.2,New Delhi,Delhi,Debit Card
ORD_03915,CUST_0365,2025-04-02,Hoodie,Clothing,4,999,0.0,3996.0,Patiala,Punjab,Debit Card
ORD_03916,CUST_0323,2024-06-08,Body Lotion,Beauty,3,349,0.2,837.6,Chandigarh,Chandigarh,UPI
ORD_03917,CUST_0155,2025-09-12,Exam Guide,Books,3,699,0.2,1677.6,Solan,Himachal Pradesh,Debit Card
ORD_03918,CUST_0465,2024-12-16,Coffee Maker,Home,2,2499,0.05,4748.1,Chandigarh,Chandigarh,Cash on Delivery
ORD_03919,CUST_0259,2025-06-10,Shampoo,Beauty,2,399,0.1,718.2,New Delhi,Delhi,Credit Card
ORD_03920,CUST_0543,2024-03-06,Programming Book,Books,1,899,0.15,764.15,Shimla,Himachal Pradesh,Cash on Delivery
ORD_03921,CUST_0575,2025-02-26,Storage Box,Home,4,499,0.1,1796.4,Chandigarh,Chandigarh,Debit Card
ORD_03922,CUST_0631,2024-04-20,Bluetooth Speaker,Electronics,1,1599,0.05,1519.05,Patiala,Punjab,Credit Card
ORD_03923,CUST_0242,2025-02-11,T-Shirt,Clothing,3,599,0.1,1617.3,Ludhiana,Punjab,UPI
ORD_03924,CUST_0506,2024-12-23,Bedsheet,Home,2,999,0.1,1798.2,Chandigarh,Chandigarh,UPI
ORD_03925,CUST_0225,2024-09-17,Power Bank,Electronics,4,999,0.05,3796.2,New Delhi,Delhi,UPI
ORD_03926,CUST_0817,2025-03-22,Smart Watch,Electronics,2,2499,0.1,4498.2,Patiala,Punjab,Cash on Delivery
ORD_03927,CUST_0896,2024-03-06,T-Shirt,Clothing,2,599,0.2,958.4,Shimla,Himachal Pradesh,Cash on Delivery
ORD_03928,CUST_0524,2025-03-25,Sneakers,Clothing,4,1999,0.0,7996.0,Patiala,Punjab,Credit Card
ORD_03929,CUST_0796,2025-03-18,Face Wash,Beauty,3,299,0.05,852.15,Chandigarh,Chandigarh,Credit Card
ORD_03930,CUST_0474,2025-04-25,Novel,Books,2,499,0.2,798.4,Shimla,Himachal Pradesh,Credit Card
ORD_03931,CUST_0470,2025-01-20,Face Wash,Beauty,3,299,0.0,897.0,Gurugram,Haryana,UPI
ORD_03932,CUST_0343,2025-10-20,Exam Guide,Books,3,699,0.1,1887.3,Amritsar,Punjab,Credit Card
ORD_03933,CUST_0350,2024-07-22,T-Shirt,Clothing,3,599,0.15,1527.45,New Delhi,Delhi,UPI
ORD_03934,CUST_0590,2024-02-24,Bedsheet,Home,1,999,0.2,799.2,Chandigarh,Chandigarh,Debit Card
ORD_03935,CUST_0842,2024-08-12,Smart Watch,Electronics,4,2499,0.0,9996.0,Solan,Himachal Pradesh,Debit Card
ORD_03936,CUST_0983,2025-08-04,Sneakers,Clothing,1,1999,0.2,1599.2,Chandigarh,Chandigarh,Debit Card
ORD_03937,CUST_0522,2024-12-05,Power Bank,Electronics,1,999,0.15,849.15,Chandigarh,Chandigarh,Cash on Delivery
ORD_03938,CUST_0598,2025-07-08,Exam Guide,Books,3,699,0.05,1992.15,Mohali,Punjab,Debit Card
ORD_03939,CUST_0835,2025-09-04,Wireless Headphones,Electronics,1,1999,0.1,1799.1,Chandigarh,Chandigarh,Cash on Delivery
ORD_03940,CUST_0472,2025-08-30,Perfume,Beauty,4,999,0.2,3196.8,Sonipat,Haryana,Credit Card
ORD_03941,CUST_0474,2024-11-23,Face Wash,Beauty,2,299,0.1,538.2,Patiala,Punjab,UPI
ORD_03942,CUST_0871,2024-12-14,Smart Watch,Electronics,3,2499,0.0,7497.0,Chandigarh,Chandigarh,Debit Card
ORD_03943,CUST_0868,2024-09-02,Storage Box,Home,1,499,0.15,424.15,Mohali,Punjab,Debit Card
ORD_03944,CUST_0870,2025-07-31,Bedsheet,Home,4,999,0.15,3396.6,Gurugram,Haryana,Debit Card
ORD_03945,CUST_0874,2024-06-03,Storage Box,Home,1,499,0.05,474.05,New Delhi,Delhi,Debit Card
ORD_03946,CUST_0019,2024-10-20,Bluetooth Speaker,Electronics,3,1599,0.05,4557.15,Solan,Himachal Pradesh,Credit Card
ORD_03947,CUST_0804,2024-03-25,Perfume,Beauty,1,999,0.1,899.1,Patiala,Punjab,Cash on Delivery
ORD_03948,CUST_0389,2024-04-18,Bedsheet,Home,4,999,0.0,3996.0,Gurugram,Haryana,Debit Card
ORD_03949,CUST_0990,2024-01-29,Hoodie,Clothing,1,999,0.05,949.05,Gurugram,Haryana,Debit Card
ORD_03950,CUST_0013,2024-01-21,T-Shirt,Clothing,1,599,0.0,599.0,New Delhi,Delhi,Cash on Delivery
ORD_03951,CUST_0326,2025-10-14,Self Help Book,Books,1,599,0.0,599.0,New Delhi,Delhi,Credit Card
ORD_03952,CUST_0780,2025-04-25,Jeans,Clothing,4,1299,0.0,5196.0,Chandigarh,Chandigarh,UPI
ORD_03953,CUST_0538,2025-02-11,Wireless Headphones,Electronics,3,1999,0.1,5397.3,Solan,Himachal Pradesh,Cash on Delivery
ORD_03954,CUST_0946,2024-01-13,Power Bank,Electronics,1,999,0.0,999.0,New Delhi,Delhi,Debit Card
ORD_03955,CUST_0906,2025-03-14,T-Shirt,Clothing,1,599,0.0,599.0,Chandigarh,Chandigarh,UPI
ORD_03956,CUST_0473,2024-01-24,Bluetooth Speaker,Electronics,1,1599,0.0,1599.0,Panipat,Haryana,UPI
ORD_03957,CUST_0638,2024-05-07,Self Help Book,Books,4,599,0.05,2276.2,Solan,Himachal Pradesh,Cash on Delivery
ORD_03958,CUST_0005,2025-02-23,Exam Guide,Books,3,699,0.05,1992.15,Patiala,Punjab,UPI
ORD_03959,CUST_0425,2024-04-25,Hoodie,Clothing,2,999,0.1,1798.2,Amritsar,Punjab,Cash on Delivery
ORD_03960,CUST_0668,2024-11-12,Novel,Books,3,499,0.15,1272.45,Chandigarh,Chandigarh,Credit Card
ORD_03961,CUST_0276,2025-12-12,Programming Book,Books,4,899,0.1,3236.4,New Delhi,Delhi,Debit Card
ORD_03962,CUST_0462,2024-12-18,Self Help Book,Books,1,599,0.1,539.1,Patiala,Punjab,Cash on Delivery
ORD_03963,CUST_0513,2024-02-27,Programming Book,Books,2,899,0.05,1708.1,Mohali,Punjab,UPI
ORD_03964,CUST_0990,2024-09-25,Exam Guide,Books,4,699,0.15,2376.6,Ludhiana,Punjab,UPI
ORD_03965,CUST_0833,2024-01-05,Novel,Books,4,499,0.1,1796.4,Shimla,Himachal Pradesh,Cash on Delivery
ORD_03966,CUST_0674,2024-03-03,Self Help Book,Books,4,599,0.05,2276.2,Chandigarh,Chandigarh,Debit Card
ORD_03967,CUST_0540,2024-03-03,Self Help Book,Books,2,599,0.1,1078.2,Patiala,Punjab,Cash on Delivery
ORD_03968,CUST_0720,2025-10-14,Power Bank,Electronics,3,999,0.0,2997.0,Shimla,Himachal Pradesh,UPI
ORD_03969,CUST_0600,2025-12-29,T-Shirt,Clothing,4,599,0.2,1916.8,Mohali,Punjab,UPI
ORD_03970,CUST_0713,2025-08-07,Perfume,Beauty,4,999,0.05,3796.2,New Delhi,Delhi,Credit Card
ORD_03971,CUST_0867,2025-05-24,Smart Watch,Electronics,2,2499,0.15,4248.3,Chandigarh,Chandigarh,Credit Card
ORD_03972,CUST_0940,2024-02-05,Jeans,Clothing,1,1299,0.05,1234.05,New Delhi,Delhi,Credit Card
ORD_03973,CUST_0833,2024-12-04,Bluetooth Speaker,Electronics,2,1599,0.1,2878.2,Chandigarh,Chandigarh,Debit Card
ORD_03974,CUST_0824,2025-09-18,T-Shirt,Clothing,1,599,0.2,479.2,New Delhi,Delhi,Debit Card
ORD_03975,CUST_0582,2025-02-13,Perfume,Beauty,2,999,0.05,1898.1,Amritsar,Punjab,Cash on Delivery
ORD_03976,CUST_0113,2024-07-07,Novel,Books,1,499,0.0,499.0,Shimla,Himachal Pradesh,Debit Card
ORD_03977,CUST_0107,2024-11-26,Shampoo,Beauty,1,399,0.05,379.05,Gurugram,Haryana,Credit Card
ORD_03978,CUST_0831,2025-07-01,Power Bank,Electronics,3,999,0.1,2697.3,Shimla,Himachal Pradesh,Debit Card
ORD_03979,CUST_0756,2025-02-12,Self Help Book,Books,3,599,0.0,1797.0,Shimla,Himachal Pradesh,Credit Card
ORD_03980,CUST_0673,2024-09-29,Programming Book,Books,1,899,0.2,719.2,New Delhi,Delhi,Credit Card
ORD_03981,CUST_0664,2025-09-01,Sneakers,Clothing,4,1999,0.1,7196.4,New Delhi,Delhi,Cash on Delivery
ORD_03982,CUST_0889,2025-06-17,Face Wash,Beauty,3,299,0.05,852.15,Faridabad,Haryana,UPI
ORD_03983,CUST_0592,2025-01-11,Wireless Headphones,Electronics,2,1999,0.15,3398.3,Shimla,Himachal Pradesh,Credit Card
ORD_03984,CUST_0424,2024-11-25,T-Shirt,Clothing,3,599,0.1,1617.3,Patiala,Punjab,Credit Card
ORD_03985,CUST_0781,2025-03-13,Table Lamp,Home,2,799,0.0,1598.0,New Delhi,Delhi,Debit Card
ORD_03986,CUST_0937,2024-06-24,Programming Book,Books,1,899,0.0,899.0,Shimla,Himachal Pradesh,Credit Card
ORD_03987,CUST_0959,2025-11-06,Body Lotion,Beauty,4,349,0.1,1256.4,New Delhi,Delhi,UPI
ORD_03988,CUST_0097,2024-02-26,Self Help Book,Books,3,599,0.2,1437.6,New Delhi,Delhi,Credit Card
ORD_03989,CUST_0663,2024-05-25,Table Lamp,Home,4,799,0.05,3036.2,Ludhiana,Punjab,Cash on Delivery
ORD_03990,CUST_0257,2024-12-29,Bluetooth Speaker,Electronics,1,1599,0.05,1519.05,New Delhi,Delhi,Credit Card
ORD_03991,CUST_0195,2024-05-17,Table Lamp,Home,1,799,0.0,799.0,New Delhi,Delhi,UPI
ORD_03992,CUST_0070,2025-12-12,Bedsheet,Home,3,999,0.0,2997.0,New Delhi,Delhi,Debit Card
ORD_03993,CUST_0389,2025-11-07,Self Help Book,Books,2,599,0.0,1198.0,Solan,Himachal Pradesh,Cash on Delivery
ORD_03994,CUST_0450,2024-04-23,Bluetooth Speaker,Electronics,3,1599,0.15,4077.45,Panipat,Haryana,Debit Card
ORD_03995,CUST_0172,2025-12-23,Hoodie,Clothing,2,999,0.1,1798.2,Ludhiana,Punjab,Cash on Delivery
ORD_03996,CUST_0115,2024-10-10,Exam Guide,Books,3,699,0.0,2097.0,Amritsar,Punjab,UPI
ORD_03997,CUST_0622,2024-10-20,Novel,Books,1,499,0.1,449.1,New Delhi,Delhi,Credit Card
ORD_03998,CUST_0702,2025-05-18,Sneakers,Clothing,2,1999,0.0,3998.0,Patiala,Punjab,Cash on Delivery
ORD_03999,CUST_0306,2024-02-02,Face Wash,Beauty,4,299,0.1,1076.4,Chandigarh,Chandigarh,UPI
ORD_04000,CUST_0319,2025-06-01,Wireless Headphones,Electronics,1,1999,0.2,1599.2,Patiala,Punjab,UPI
ORD_04001,CUST_0464,2025-12-27,Hoodie,Clothing,3,999,0.05,2847.15,Chandigarh,Chandigarh,Credit Card
ORD_04002,CUST_0182,2024-04-16,Coffee Maker,Home,2,2499,0.05,4748.1,New Delhi,Delhi,Cash on Delivery
ORD_04003,CUST_0639,2024-10-05,Power Bank,Electronics,4,999,0.0,3996.0,New Delhi,Delhi,Cash on Delivery
ORD_04004,CUST_0884,2024-09-15,Exam Guide,Books,2,699,0.15,1188.3,Gurugram,Haryana,Debit Card
ORD_04005,CUST_0237,2024-08-20,Exam Guide,Books,3,699,0.15,1782.45,Ludhiana,Punjab,UPI
ORD_04006,CUST_0836,2024-12-16,Shampoo,Beauty,2,399,0.15,678.3,Patiala,Punjab,UPI
ORD_04007,CUST_0878,2024-08-13,Programming Book,Books,4,899,0.0,3596.0,New Delhi,Delhi,UPI
ORD_04008,CUST_0474,2025-08-05,Perfume,Beauty,4,999,0.05,3796.2,New Delhi,Delhi,Cash on Delivery
ORD_04009,CUST_0982,2024-12-16,Programming Book,Books,4,899,0.1,3236.4,Solan,Himachal Pradesh,UPI
ORD_04010,CUST_0669,2025-10-19,Storage Box,Home,2,499,0.05,948.1,Ludhiana,Punjab,Credit Card
ORD_04011,CUST_0813,2025-10-29,Self Help Book,Books,1,599,0.1,539.1,Amritsar,Punjab,Credit Card
ORD_04012,CUST_0987,2025-01-15,Sneakers,Clothing,2,1999,0.05,3798.1,Ludhiana,Punjab,Cash on Delivery
ORD_04013,CUST_0088,2024-06-03,Storage Box,Home,4,499,0.05,1896.2,Chandigarh,Chandigarh,Debit Card
ORD_04014,CUST_0167,2025-05-26,Hoodie,Clothing,1,999,0.1,899.1,Ludhiana,Punjab,UPI
ORD_04015,CUST_0718,2025-01-16,Smart Watch,Electronics,4,2499,0.0,9996.0,Chandigarh,Chandigarh,Cash on Delivery
ORD_04016,CUST_0334,2025-08-16,Bedsheet,Home,4,999,0.2,3196.8,Shimla,Himachal Pradesh,Cash on Delivery
ORD_04017,CUST_0495,2024-01-30,Face Wash,Beauty,3,299,0.2,717.6,Ludhiana,Punjab,UPI
ORD_04018,CUST_0397,2024-06-04,Wireless Headphones,Electronics,1,1999,0.05,1899.05,Chandigarh,Chandigarh,Cash on Delivery
ORD_04019,CUST_0373,2024-01-25,Coffee Maker,Home,3,2499,0.05,7122.15,Mohali,Punjab,Debit Card
ORD_04020,CUST_0858,2024-01-20,Bedsheet,Home,1,999,0.1,899.1,Chandigarh,Chandigarh,Credit Card
ORD_04021,CUST_0976,2024-12-20,Exam Guide,Books,2,699,0.1,1258.2,Patiala,Punjab,Credit Card
ORD_04022,CUST_0661,2025-03-19,Exam Guide,Books,2,699,0.0,1398.0,Chandigarh,Chandigarh,Debit Card
ORD_04023,CUST_0205,2024-01-31,Storage Box,Home,4,499,0.1,1796.4,Shimla,Himachal Pradesh,Cash on Delivery
ORD_04024,CUST_0061,2025-08-01,Bedsheet,Home,1,999,0.1,899.1,New Delhi,Delhi,Cash on Delivery
ORD_04025,CUST_0813,2024-04-12,Sneakers,Clothing,4,1999,0.15,6796.6,Mohali,Punjab,Cash on Delivery
ORD_04026,CUST_0682,2024-11-04,Bedsheet,Home,3,999,0.0,2997.0,Faridabad,Haryana,Debit Card
ORD_04027,CUST_0934,2025-10-25,T-Shirt,Clothing,3,599,0.05,1707.15,Mohali,Punjab,Cash on Delivery
ORD_04028,CUST_0603,2024-02-13,Jeans,Clothing,2,1299,0.1,2338.2,Sonipat,Haryana,UPI
ORD_04029,CUST_0744,2025-11-06,Face Wash,Beauty,3,299,0.1,807.3,Shimla,Himachal Pradesh,UPI
ORD_04030,CUST_0921,2025-06-29,Jeans,Clothing,4,1299,0.0,5196.0,Chandigarh,Chandigarh,Debit Card
ORD_04031,CUST_0370,2024-11-11,Jeans,Clothing,1,1299,0.1,1169.1,New Delhi,Delhi,UPI
ORD_04032,CUST_0218,2025-05-19,Perfume,Beauty,3,999,0.05,2847.15,New Delhi,Delhi,Cash on Delivery
ORD_04033,CUST_0061,2025-12-28,Novel,Books,4,499,0.1,1796.4,New Delhi,Delhi,Credit Card
ORD_04034,CUST_0099,2024-01-11,Power Bank,Electronics,3,999,0.15,2547.45,Panipat,Haryana,Debit Card
ORD_04035,CUST_0944,2025-03-26,Programming Book,Books,1,899,0.0,899.0,New Delhi,Delhi,UPI
ORD_04036,CUST_0869,2024-09-17,Bluetooth Speaker,Electronics,3,1599,0.05,4557.15,Solan,Himachal Pradesh,UPI
ORD_04037,CUST_0901,2024-07-18,Smart Watch,Electronics,2,2499,0.1,4498.2,Chandigarh,Chandigarh,Debit Card
ORD_04038,CUST_0339,2024-09-01,Bedsheet,Home,1,999,0.05,949.05,Sonipat,Haryana,Cash on Delivery
ORD_04039,CUST_0997,2024-12-06,Body Lotion,Beauty,3,349,0.1,942.3,Chandigarh,Chandigarh,Cash on Delivery
ORD_04040,CUST_0928,2024-06-29,Jeans,Clothing,4,1299,0.2,4156.8,New Delhi,Delhi,Debit Card
ORD_04041,CUST_0706,2024-09-01,Table Lamp,Home,2,799,0.05,1518.1,New Delhi,Delhi,Debit Card
ORD_04042,CUST_0133,2025-09-15,Programming Book,Books,3,899,0.05,2562.15,Chandigarh,Chandigarh,UPI
ORD_04043,CUST_0104,2025-11-09,Table Lamp,Home,1,799,0.05,759.05,Faridabad,Haryana,Cash on Delivery
ORD_04044,CUST_0363,2024-11-09,Programming Book,Books,2,899,0.05,1708.1,Ludhiana,Punjab,Debit Card
ORD_04045,CUST_0394,2024-12-08,Hoodie,Clothing,4,999,0.05,3796.2,Faridabad,Haryana,Debit Card
ORD_04046,CUST_0959,2024-09-23,Smart Watch,Electronics,4,2499,0.05,9496.2,Solan,Himachal Pradesh,Credit Card
ORD_04047,CUST_0744,2024-09-03,Storage Box,Home,2,499,0.1,898.2,Chandigarh,Chandigarh,Cash on Delivery
ORD_04048,CUST_0313,2025-09-23,Bedsheet,Home,3,999,0.2,2397.6,Ludhiana,Punjab,Credit Card
ORD_04049,CUST_0924,2025-04-21,Shampoo,Beauty,1,399,0.05,379.05,New Delhi,Delhi,Cash on Delivery
ORD_04050,CUST_0236,2025-06-13,Self Help Book,Books,2,599,0.0,1198.0,Solan,Himachal Pradesh,UPI
ORD_04051,CUST_0173,2024-12-08,Coffee Maker,Home,3,2499,0.1,6747.3,Chandigarh,Chandigarh,UPI
ORD_04052,CUST_0125,2024-06-21,T-Shirt,Clothing,4,599,0.0,2396.0,Sonipat,Haryana,UPI
ORD_04053,CUST_0120,2024-11-14,Smart Watch,Electronics,2,2499,0.05,4748.1,Shimla,Himachal Pradesh,UPI
ORD_04054,CUST_0124,2024-05-07,Shampoo,Beauty,1,399,0.2,319.2,Chandigarh,Chandigarh,UPI
ORD_04055,CUST_0167,2025-10-18,Perfume,Beauty,3,999,0.1,2697.3,Shimla,Himachal Pradesh,Cash on Delivery
ORD_04056,CUST_0457,2024-02-25,Storage Box,Home,1,499,0.15,424.15,Mohali,Punjab,UPI
ORD_04057,CUST_0702,2025-09-26,Bedsheet,Home,4,999,0.05,3796.2,Solan,Himachal Pradesh,Cash on Delivery
ORD_04058,CUST_0728,2024-06-02,Self Help Book,Books,4,599,0.05,2276.2,Shimla,Himachal Pradesh,UPI
ORD_04059,CUST_0996,2024-05-28,Sneakers,Clothing,3,1999,0.1,5397.3,Panipat,Haryana,Cash on Delivery
ORD_04060,CUST_0502,2025-08-06,Body Lotion,Beauty,2,349,0.05,663.1,Chandigarh,Chandigarh,Cash on Delivery
ORD_04061,CUST_0550,2025-03-09,Wireless Headphones,Electronics,1,1999,0.0,1999.0,Patiala,Punjab,Cash on Delivery
ORD_04062,CUST_0684,2025-10-04,Shampoo,Beauty,3,399,0.0,1197.0,Patiala,Punjab,Cash on Delivery
ORD_04063,CUST_0320,2024-01-16,Body Lotion,Beauty,2,349,0.0,698.0,Amritsar,Punjab,UPI
ORD_04064,CUST_0649,2024-04-13,Coffee Maker,Home,1,2499,0.2,1999.2,Shimla,Himachal Pradesh,Cash on Delivery
ORD_04065,CUST_0976,2024-06-03,Body Lotion,Beauty,1,349,0.0,349.0,New Delhi,Delhi,Cash on Delivery
ORD_04066,CUST_0165,2024-06-05,Self Help Book,Books,1,599,0.05,569.05,Ludhiana,Punjab,Debit Card
ORD_04067,CUST_0178,2024-05-06,Shampoo,Beauty,1,399,0.15,339.15,Patiala,Punjab,UPI
ORD_04068,CUST_0017,2024-05-16,Wireless Headphones,Electronics,1,1999,0.15,1699.15,New Delhi,Delhi,UPI
ORD_04069,CUST_0196,2025-06-08,Smart Watch,Electronics,3,2499,0.05,7122.15,Shimla,Himachal Pradesh,Debit Card
ORD_04070,CUST_0119,2025-01-07,Wireless Headphones,Electronics,4,1999,0.1,7196.4,Ludhiana,Punjab,Cash on Delivery
ORD_04071,CUST_0720,2025-07-19,Smart Watch,Electronics,2,2499,0.15,4248.3,New Delhi,Delhi,Cash on Delivery
ORD_04072,CUST_0118,2024-05-27,T-Shirt,Clothing,3,599,0.1,1617.3,Panipat,Haryana,Cash on Delivery
ORD_04073,CUST_0256,2024-03-14,Sneakers,Clothing,1,1999,0.0,1999.0,Shimla,Himachal Pradesh,UPI
ORD_04074,CUST_0951,2025-10-12,Coffee Maker,Home,2,2499,0.0,4998.0,Amritsar,Punjab,Credit Card
ORD_04075,CUST_0891,2025-02-01,Perfume,Beauty,3,999,0.1,2697.3,New Delhi,Delhi,Debit Card
ORD_04076,CUST_0533,2024-10-26,Smart Watch,Electronics,1,2499,0.1,2249.1,New Delhi,Delhi,Cash on Delivery
ORD_04077,CUST_0994,2025-09-28,Programming Book,Books,3,899,0.0,2697.0,Chandigarh,Chandigarh,Debit Card
ORD_04078,CUST_0878,2025-06-15,Smart Watch,Electronics,2,2499,0.0,4998.0,New Delhi,Delhi,UPI
ORD_04079,CUST_0017,2025-07-31,Storage Box,Home,3,499,0.05,1422.15,Solan,Himachal Pradesh,Credit Card
ORD_04080,CUST_0162,2025-12-30,Programming Book,Books,4,899,0.05,3416.2,New Delhi,Delhi,Cash on Delivery
ORD_04081,CUST_0851,2025-01-04,Jeans,Clothing,1,1299,0.0,1299.0,Patiala,Punjab,Cash on Delivery
ORD_04082,CUST_0359,2025-07-09,Face Wash,Beauty,1,299,0.1,269.1,Chandigarh,Chandigarh,Debit Card
ORD_04083,CUST_0653,2025-06-13,Shampoo,Beauty,1,399,0.05,379.05,Chandigarh,Chandigarh,Cash on Delivery
ORD_04084,CUST_0042,2025-10-10,Bedsheet,Home,1,999,0.05,949.05,Chandigarh,Chandigarh,UPI
ORD_04085,CUST_0222,2024-04-28,Programming Book,Books,4,899,0.1,3236.4,New Delhi,Delhi,Credit Card
ORD_04086,CUST_0938,2024-11-15,Face Wash,Beauty,3,299,0.1,807.3,Shimla,Himachal Pradesh,UPI
ORD_04087,CUST_0538,2025-02-09,Programming Book,Books,2,899,0.1,1618.2,Shimla,Himachal Pradesh,Debit Card
ORD_04088,CUST_0583,2024-07-12,Hoodie,Clothing,4,999,0.05,3796.2,Solan,Himachal Pradesh,Cash on Delivery
ORD_04089,CUST_0010,2025-02-27,Face Wash,Beauty,4,299,0.0,1196.0,New Delhi,Delhi,Credit Card
ORD_04090,CUST_0513,2024-05-04,Self Help Book,Books,2,599,0.0,1198.0,Patiala,Punjab,UPI
ORD_04091,CUST_0711,2025-09-28,Body Lotion,Beauty,4,349,0.0,1396.0,New Delhi,Delhi,Debit Card
ORD_04092,CUST_0921,2024-11-10,Self Help Book,Books,2,599,0.05,1138.1,Solan,Himachal Pradesh,Credit Card
ORD_04093,CUST_0680,2025-10-22,Jeans,Clothing,1,1299,0.1,1169.1,Chandigarh,Chandigarh,UPI
ORD_04094,CUST_0076,2025-10-07,Smart Watch,Electronics,3,2499,0.1,6747.3,Solan,Himachal Pradesh,Cash on Delivery
ORD_04095,CUST_0757,2025-05-26,Wireless Headphones,Electronics,2,1999,0.1,3598.2,Chandigarh,Chandigarh,Credit Card
ORD_04096,CUST_0549,2025-11-20,Self Help Book,Books,2,599,0.0,1198.0,New Delhi,Delhi,Debit Card
ORD_04097,CUST_0778,2025-07-25,Novel,Books,1,499,0.05,474.05,Shimla,Himachal Pradesh,UPI
ORD_04098,CUST_0202,2025-01-07,Perfume,Beauty,1,999,0.0,999.0,Sonipat,Haryana,Credit Card
ORD_04099,CUST_0297,2025-08-10,Coffee Maker,Home,2,2499,0.05,4748.1,New Delhi,Delhi,Cash on Delivery
ORD_04100,CUST_0294,2025-10-03,Face Wash,Beauty,4,299,0.2,956.8,Shimla,Himachal Pradesh,Debit Card
ORD_04101,CUST_0269,2024-12-16,Smart Watch,Electronics,3,2499,0.05,7122.15,Ludhiana,Punjab,UPI
ORD_04102,CUST_0130,2024-12-28,Table Lamp,Home,3,799,0.15,2037.45,New Delhi,Delhi,Credit Card
ORD_04103,CUST_0659,2024-08-05,Self Help Book,Books,3,599,0.05,1707.15,Chandigarh,Chandigarh,UPI
ORD_04104,CUST_0745,2024-09-16,Power Bank,Electronics,3,999,0.0,2997.0,Faridabad,Haryana,Credit Card
ORD_04105,CUST_0489,2024-08-20,Self Help Book,Books,3,599,0.05,1707.15,Chandigarh,Chandigarh,UPI
ORD_04106,CUST_0629,2025-02-10,Face Wash,Beauty,3,299,0.0,897.0,New Delhi,Delhi,UPI
ORD_04107,CUST_0319,2024-10-26,Bluetooth Speaker,Electronics,1,1599,0.15,1359.15,Shimla,Himachal Pradesh,UPI
ORD_04108,CUST_0885,2024-08-09,Bedsheet,Home,1,999,0.15,849.15,Faridabad,Haryana,Cash on Delivery
ORD_04109,CUST_0474,2025-11-13,Hoodie,Clothing,3,999,0.05,2847.15,Chandigarh,Chandigarh,Cash on Delivery
ORD_04110,CUST_0080,2024-09-21,Shampoo,Beauty,4,399,0.0,1596.0,Sonipat,Haryana,UPI
ORD_04111,CUST_0466,2025-04-24,Novel,Books,3,499,0.1,1347.3,New Delhi,Delhi,Debit Card
ORD_04112,CUST_0723,2024-01-24,Sneakers,Clothing,2,1999,0.0,3998.0,Ludhiana,Punjab,Debit Card
ORD_04113,CUST_0006,2025-03-03,Wireless Headphones,Electronics,2,1999,0.1,3598.2,Ludhiana,Punjab,Debit Card
ORD_04114,CUST_0933,2024-03-16,Self Help Book,Books,4,599,0.2,1916.8,New Delhi,Delhi,Cash on Delivery
ORD_04115,CUST_0319,2025-05-28,Smart Watch,Electronics,2,2499,0.1,4498.2,Chandigarh,Chandigarh,Cash on Delivery
ORD_04116,CUST_0258,2024-07-03,Wireless Headphones,Electronics,4,1999,0.0,7996.0,Chandigarh,Chandigarh,Cash on Delivery
ORD_04117,CUST_0644,2024-04-10,Table Lamp,Home,4,799,0.1,2876.4,Gurugram,Haryana,Debit Card
ORD_04118,CUST_0987,2025-01-06,Power Bank,Electronics,3,999,0.0,2997.0,New Delhi,Delhi,Cash on Delivery
ORD_04119,CUST_0989,2025-05-10,Exam Guide,Books,3,699,0.05,1992.15,Patiala,Punjab,Credit Card
ORD_04120,CUST_0947,2024-01-09,Novel,Books,4,499,0.0,1996.0,Chandigarh,Chandigarh,UPI
ORD_04121,CUST_0738,2025-05-12,Table Lamp,Home,4,799,0.05,3036.2,Solan,Himachal Pradesh,UPI
ORD_04122,CUST_0354,2024-02-24,Storage Box,Home,4,499,0.05,1896.2,Solan,Himachal Pradesh,Debit Card
ORD_04123,CUST_0524,2025-12-16,Coffee Maker,Home,1,2499,0.0,2499.0,New Delhi,Delhi,Credit Card
ORD_04124,CUST_0007,2024-07-30,Body Lotion,Beauty,4,349,0.15,1186.6,Shimla,Himachal Pradesh,Credit Card
ORD_04125,CUST_0114,2024-07-30,Hoodie,Clothing,4,999,0.05,3796.2,New Delhi,Delhi,Credit Card
ORD_04126,CUST_0781,2025-11-24,Novel,Books,1,499,0.05,474.05,Solan,Himachal Pradesh,Debit Card
ORD_04127,CUST_0956,2025-01-18,Programming Book,Books,2,899,0.15,1528.3,Sonipat,Haryana,Cash on Delivery
ORD_04128,CUST_0988,2025-01-03,Storage Box,Home,1,499,0.05,474.05,Panipat,Haryana,UPI
ORD_04129,CUST_0436,2025-11-24,Face Wash,Beauty,3,299,0.2,717.6,Chandigarh,Chandigarh,Debit Card
ORD_04130,CUST_0495,2024-04-01,Programming Book,Books,3,899,0.0,2697.0,Ludhiana,Punjab,Debit Card
ORD_04131,CUST_0498,2024-07-09,Table Lamp,Home,1,799,0.05,759.05,New Delhi,Delhi,Credit Card
ORD_04132,CUST_0775,2025-06-07,Exam Guide,Books,2,699,0.05,1328.1,Chandigarh,Chandigarh,UPI
ORD_04133,CUST_0651,2024-02-16,Programming Book,Books,1,899,0.0,899.0,Patiala,Punjab,Debit Card
ORD_04134,CUST_0451,2024-08-20,Bluetooth Speaker,Electronics,2,1599,0.05,3038.1,New Delhi,Delhi,Cash on Delivery
ORD_04135,CUST_0674,2025-06-05,Novel,Books,1,499,0.2,399.2,Sonipat,Haryana,Credit Card
ORD_04136,CUST_0553,2025-12-07,Shampoo,Beauty,3,399,0.1,1077.3,Shimla,Himachal Pradesh,Debit Card
ORD_04137,CUST_0282,2024-09-29,Coffee Maker,Home,3,2499,0.0,7497.0,Faridabad,Haryana,UPI
ORD_04138,CUST_0046,2025-02-27,Coffee Maker,Home,2,2499,0.1,4498.2,Amritsar,Punjab,Cash on Delivery
ORD_04139,CUST_0984,2024-09-29,Sneakers,Clothing,1,1999,0.15,1699.15,Shimla,Himachal Pradesh,Debit Card
ORD_04140,CUST_0521,2024-12-04,Shampoo,Beauty,2,399,0.0,798.0,Solan,Himachal Pradesh,UPI
ORD_04141,CUST_0133,2024-08-25,Sneakers,Clothing,1,1999,0.0,1999.0,Panipat,Haryana,Credit Card
ORD_04142,CUST_0289,2024-11-19,Table Lamp,Home,2,799,0.15,1358.3,New Delhi,Delhi,Debit Card
ORD_04143,CUST_0735,2024-10-15,Power Bank,Electronics,4,999,0.1,3596.4,Chandigarh,Chandigarh,UPI
ORD_04144,CUST_0348,2025-06-09,Perfume,Beauty,3,999,0.2,2397.6,New Delhi,Delhi,UPI
ORD_04145,CUST_0184,2025-06-16,Hoodie,Clothing,1,999,0.2,799.2,Ludhiana,Punjab,Cash on Delivery
ORD_04146,CUST_1000,2025-03-12,Programming Book,Books,2,899,0.15,1528.3,Shimla,Himachal Pradesh,Cash on Delivery
ORD_04147,CUST_0930,2025-09-25,Smart Watch,Electronics,2,2499,0.05,4748.1,New Delhi,Delhi,Debit Card
ORD_04148,CUST_0011,2025-04-04,Coffee Maker,Home,4,2499,0.1,8996.4,Shimla,Himachal Pradesh,Credit Card
ORD_04149,CUST_0579,2025-06-05,Face Wash,Beauty,2,299,0.2,478.4,Chandigarh,Chandigarh,UPI
ORD_04150,CUST_0241,2025-07-22,Body Lotion,Beauty,3,349,0.1,942.3,Gurugram,Haryana,UPI
ORD_04151,CUST_0529,2025-01-09,Face Wash,Beauty,3,299,0.2,717.6,New Delhi,Delhi,Debit Card
ORD_04152,CUST_0620,2025-11-25,Bedsheet,Home,2,999,0.05,1898.1,Ludhiana,Punjab,Credit Card
ORD_04153,CUST_0759,2024-03-12,Body Lotion,Beauty,4,349,0.1,1256.4,New Delhi,Delhi,Credit Card
ORD_04154,CUST_0452,2025-07-13,Coffee Maker,Home,2,2499,0.0,4998.0,Faridabad,Haryana,Credit Card
ORD_04155,CUST_0052,2024-11-19,Bedsheet,Home,4,999,0.1,3596.4,New Delhi,Delhi,UPI
ORD_04156,CUST_0818,2025-02-25,Hoodie,Clothing,4,999,0.0,3996.0,New Delhi,Delhi,UPI
ORD_04157,CUST_0739,2025-10-26,Bluetooth Speaker,Electronics,4,1599,0.1,5756.4,Solan,Himachal Pradesh,Credit Card
ORD_04158,CUST_0587,2025-01-06,Power Bank,Electronics,2,999,0.1,1798.2,Amritsar,Punjab,UPI
ORD_04159,CUST_0615,2024-01-21,T-Shirt,Clothing,2,599,0.1,1078.2,Chandigarh,Chandigarh,Credit Card
ORD_04160,CUST_0129,2025-09-11,Coffee Maker,Home,4,2499,0.15,8496.6,Patiala,Punjab,Cash on Delivery
ORD_04161,CUST_0226,2024-06-01,T-Shirt,Clothing,1,599,0.1,539.1,New Delhi,Delhi,Debit Card
ORD_04162,CUST_0703,2025-08-16,T-Shirt,Clothing,2,599,0.05,1138.1,New Delhi,Delhi,UPI
ORD_04163,CUST_0435,2024-01-23,Perfume,Beauty,1,999,0.15,849.15,Amritsar,Punjab,Cash on Delivery
ORD_04164,CUST_0348,2024-07-16,Novel,Books,2,499,0.1,898.2,Gurugram,Haryana,UPI
ORD_04165,CUST_0546,2025-09-05,Novel,Books,3,499,0.0,1497.0,Solan,Himachal Pradesh,Debit Card
ORD_04166,CUST_0070,2024-04-16,Wireless Headphones,Electronics,4,1999,0.1,7196.4,Shimla,Himachal Pradesh,Debit Card
ORD_04167,CUST_0860,2024-02-06,Exam Guide,Books,1,699,0.1,629.1,New Delhi,Delhi,Debit Card
ORD_04168,CUST_0363,2024-07-17,Jeans,Clothing,2,1299,0.0,2598.0,Faridabad,Haryana,Cash on Delivery
ORD_04169,CUST_0211,2024-06-18,Smart Watch,Electronics,1,2499,0.15,2124.15,New Delhi,Delhi,Credit Card
ORD_04170,CUST_0922,2025-01-01,Coffee Maker,Home,3,2499,0.15,6372.45,Solan,Himachal Pradesh,Credit Card
ORD_04171,CUST_0090,2025-08-31,Shampoo,Beauty,3,399,0.0,1197.0,Solan,Himachal Pradesh,UPI
ORD_04172,CUST_0138,2025-11-10,Body Lotion,Beauty,4,349,0.05,1326.2,Panipat,Haryana,Credit Card
ORD_04173,CUST_0010,2025-04-18,Face Wash,Beauty,3,299,0.05,852.15,Panipat,Haryana,Cash on Delivery
ORD_04174,CUST_0142,2024-06-22,Smart Watch,Electronics,1,2499,0.15,2124.15,Gurugram,Haryana,Cash on Delivery
ORD_04175,CUST_0540,2024-09-07,Table Lamp,Home,4,799,0.05,3036.2,Panipat,Haryana,UPI
ORD_04176,CUST_0865,2024-09-15,Sneakers,Clothing,2,1999,0.15,3398.3,Chandigarh,Chandigarh,Debit Card
ORD_04177,CUST_0461,2024-03-14,Bluetooth Speaker,Electronics,1,1599,0.1,1439.1,Amritsar,Punjab,Debit Card
ORD_04178,CUST_0374,2024-01-09,Programming Book,Books,3,899,0.15,2292.45,New Delhi,Delhi,Credit Card
ORD_04179,CUST_0965,2025-07-27,Novel,Books,2,499,0.2,798.4,New Delhi,Delhi,Credit Card
ORD_04180,CUST_0746,2024-08-28,Storage Box,Home,2,499,0.0,998.0,Ludhiana,Punjab,Cash on Delivery
ORD_04181,CUST_0073,2025-08-22,Shampoo,Beauty,1,399,0.2,319.2,New Delhi,Delhi,Debit Card
ORD_04182,CUST_0551,2025-12-20,T-Shirt,Clothing,3,599,0.15,1527.45,Solan,Himachal Pradesh,UPI
ORD_04183,CUST_0872,2025-09-23,Coffee Maker,Home,3,2499,0.2,5997.6,Mohali,Punjab,Debit Card
ORD_04184,CUST_0574,2024-01-15,Sneakers,Clothing,1,1999,0.15,1699.15,Chandigarh,Chandigarh,Cash on Delivery
ORD_04185,CUST_0899,2025-07-12,Bluetooth Speaker,Electronics,4,1599,0.0,6396.0,Patiala,Punjab,UPI
ORD_04186,CUST_0460,2024-12-05,Bedsheet,Home,4,999,0.05,3796.2,Shimla,Himachal Pradesh,UPI
ORD_04187,CUST_0814,2024-05-26,Sneakers,Clothing,1,1999,0.0,1999.0,Faridabad,Haryana,Credit Card
ORD_04188,CUST_0958,2025-06-23,Storage Box,Home,1,499,0.05,474.05,New Delhi,Delhi,Debit Card
ORD_04189,CUST_0261,2024-04-28,Perfume,Beauty,3,999,0.1,2697.3,Solan,Himachal Pradesh,Cash on Delivery
ORD_04190,CUST_0480,2024-01-20,Bluetooth Speaker,Electronics,2,1599,0.2,2558.4,Faridabad,Haryana,UPI
ORD_04191,CUST_0883,2025-08-13,T-Shirt,Clothing,4,599,0.0,2396.0,Chandigarh,Chandigarh,Cash on Delivery
ORD_04192,CUST_0028,2025-02-25,Shampoo,Beauty,4,399,0.15,1356.6,Sonipat,Haryana,Credit Card
ORD_04193,CUST_0866,2024-08-04,Wireless Headphones,Electronics,2,1999,0.0,3998.0,Patiala,Punjab,Debit Card
ORD_04194,CUST_0453,2024-09-28,Body Lotion,Beauty,1,349,0.05,331.55,Gurugram,Haryana,UPI
ORD_04195,CUST_0125,2024-12-16,Bedsheet,Home,4,999,0.1,3596.4,Ludhiana,Punjab,UPI
ORD_04196,CUST_0228,2024-06-25,T-Shirt,Clothing,4,599,0.05,2276.2,Solan,Himachal Pradesh,Debit Card
ORD_04197,CUST_0564,2025-03-19,Smart Watch,Electronics,2,2499,0.0,4998.0,Chandigarh,Chandigarh,Debit Card
ORD_04198,CUST_0727,2024-04-27,Body Lotion,Beauty,3,349,0.0,1047.0,Panipat,Haryana,Debit Card
ORD_04199,CUST_0072,2024-09-07,Bluetooth Speaker,Electronics,4,1599,0.05,6076.2,Shimla,Himachal Pradesh,Debit Card
ORD_04200,CUST_0572,2024-08-09,Jeans,Clothing,4,1299,0.05,4936.2,Faridabad,Haryana,Cash on Delivery
ORD_04201,CUST_0088,2025-02-10,Bluetooth Speaker,Electronics,4,1599,0.1,5756.4,Patiala,Punjab,Credit Card
ORD_04202,CUST_0441,2024-05-03,Jeans,Clothing,4,1299,0.15,4416.6,New Delhi,Delhi,Debit Card
ORD_04203,CUST_0998,2025-03-19,T-Shirt,Clothing,3,599,0.05,1707.15,Shimla,Himachal Pradesh,Cash on Delivery
ORD_04204,CUST_0632,2025-05-03,Table Lamp,Home,4,799,0.05,3036.2,New Delhi,Delhi,Debit Card
ORD_04205,CUST_0482,2024-09-02,Power Bank,Electronics,1,999,0.1,899.1,Sonipat,Haryana,UPI
ORD_04206,CUST_0200,2024-12-31,Exam Guide,Books,4,699,0.05,2656.2,Ludhiana,Punjab,UPI
ORD_04207,CUST_0815,2024-09-06,Programming Book,Books,1,899,0.05,854.05,New Delhi,Delhi,Credit Card
ORD_04208,CUST_0852,2024-06-13,Shampoo,Beauty,4,399,0.0,1596.0,Sonipat,Haryana,Cash on Delivery
ORD_04209,CUST_0314,2025-03-11,Power Bank,Electronics,3,999,0.05,2847.15,Amritsar,Punjab,UPI
ORD_04210,CUST_0436,2024-03-03,Bedsheet,Home,1,999,0.1,899.1,New Delhi,Delhi,Debit Card
ORD_04211,CUST_0563,2025-08-28,Novel,Books,3,499,0.05,1422.15,Ludhiana,Punjab,UPI
ORD_04212,CUST_0666,2025-05-06,Programming Book,Books,2,899,0.2,1438.4,New Delhi,Delhi,UPI
ORD_04213,CUST_0987,2024-08-16,Storage Box,Home,1,499,0.2,399.2,New Delhi,Delhi,Cash on Delivery
ORD_04214,CUST_0812,2024-09-23,Novel,Books,3,499,0.2,1197.6,Solan,Himachal Pradesh,Credit Card
ORD_04215,CUST_0247,2025-12-15,Hoodie,Clothing,4,999,0.1,3596.4,Patiala,Punjab,Cash on Delivery
ORD_04216,CUST_0561,2024-04-28,Novel,Books,3,499,0.1,1347.3,Solan,Himachal Pradesh,Cash on Delivery
ORD_04217,CUST_0964,2024-05-09,Smart Watch,Electronics,3,2499,0.05,7122.15,Solan,Himachal Pradesh,Credit Card
ORD_04218,CUST_0635,2025-09-08,Storage Box,Home,3,499,0.1,1347.3,Shimla,Himachal Pradesh,UPI
ORD_04219,CUST_0247,2024-12-08,Wireless Headphones,Electronics,1,1999,0.0,1999.0,New Delhi,Delhi,Debit Card
ORD_04220,CUST_0492,2024-09-25,Wireless Headphones,Electronics,4,1999,0.1,7196.4,New Delhi,Delhi,Debit Card
ORD_04221,CUST_0733,2024-05-10,Bedsheet,Home,3,999,0.2,2397.6,Panipat,Haryana,UPI
ORD_04222,CUST_0143,2025-03-03,Sneakers,Clothing,1,1999,0.1,1799.1,Solan,Himachal Pradesh,Credit Card
ORD_04223,CUST_0644,2024-12-17,Body Lotion,Beauty,2,349,0.2,558.4,Shimla,Himachal Pradesh,UPI
ORD_04224,CUST_0172,2025-01-29,T-Shirt,Clothing,3,599,0.05,1707.15,Solan,Himachal Pradesh,Cash on Delivery
ORD_04225,CUST_0429,2024-10-26,Jeans,Clothing,1,1299,0.05,1234.05,Chandigarh,Chandigarh,UPI
ORD_04226,CUST_1000,2025-09-09,Novel,Books,2,499,0.0,998.0,Mohali,Punjab,UPI
ORD_04227,CUST_0822,2025-08-04,Power Bank,Electronics,2,999,0.05,1898.1,Solan,Himachal Pradesh,Debit Card
ORD_04228,CUST_0485,2024-08-10,Wireless Headphones,Electronics,1,1999,0.05,1899.05,New Delhi,Delhi,Debit Card
ORD_04229,CUST_0557,2025-06-06,Bluetooth Speaker,Electronics,1,1599,0.05,1519.05,Chandigarh,Chandigarh,Credit Card
ORD_04230,CUST_0551,2024-04-03,Coffee Maker,Home,4,2499,0.0,9996.0,Solan,Himachal Pradesh,Credit Card
ORD_04231,CUST_0717,2025-04-29,Body Lotion,Beauty,3,349,0.05,994.65,Ludhiana,Punjab,Cash on Delivery
ORD_04232,CUST_0661,2024-02-16,Perfume,Beauty,1,999,0.0,999.0,New Delhi,Delhi,Debit Card
ORD_04233,CUST_0007,2024-01-23,Perfume,Beauty,2,999,0.15,1698.3,New Delhi,Delhi,Debit Card
ORD_04234,CUST_0445,2025-04-17,Wireless Headphones,Electronics,1,1999,0.05,1899.05,New Delhi,Delhi,Credit Card
ORD_04235,CUST_0109,2024-07-07,Coffee Maker,Home,2,2499,0.0,4998.0,Chandigarh,Chandigarh,Cash on Delivery
ORD_04236,CUST_0005,2024-01-27,Smart Watch,Electronics,3,2499,0.15,6372.45,New Delhi,Delhi,UPI
ORD_04237,CUST_0392,2025-01-20,Novel,Books,3,499,0.1,1347.3,New Delhi,Delhi,Credit Card
ORD_04238,CUST_0240,2024-12-23,Body Lotion,Beauty,2,349,0.0,698.0,Solan,Himachal Pradesh,Credit Card
ORD_04239,CUST_0727,2024-07-03,Jeans,Clothing,2,1299,0.05,2468.1,New Delhi,Delhi,Debit Card
ORD_04240,CUST_0462,2025-09-05,Exam Guide,Books,3,699,0.1,1887.3,New Delhi,Delhi,Cash on Delivery
ORD_04241,CUST_0122,2024-09-28,Table Lamp,Home,3,799,0.1,2157.3,Solan,Himachal Pradesh,UPI
ORD_04242,CUST_0706,2025-12-29,Hoodie,Clothing,3,999,0.0,2997.0,Ludhiana,Punjab,Debit Card
ORD_04243,CUST_0909,2025-09-03,Exam Guide,Books,2,699,0.05,1328.1,New Delhi,Delhi,Debit Card
ORD_04244,CUST_0579,2024-10-28,Power Bank,Electronics,1,999,0.0,999.0,Chandigarh,Chandigarh,Cash on Delivery
ORD_04245,CUST_0669,2025-05-03,Self Help Book,Books,2,599,0.2,958.4,Chandigarh,Chandigarh,Cash on Delivery
ORD_04246,CUST_0898,2025-09-08,Shampoo,Beauty,4,399,0.1,1436.4,Shimla,Himachal Pradesh,Credit Card
ORD_04247,CUST_0931,2025-10-13,Body Lotion,Beauty,2,349,0.05,663.1,Ludhiana,Punjab,Debit Card
ORD_04248,CUST_0076,2025-06-15,Self Help Book,Books,1,599,0.0,599.0,Ludhiana,Punjab,UPI
ORD_04249,CUST_0255,2024-10-20,Novel,Books,3,499,0.1,1347.3,Gurugram,Haryana,Cash on Delivery
ORD_04250,CUST_0931,2024-10-14,Body Lotion,Beauty,1,349,0.05,331.55,Gurugram,Haryana,Debit Card
ORD_04251,CUST_0717,2025-09-18,Shampoo,Beauty,1,399,0.05,379.05,New Delhi,Delhi,Debit Card
ORD_04252,CUST_0547,2024-07-06,Bluetooth Speaker,Electronics,3,1599,0.1,4317.3,New Delhi,Delhi,Debit Card
ORD_04253,CUST_0344,2024-01-21,Body Lotion,Beauty,3,349,0.1,942.3,Amritsar,Punjab,UPI
ORD_04254,CUST_0006,2025-07-12,Jeans,Clothing,2,1299,0.0,2598.0,Sonipat,Haryana,Credit Card
ORD_04255,CUST_0594,2025-07-06,Self Help Book,Books,2,599,0.1,1078.2,New Delhi,Delhi,Debit Card
ORD_04256,CUST_0087,2025-08-09,Coffee Maker,Home,1,2499,0.1,2249.1,Gurugram,Haryana,Cash on Delivery
ORD_04257,CUST_0743,2025-04-07,Power Bank,Electronics,4,999,0.15,3396.6,New Delhi,Delhi,Credit Card
ORD_04258,CUST_0936,2024-03-31,Body Lotion,Beauty,1,349,0.05,331.55,Chandigarh,Chandigarh,Cash on Delivery
ORD_04259,CUST_0955,2025-07-28,Jeans,Clothing,3,1299,0.05,3702.15,Chandigarh,Chandigarh,Cash on Delivery
ORD_04260,CUST_0483,2025-08-03,Exam Guide,Books,4,699,0.05,2656.2,Faridabad,Haryana,Cash on Delivery
ORD_04261,CUST_0508,2024-07-27,Wireless Headphones,Electronics,3,1999,0.05,5697.15,Gurugram,Haryana,UPI
ORD_04262,CUST_0706,2025-05-30,Bedsheet,Home,1,999,0.05,949.05,Chandigarh,Chandigarh,Credit Card
ORD_04263,CUST_0352,2024-07-09,Programming Book,Books,3,899,0.1,2427.3,New Delhi,Delhi,UPI
ORD_04264,CUST_0036,2024-11-29,Exam Guide,Books,3,699,0.05,1992.15,New Delhi,Delhi,Cash on Delivery
ORD_04265,CUST_0158,2025-05-09,Table Lamp,Home,4,799,0.0,3196.0,New Delhi,Delhi,Debit Card
ORD_04266,CUST_0175,2024-04-17,Shampoo,Beauty,4,399,0.05,1516.2,Mohali,Punjab,Debit Card
ORD_04267,CUST_0758,2025-07-05,Programming Book,Books,1,899,0.0,899.0,Panipat,Haryana,UPI
ORD_04268,CUST_0991,2024-12-06,Jeans,Clothing,3,1299,0.15,3312.45,New Delhi,Delhi,Debit Card
ORD_04269,CUST_0538,2025-12-11,Novel,Books,4,499,0.15,1696.6,Sonipat,Haryana,Credit Card
ORD_04270,CUST_0456,2025-10-23,Exam Guide,Books,3,699,0.05,1992.15,Chandigarh,Chandigarh,UPI
ORD_04271,CUST_0336,2024-08-11,Bluetooth Speaker,Electronics,3,1599,0.1,4317.3,Shimla,Himachal Pradesh,Credit Card
ORD_04272,CUST_0963,2025-04-19,Wireless Headphones,Electronics,4,1999,0.05,7596.2,Gurugram,Haryana,Debit Card
ORD_04273,CUST_0232,2024-06-23,Jeans,Clothing,1,1299,0.05,1234.05,Gurugram,Haryana,UPI
ORD_04274,CUST_0086,2025-04-20,Wireless Headphones,Electronics,2,1999,0.1,3598.2,Sonipat,Haryana,Debit Card
ORD_04275,CUST_0831,2025-06-15,Wireless Headphones,Electronics,1,1999,0.05,1899.05,Chandigarh,Chandigarh,Cash on Delivery
ORD_04276,CUST_0861,2025-01-03,Jeans,Clothing,4,1299,0.1,4676.4,Sonipat,Haryana,Debit Card
ORD_04277,CUST_0329,2024-12-09,Storage Box,Home,2,499,0.05,948.1,New Delhi,Delhi,Credit Card
ORD_04278,CUST_0036,2024-02-26,Novel,Books,4,499,0.05,1896.2,Mohali,Punjab,Cash on Delivery
ORD_04279,CUST_0764,2025-04-07,Face Wash,Beauty,3,299,0.05,852.15,Chandigarh,Chandigarh,Cash on Delivery
ORD_04280,CUST_0357,2025-10-15,Self Help Book,Books,4,599,0.05,2276.2,New Delhi,Delhi,UPI
ORD_04281,CUST_0611,2025-08-05,Smart Watch,Electronics,2,2499,0.05,4748.1,Solan,Himachal Pradesh,Cash on Delivery
ORD_04282,CUST_0898,2025-05-23,Shampoo,Beauty,4,399,0.0,1596.0,Gurugram,Haryana,Debit Card
ORD_04283,CUST_0995,2025-12-15,Novel,Books,3,499,0.0,1497.0,Chandigarh,Chandigarh,Credit Card
ORD_04284,CUST_0599,2024-02-02,Self Help Book,Books,4,599,0.0,2396.0,New Delhi,Delhi,Cash on Delivery
ORD_04285,CUST_0798,2025-08-26,Smart Watch,Electronics,4,2499,0.15,8496.6,Amritsar,Punjab,UPI
ORD_04286,CUST_0520,2024-06-27,Perfume,Beauty,1,999,0.0,999.0,Ludhiana,Punjab,UPI
ORD_04287,CUST_0373,2024-12-29,Shampoo,Beauty,2,399,0.05,758.1,Sonipat,Haryana,Cash on Delivery
ORD_04288,CUST_0451,2025-01-04,Shampoo,Beauty,1,399,0.0,399.0,Solan,Himachal Pradesh,Debit Card
ORD_04289,CUST_0547,2025-02-02,Hoodie,Clothing,2,999,0.05,1898.1,New Delhi,Delhi,Credit Card
ORD_04290,CUST_0100,2025-02-24,T-Shirt,Clothing,4,599,0.0,2396.0,New Delhi,Delhi,UPI
ORD_04291,CUST_0227,2024-04-22,Exam Guide,Books,1,699,0.0,699.0,Shimla,Himachal Pradesh,UPI
ORD_04292,CUST_0019,2025-07-03,Storage Box,Home,1,499,0.0,499.0,Shimla,Himachal Pradesh,Debit Card
ORD_04293,CUST_0235,2024-07-27,Sneakers,Clothing,2,1999,0.1,3598.2,New Delhi,Delhi,Cash on Delivery
ORD_04294,CUST_0997,2025-02-24,Sneakers,Clothing,2,1999,0.05,3798.1,Chandigarh,Chandigarh,UPI
ORD_04295,CUST_0419,2024-01-25,Coffee Maker,Home,2,2499,0.0,4998.0,Chandigarh,Chandigarh,Credit Card
ORD_04296,CUST_0862,2024-12-08,Novel,Books,3,499,0.2,1197.6,Patiala,Punjab,UPI
ORD_04297,CUST_0961,2024-02-11,Perfume,Beauty,1,999,0.05,949.05,Shimla,Himachal Pradesh,Credit Card
ORD_04298,CUST_0832,2024-11-10,Body Lotion,Beauty,1,349,0.0,349.0,Amritsar,Punjab,UPI
ORD_04299,CUST_0293,2025-10-15,Sneakers,Clothing,3,1999,0.2,4797.6,Shimla,Himachal Pradesh,Cash on Delivery
ORD_04300,CUST_0510,2025-03-13,Table Lamp,Home,2,799,0.1,1438.2,New Delhi,Delhi,Credit Card
ORD_04301,CUST_0686,2024-02-21,Bedsheet,Home,1,999,0.05,949.05,New Delhi,Delhi,Credit Card
ORD_04302,CUST_0239,2025-05-31,Bluetooth Speaker,Electronics,4,1599,0.2,5116.8,New Delhi,Delhi,Credit Card
ORD_04303,CUST_0466,2025-07-23,Wireless Headphones,Electronics,3,1999,0.1,5397.3,New Delhi,Delhi,Cash on Delivery
ORD_04304,CUST_0197,2025-01-17,Storage Box,Home,3,499,0.0,1497.0,Solan,Himachal Pradesh,Credit Card
ORD_04305,CUST_0170,2025-10-12,Coffee Maker,Home,4,2499,0.0,9996.0,Faridabad,Haryana,Debit Card
ORD_04306,CUST_0434,2025-09-24,Power Bank,Electronics,3,999,0.0,2997.0,Gurugram,Haryana,UPI
ORD_04307,CUST_0523,2024-11-09,Coffee Maker,Home,1,2499,0.1,2249.1,New Delhi,Delhi,Cash on Delivery
ORD_04308,CUST_0818,2025-09-02,Sneakers,Clothing,3,1999,0.15,5097.45,Shimla,Himachal Pradesh,Credit Card
ORD_04309,CUST_0248,2025-09-17,Wireless Headphones,Electronics,3,1999,0.1,5397.3,Faridabad,Haryana,UPI
ORD_04310,CUST_0010,2025-11-16,Smart Watch,Electronics,1,2499,0.0,2499.0,Shimla,Himachal Pradesh,UPI
ORD_04311,CUST_0635,2025-12-07,Table Lamp,Home,1,799,0.15,679.15,Amritsar,Punjab,Debit Card
ORD_04312,CUST_0121,2025-07-27,Wireless Headphones,Electronics,1,1999,0.05,1899.05,New Delhi,Delhi,Debit Card
ORD_04313,CUST_0752,2024-08-27,Storage Box,Home,3,499,0.15,1272.45,New Delhi,Delhi,UPI
ORD_04314,CUST_0192,2025-07-24,Power Bank,Electronics,3,999,0.0,2997.0,Ludhiana,Punjab,Debit Card
ORD_04315,CUST_0964,2024-01-06,Face Wash,Beauty,4,299,0.15,1016.6,Mohali,Punjab,Cash on Delivery
ORD_04316,CUST_0800,2025-05-21,Hoodie,Clothing,1,999,0.05,949.05,Panipat,Haryana,Debit Card
ORD_04317,CUST_0924,2024-04-01,Table Lamp,Home,3,799,0.1,2157.3,Chandigarh,Chandigarh,Debit Card
ORD_04318,CUST_0874,2025-07-21,Shampoo,Beauty,3,399,0.1,1077.3,New Delhi,Delhi,Cash on Delivery
ORD_04319,CUST_0121,2024-12-10,T-Shirt,Clothing,1,599,0.0,599.0,Gurugram,Haryana,Credit Card
ORD_04320,CUST_0250,2024-10-14,Jeans,Clothing,4,1299,0.15,4416.6,New Delhi,Delhi,Credit Card
ORD_04321,CUST_0591,2025-02-15,Storage Box,Home,3,499,0.1,1347.3,Chandigarh,Chandigarh,Debit Card
ORD_04322,CUST_0282,2025-08-02,T-Shirt,Clothing,3,599,0.0,1797.0,Gurugram,Haryana,UPI
ORD_04323,CUST_0493,2024-05-05,Jeans,Clothing,3,1299,0.2,3117.6,Ludhiana,Punjab,UPI
ORD_04324,CUST_0206,2025-03-18,Storage Box,Home,4,499,0.2,1596.8,Chandigarh,Chandigarh,Cash on Delivery
ORD_04325,CUST_0146,2025-11-05,Sneakers,Clothing,1,1999,0.1,1799.1,Faridabad,Haryana,Credit Card
ORD_04326,CUST_0240,2024-02-11,Shampoo,Beauty,4,399,0.0,1596.0,Shimla,Himachal Pradesh,Cash on Delivery
ORD_04327,CUST_0035,2024-10-14,Body Lotion,Beauty,4,349,0.05,1326.2,Chandigarh,Chandigarh,Debit Card
ORD_04328,CUST_0959,2024-01-30,Bluetooth Speaker,Electronics,4,1599,0.0,6396.0,Gurugram,Haryana,UPI
ORD_04329,CUST_0039,2025-11-04,Exam Guide,Books,3,699,0.1,1887.3,Chandigarh,Chandigarh,Debit Card
ORD_04330,CUST_0209,2024-05-18,Self Help Book,Books,2,599,0.1,1078.2,Amritsar,Punjab,Debit Card
ORD_04331,CUST_0667,2025-02-27,Novel,Books,4,499,0.1,1796.4,Chandigarh,Chandigarh,Debit Card
ORD_04332,CUST_0654,2024-01-01,T-Shirt,Clothing,3,599,0.05,1707.15,Solan,Himachal Pradesh,Debit Card
ORD_04333,CUST_0125,2025-10-15,Jeans,Clothing,4,1299,0.15,4416.6,Solan,Himachal Pradesh,UPI
ORD_04334,CUST_0566,2025-03-28,Exam Guide,Books,4,699,0.1,2516.4,Shimla,Himachal Pradesh,Credit Card
ORD_04335,CUST_0791,2025-09-09,Novel,Books,4,499,0.0,1996.0,New Delhi,Delhi,Credit Card
ORD_04336,CUST_0813,2024-11-15,Wireless Headphones,Electronics,4,1999,0.1,7196.4,Chandigarh,Chandigarh,Cash on Delivery
ORD_04337,CUST_0889,2024-11-07,Hoodie,Clothing,3,999,0.15,2547.45,Chandigarh,Chandigarh,UPI
ORD_04338,CUST_0220,2024-04-03,T-Shirt,Clothing,3,599,0.0,1797.0,Shimla,Himachal Pradesh,Cash on Delivery
ORD_04339,CUST_0626,2024-04-07,Bluetooth Speaker,Electronics,4,1599,0.05,6076.2,Amritsar,Punjab,Debit Card
ORD_04340,CUST_0730,2025-07-09,Sneakers,Clothing,3,1999,0.1,5397.3,Chandigarh,Chandigarh,UPI
ORD_04341,CUST_0285,2024-07-18,Body Lotion,Beauty,3,349,0.1,942.3,Chandigarh,Chandigarh,UPI
ORD_04342,CUST_0136,2025-10-28,Sneakers,Clothing,4,1999,0.15,6796.6,Shimla,Himachal Pradesh,UPI
ORD_04343,CUST_0904,2025-02-02,Sneakers,Clothing,4,1999,0.0,7996.0,New Delhi,Delhi,UPI
ORD_04344,CUST_0560,2025-06-14,Bedsheet,Home,4,999,0.0,3996.0,Ludhiana,Punjab,Debit Card
ORD_04345,CUST_0744,2025-08-08,Sneakers,Clothing,1,1999,0.1,1799.1,Shimla,Himachal Pradesh,Debit Card
ORD_04346,CUST_0940,2025-01-21,Bedsheet,Home,1,999,0.1,899.1,Solan,Himachal Pradesh,Debit Card
ORD_04347,CUST_0038,2024-12-07,Self Help Book,Books,1,599,0.05,569.05,Shimla,Himachal Pradesh,Credit Card
ORD_04348,CUST_0209,2025-01-28,Wireless Headphones,Electronics,4,1999,0.05,7596.2,Chandigarh,Chandigarh,UPI
ORD_04349,CUST_0845,2024-01-18,Exam Guide,Books,3,699,0.1,1887.3,Ludhiana,Punjab,Debit Card
ORD_04350,CUST_0826,2024-08-15,Bluetooth Speaker,Electronics,1,1599,0.05,1519.05,Gurugram,Haryana,UPI
ORD_04351,CUST_0758,2025-03-01,Programming Book,Books,3,899,0.1,2427.3,New Delhi,Delhi,Credit Card
ORD_04352,CUST_0806,2024-09-13,Self Help Book,Books,3,599,0.0,1797.0,New Delhi,Delhi,Cash on Delivery
ORD_04353,CUST_0047,2024-05-31,Shampoo,Beauty,4,399,0.0,1596.0,New Delhi,Delhi,UPI
ORD_04354,CUST_0026,2024-08-03,Storage Box,Home,3,499,0.05,1422.15,New Delhi,Delhi,Debit Card
ORD_04355,CUST_0329,2024-05-02,Bedsheet,Home,1,999,0.0,999.0,New Delhi,Delhi,Cash on Delivery
ORD_04356,CUST_0311,2024-05-01,Sneakers,Clothing,1,1999,0.1,1799.1,Gurugram,Haryana,Cash on Delivery
ORD_04357,CUST_0798,2024-05-02,Bluetooth Speaker,Electronics,4,1599,0.15,5436.6,Amritsar,Punjab,UPI
ORD_04358,CUST_0603,2025-01-21,Perfume,Beauty,1,999,0.0,999.0,Ludhiana,Punjab,Credit Card
ORD_04359,CUST_0934,2025-11-03,Coffee Maker,Home,1,2499,0.0,2499.0,New Delhi,Delhi,Cash on Delivery
ORD_04360,CUST_0446,2024-07-31,Storage Box,Home,4,499,0.2,1596.8,Sonipat,Haryana,Credit Card
ORD_04361,CUST_0486,2025-11-12,T-Shirt,Clothing,2,599,0.0,1198.0,Faridabad,Haryana,Cash on Delivery
ORD_04362,CUST_0137,2024-02-18,Bluetooth Speaker,Electronics,4,1599,0.1,5756.4,Chandigarh,Chandigarh,Cash on Delivery
ORD_04363,CUST_0891,2024-10-19,Perfume,Beauty,3,999,0.1,2697.3,Gurugram,Haryana,Debit Card
ORD_04364,CUST_0938,2025-12-06,T-Shirt,Clothing,3,599,0.1,1617.3,Amritsar,Punjab,Debit Card
ORD_04365,CUST_0437,2025-05-13,Programming Book,Books,1,899,0.05,854.05,Shimla,Himachal Pradesh,Credit Card
ORD_04366,CUST_0310,2024-01-15,Novel,Books,4,499,0.1,1796.4,Panipat,Haryana,Debit Card
ORD_04367,CUST_0911,2025-08-13,Table Lamp,Home,4,799,0.2,2556.8,Shimla,Himachal Pradesh,UPI
ORD_04368,CUST_0120,2025-12-26,Jeans,Clothing,1,1299,0.1,1169.1,Gurugram,Haryana,UPI
ORD_04369,CUST_0590,2025-12-13,Sneakers,Clothing,1,1999,0.0,1999.0,New Delhi,Delhi,UPI
ORD_04370,CUST_0359,2024-03-27,Face Wash,Beauty,3,299,0.05,852.15,Gurugram,Haryana,Cash on Delivery
ORD_04371,CUST_0666,2025-07-29,Shampoo,Beauty,1,399,0.15,339.15,New Delhi,Delhi,Cash on Delivery
ORD_04372,CUST_0022,2025-12-17,Shampoo,Beauty,4,399,0.2,1276.8,Ludhiana,Punjab,Credit Card
ORD_04373,CUST_0191,2024-09-15,Hoodie,Clothing,3,999,0.05,2847.15,Patiala,Punjab,Credit Card
ORD_04374,CUST_0413,2025-06-23,T-Shirt,Clothing,1,599,0.1,539.1,Mohali,Punjab,Cash on Delivery
ORD_04375,CUST_0563,2025-06-02,Jeans,Clothing,2,1299,0.0,2598.0,Chandigarh,Chandigarh,Debit Card
ORD_04376,CUST_0335,2024-04-30,Bluetooth Speaker,Electronics,4,1599,0.15,5436.6,Shimla,Himachal Pradesh,Cash on Delivery
ORD_04377,CUST_0477,2024-01-05,Smart Watch,Electronics,3,2499,0.15,6372.45,New Delhi,Delhi,Debit Card
ORD_04378,CUST_0345,2024-11-30,Perfume,Beauty,4,999,0.05,3796.2,New Delhi,Delhi,Cash on Delivery
ORD_04379,CUST_0075,2025-09-25,Body Lotion,Beauty,1,349,0.0,349.0,Faridabad,Haryana,Debit Card
ORD_04380,CUST_0396,2024-08-03,Bedsheet,Home,4,999,0.15,3396.6,Solan,Himachal Pradesh,UPI
ORD_04381,CUST_0575,2025-09-18,Jeans,Clothing,4,1299,0.0,5196.0,Faridabad,Haryana,Debit Card
ORD_04382,CUST_0564,2024-05-19,Jeans,Clothing,4,1299,0.15,4416.6,Sonipat,Haryana,UPI
ORD_04383,CUST_0149,2025-07-12,Novel,Books,2,499,0.05,948.1,Chandigarh,Chandigarh,Credit Card
ORD_04384,CUST_0425,2025-01-07,Storage Box,Home,3,499,0.1,1347.3,Chandigarh,Chandigarh,Credit Card
ORD_04385,CUST_0342,2025-07-13,Storage Box,Home,3,499,0.2,1197.6,Chandigarh,Chandigarh,Cash on Delivery
ORD_04386,CUST_0430,2025-03-28,Body Lotion,Beauty,1,349,0.05,331.55,New Delhi,Delhi,UPI
ORD_04387,CUST_0921,2025-07-02,Novel,Books,3,499,0.05,1422.15,Solan,Himachal Pradesh,UPI
ORD_04388,CUST_0251,2024-08-04,Jeans,Clothing,3,1299,0.05,3702.15,Chandigarh,Chandigarh,Debit Card
ORD_04389,CUST_0297,2024-06-03,Sneakers,Clothing,1,1999,0.0,1999.0,Panipat,Haryana,UPI
ORD_04390,CUST_0059,2024-02-18,Hoodie,Clothing,1,999,0.0,999.0,Amritsar,Punjab,Credit Card
ORD_04391,CUST_0601,2025-07-25,Perfume,Beauty,3,999,0.1,2697.3,New Delhi,Delhi,Credit Card
ORD_04392,CUST_0541,2024-07-15,Bedsheet,Home,3,999,0.05,2847.15,Gurugram,Haryana,Debit Card
ORD_04393,CUST_0273,2025-10-31,Coffee Maker,Home,1,2499,0.0,2499.0,Solan,Himachal Pradesh,Cash on Delivery
ORD_04394,CUST_0048,2025-06-10,Bluetooth Speaker,Electronics,1,1599,0.0,1599.0,Faridabad,Haryana,Credit Card
ORD_04395,CUST_0142,2025-12-15,Novel,Books,2,499,0.15,848.3,New Delhi,Delhi,UPI
ORD_04396,CUST_0304,2024-12-07,Hoodie,Clothing,1,999,0.05,949.05,Solan,Himachal Pradesh,Credit Card
ORD_04397,CUST_0418,2025-04-03,T-Shirt,Clothing,1,599,0.05,569.05,Faridabad,Haryana,Credit Card
ORD_04398,CUST_0708,2024-08-04,Hoodie,Clothing,2,999,0.2,1598.4,Shimla,Himachal Pradesh,UPI
ORD_04399,CUST_0892,2025-10-15,Shampoo,Beauty,2,399,0.05,758.1,Patiala,Punjab,Debit Card
ORD_04400,CUST_0831,2025-07-23,Jeans,Clothing,1,1299,0.05,1234.05,Ludhiana,Punjab,Debit Card
ORD_04401,CUST_0122,2024-03-29,Sneakers,Clothing,4,1999,0.05,7596.2,Ludhiana,Punjab,UPI
ORD_04402,CUST_0839,2024-01-16,Sneakers,Clothing,4,1999,0.15,6796.6,New Delhi,Delhi,UPI
ORD_04403,CUST_0781,2024-07-12,Exam Guide,Books,4,699,0.1,2516.4,Amritsar,Punjab,Debit Card
ORD_04404,CUST_0281,2025-05-29,Novel,Books,2,499,0.0,998.0,Amritsar,Punjab,Cash on Delivery
ORD_04405,CUST_0367,2025-05-18,Power Bank,Electronics,2,999,0.1,1798.2,Ludhiana,Punjab,UPI
ORD_04406,CUST_0759,2025-01-19,Wireless Headphones,Electronics,4,1999,0.05,7596.2,Mohali,Punjab,Debit Card
ORD_04407,CUST_0805,2025-09-09,Storage Box,Home,3,499,0.05,1422.15,Shimla,Himachal Pradesh,Credit Card
ORD_04408,CUST_0181,2024-04-16,Jeans,Clothing,2,1299,0.15,2208.3,Chandigarh,Chandigarh,Debit Card
ORD_04409,CUST_0335,2025-03-29,Bluetooth Speaker,Electronics,2,1599,0.0,3198.0,Sonipat,Haryana,Credit Card
ORD_04410,CUST_0438,2024-05-11,Body Lotion,Beauty,3,349,0.2,837.6,Patiala,Punjab,Credit Card
ORD_04411,CUST_0140,2024-04-03,Self Help Book,Books,3,599,0.05,1707.15,Chandigarh,Chandigarh,UPI
ORD_04412,CUST_0749,2025-09-11,Novel,Books,4,499,0.0,1996.0,Solan,Himachal Pradesh,Debit Card
ORD_04413,CUST_0080,2024-06-09,Hoodie,Clothing,4,999,0.0,3996.0,New Delhi,Delhi,Debit Card
ORD_04414,CUST_0032,2025-02-28,Bluetooth Speaker,Electronics,3,1599,0.05,4557.15,Chandigarh,Chandigarh,Cash on Delivery
ORD_04415,CUST_0167,2025-04-15,Novel,Books,3,499,0.1,1347.3,Chandigarh,Chandigarh,UPI
ORD_04416,CUST_0567,2025-03-31,Novel,Books,3,499,0.15,1272.45,Gurugram,Haryana,UPI
ORD_04417,CUST_0994,2024-02-27,Coffee Maker,Home,3,2499,0.1,6747.3,Faridabad,Haryana,Credit Card
ORD_04418,CUST_0658,2025-08-29,Programming Book,Books,3,899,0.1,2427.3,Mohali,Punjab,UPI
ORD_04419,CUST_0261,2025-05-23,Shampoo,Beauty,1,399,0.05,379.05,Chandigarh,Chandigarh,Debit Card
ORD_04420,CUST_0752,2024-12-15,Table Lamp,Home,2,799,0.1,1438.2,Solan,Himachal Pradesh,Cash on Delivery
ORD_04421,CUST_0877,2024-05-04,Self Help Book,Books,3,599,0.2,1437.6,Gurugram,Haryana,Credit Card
ORD_04422,CUST_0570,2024-04-20,Bedsheet,Home,2,999,0.1,1798.2,Shimla,Himachal Pradesh,Debit Card
ORD_04423,CUST_0011,2024-07-06,Power Bank,Electronics,1,999,0.0,999.0,New Delhi,Delhi,Credit Card
ORD_04424,CUST_0051,2024-11-11,Coffee Maker,Home,4,2499,0.1,8996.4,New Delhi,Delhi,UPI
ORD_04425,CUST_0992,2024-12-02,Perfume,Beauty,3,999,0.0,2997.0,Sonipat,Haryana,UPI
ORD_04426,CUST_0004,2025-10-01,Jeans,Clothing,4,1299,0.05,4936.2,Shimla,Himachal Pradesh,UPI
ORD_04427,CUST_0771,2025-05-12,Power Bank,Electronics,1,999,0.0,999.0,Faridabad,Haryana,Cash on Delivery
ORD_04428,CUST_0414,2025-08-08,Power Bank,Electronics,3,999,0.0,2997.0,Ludhiana,Punjab,UPI
ORD_04429,CUST_0881,2025-05-18,Face Wash,Beauty,1,299,0.0,299.0,Solan,Himachal Pradesh,UPI
ORD_04430,CUST_0388,2025-04-23,Perfume,Beauty,4,999,0.2,3196.8,Solan,Himachal Pradesh,Cash on Delivery
ORD_04431,CUST_0640,2025-09-09,Sneakers,Clothing,4,1999,0.0,7996.0,New Delhi,Delhi,Credit Card
ORD_04432,CUST_0706,2024-02-08,Power Bank,Electronics,1,999,0.15,849.15,New Delhi,Delhi,Credit Card
ORD_04433,CUST_0791,2025-06-17,Shampoo,Beauty,2,399,0.2,638.4,Shimla,Himachal Pradesh,Cash on Delivery
ORD_04434,CUST_0750,2024-09-21,Programming Book,Books,4,899,0.05,3416.2,Chandigarh,Chandigarh,Credit Card
ORD_04435,CUST_0038,2025-03-06,Coffee Maker,Home,2,2499,0.0,4998.0,Solan,Himachal Pradesh,Cash on Delivery
ORD_04436,CUST_0395,2024-07-03,Bluetooth Speaker,Electronics,1,1599,0.0,1599.0,Chandigarh,Chandigarh,Cash on Delivery
ORD_04437,CUST_0939,2024-12-11,Body Lotion,Beauty,1,349,0.15,296.65,Amritsar,Punjab,Cash on Delivery
ORD_04438,CUST_0952,2024-07-29,Bedsheet,Home,1,999,0.0,999.0,Solan,Himachal Pradesh,Cash on Delivery
ORD_04439,CUST_0283,2024-05-04,Bedsheet,Home,2,999,0.05,1898.1,Faridabad,Haryana,UPI
ORD_04440,CUST_0570,2025-06-04,Jeans,Clothing,4,1299,0.05,4936.2,Patiala,Punjab,UPI
ORD_04441,CUST_0856,2025-11-13,Bedsheet,Home,3,999,0.1,2697.3,Patiala,Punjab,UPI
ORD_04442,CUST_0184,2025-02-16,Coffee Maker,Home,1,2499,0.15,2124.15,Chandigarh,Chandigarh,Cash on Delivery
ORD_04443,CUST_0826,2025-11-10,Shampoo,Beauty,2,399,0.15,678.3,New Delhi,Delhi,UPI
ORD_04444,CUST_0056,2025-01-17,Power Bank,Electronics,3,999,0.0,2997.0,Solan,Himachal Pradesh,UPI
ORD_04445,CUST_0345,2024-01-30,Smart Watch,Electronics,2,2499,0.15,4248.3,Panipat,Haryana,Credit Card
ORD_04446,CUST_0231,2024-03-13,T-Shirt,Clothing,4,599,0.0,2396.0,Chandigarh,Chandigarh,Debit Card
ORD_04447,CUST_0095,2024-05-03,Hoodie,Clothing,1,999,0.2,799.2,Chandigarh,Chandigarh,Debit Card
ORD_04448,CUST_0944,2024-04-04,Exam Guide,Books,4,699,0.15,2376.6,Shimla,Himachal Pradesh,Credit Card
ORD_04449,CUST_0644,2024-05-05,Coffee Maker,Home,2,2499,0.15,4248.3,New Delhi,Delhi,UPI
ORD_04450,CUST_0176,2024-12-22,Face Wash,Beauty,3,299,0.15,762.45,Sonipat,Haryana,Cash on Delivery
ORD_04451,CUST_0125,2024-04-14,Coffee Maker,Home,3,2499,0.05,7122.15,Sonipat,Haryana,UPI
ORD_04452,CUST_0460,2024-06-22,Table Lamp,Home,4,799,0.05,3036.2,Chandigarh,Chandigarh,Debit Card
ORD_04453,CUST_0881,2024-04-26,Bluetooth Speaker,Electronics,4,1599,0.05,6076.2,Amritsar,Punjab,Credit Card
ORD_04454,CUST_0654,2025-06-08,Sneakers,Clothing,1,1999,0.15,1699.15,Shimla,Himachal Pradesh,Cash on Delivery
ORD_04455,CUST_0639,2025-04-09,Jeans,Clothing,1,1299,0.1,1169.1,Chandigarh,Chandigarh,UPI
ORD_04456,CUST_0843,2025-08-17,Exam Guide,Books,4,699,0.1,2516.4,Panipat,Haryana,Cash on Delivery
ORD_04457,CUST_0913,2025-06-20,Storage Box,Home,4,499,0.1,1796.4,Chandigarh,Chandigarh,UPI
ORD_04458,CUST_0204,2024-03-29,Smart Watch,Electronics,2,2499,0.0,4998.0,Gurugram,Haryana,Credit Card
ORD_04459,CUST_0705,2025-12-22,Exam Guide,Books,1,699,0.0,699.0,Solan,Himachal Pradesh,Debit Card
ORD_04460,CUST_0469,2024-02-29,Jeans,Clothing,4,1299,0.0,5196.0,Shimla,Himachal Pradesh,Debit Card
ORD_04461,CUST_0632,2025-12-01,Smart Watch,Electronics,2,2499,0.05,4748.1,Chandigarh,Chandigarh,UPI
ORD_04462,CUST_0604,2025-10-28,Face Wash,Beauty,2,299,0.05,568.1,New Delhi,Delhi,Cash on Delivery
ORD_04463,CUST_0706,2024-05-14,Body Lotion,Beauty,3,349,0.05,994.65,Sonipat,Haryana,Debit Card
ORD_04464,CUST_0782,2024-10-20,Bluetooth Speaker,Electronics,2,1599,0.1,2878.2,Faridabad,Haryana,Debit Card
ORD_04465,CUST_0854,2024-01-08,Perfume,Beauty,3,999,0.05,2847.15,Chandigarh,Chandigarh,Cash on Delivery
ORD_04466,CUST_0372,2025-06-08,T-Shirt,Clothing,3,599,0.05,1707.15,Chandigarh,Chandigarh,UPI
ORD_04467,CUST_0253,2025-10-01,Bedsheet,Home,4,999,0.05,3796.2,Shimla,Himachal Pradesh,Cash on Delivery
ORD_04468,CUST_0092,2024-09-04,Sneakers,Clothing,2,1999,0.1,3598.2,Patiala,Punjab,Credit Card
ORD_04469,CUST_0435,2024-01-14,Smart Watch,Electronics,2,2499,0.05,4748.1,Solan,Himachal Pradesh,Cash on Delivery
ORD_04470,CUST_0245,2024-03-01,Exam Guide,Books,3,699,0.05,1992.15,Shimla,Himachal Pradesh,Debit Card
ORD_04471,CUST_0595,2024-11-05,Body Lotion,Beauty,3,349,0.0,1047.0,Chandigarh,Chandigarh,UPI
ORD_04472,CUST_0840,2025-05-24,Bluetooth Speaker,Electronics,2,1599,0.1,2878.2,New Delhi,Delhi,Debit Card
ORD_04473,CUST_0629,2024-07-01,Coffee Maker,Home,1,2499,0.15,2124.15,Solan,Himachal Pradesh,Debit Card
ORD_04474,CUST_0660,2025-11-27,Self Help Book,Books,1,599,0.05,569.05,Mohali,Punjab,UPI
ORD_04475,CUST_0656,2025-01-05,Shampoo,Beauty,4,399,0.0,1596.0,Patiala,Punjab,Debit Card
ORD_04476,CUST_0118,2025-09-25,Hoodie,Clothing,1,999,0.0,999.0,Solan,Himachal Pradesh,Credit Card
ORD_04477,CUST_0673,2024-10-12,Novel,Books,3,499,0.05,1422.15,Amritsar,Punjab,Debit Card
ORD_04478,CUST_0475,2024-02-06,Body Lotion,Beauty,3,349,0.15,889.95,Shimla,Himachal Pradesh,UPI
ORD_04479,CUST_0349,2024-02-07,Self Help Book,Books,1,599,0.15,509.15,Faridabad,Haryana,UPI
ORD_04480,CUST_0114,2025-08-12,Sneakers,Clothing,4,1999,0.05,7596.2,Chandigarh,Chandigarh,Credit Card
ORD_04481,CUST_0385,2025-07-06,Storage Box,Home,2,499,0.0,998.0,Faridabad,Haryana,UPI
ORD_04482,CUST_0847,2025-02-27,Bedsheet,Home,4,999,0.1,3596.4,New Delhi,Delhi,Cash on Delivery
ORD_04483,CUST_0153,2025-06-19,Self Help Book,Books,3,599,0.2,1437.6,Shimla,Himachal Pradesh,Credit Card
ORD_04484,CUST_0677,2024-12-14,Coffee Maker,Home,4,2499,0.1,8996.4,Amritsar,Punjab,Debit Card
ORD_04485,CUST_0429,2024-09-03,Hoodie,Clothing,1,999,0.1,899.1,Mohali,Punjab,UPI
ORD_04486,CUST_0593,2025-04-03,Wireless Headphones,Electronics,4,1999,0.2,6396.8,Chandigarh,Chandigarh,Credit Card
ORD_04487,CUST_0593,2024-10-07,Hoodie,Clothing,2,999,0.0,1998.0,Solan,Himachal Pradesh,Debit Card
ORD_04488,CUST_0027,2024-01-27,Programming Book,Books,3,899,0.1,2427.3,Gurugram,Haryana,Cash on Delivery
ORD_04489,CUST_0415,2025-10-19,Coffee Maker,Home,4,2499,0.1,8996.4,Chandigarh,Chandigarh,Cash on Delivery
ORD_04490,CUST_0980,2024-12-12,Exam Guide,Books,4,699,0.1,2516.4,Amritsar,Punjab,UPI
ORD_04491,CUST_0849,2025-08-29,Table Lamp,Home,4,799,0.2,2556.8,Mohali,Punjab,Cash on Delivery
ORD_04492,CUST_0420,2025-04-19,Face Wash,Beauty,3,299,0.1,807.3,Patiala,Punjab,UPI
ORD_04493,CUST_0878,2025-05-27,Self Help Book,Books,2,599,0.0,1198.0,New Delhi,Delhi,UPI
ORD_04494,CUST_0343,2024-09-17,Power Bank,Electronics,4,999,0.0,3996.0,Chandigarh,Chandigarh,Credit Card
ORD_04495,CUST_0106,2024-08-07,Body Lotion,Beauty,2,349,0.05,663.1,Ludhiana,Punjab,Credit Card
ORD_04496,CUST_0714,2024-04-14,T-Shirt,Clothing,2,599,0.2,958.4,Chandigarh,Chandigarh,Cash on Delivery
ORD_04497,CUST_0958,2024-04-11,Sneakers,Clothing,3,1999,0.05,5697.15,Chandigarh,Chandigarh,Cash on Delivery
ORD_04498,CUST_0690,2025-09-03,Exam Guide,Books,1,699,0.15,594.15,New Delhi,Delhi,Credit Card
ORD_04499,CUST_0966,2025-08-12,Hoodie,Clothing,4,999,0.0,3996.0,New Delhi,Delhi,Cash on Delivery
ORD_04500,CUST_0490,2025-07-09,Programming Book,Books,1,899,0.0,899.0,Mohali,Punjab,UPI
ORD_04501,CUST_0153,2024-05-25,Face Wash,Beauty,4,299,0.05,1136.2,Shimla,Himachal Pradesh,Debit Card
ORD_04502,CUST_0951,2024-10-28,Bluetooth Speaker,Electronics,4,1599,0.1,5756.4,Chandigarh,Chandigarh,Debit Card
ORD_04503,CUST_0920,2024-12-31,Power Bank,Electronics,4,999,0.0,3996.0,Chandigarh,Chandigarh,Credit Card
ORD_04504,CUST_0507,2025-02-02,Wireless Headphones,Electronics,1,1999,0.0,1999.0,Solan,Himachal Pradesh,UPI
ORD_04505,CUST_0477,2025-09-15,Bedsheet,Home,1,999,0.05,949.05,Sonipat,Haryana,Cash on Delivery
ORD_04506,CUST_0520,2025-06-16,Shampoo,Beauty,3,399,0.15,1017.45,New Delhi,Delhi,Cash on Delivery
ORD_04507,CUST_0966,2025-07-29,Novel,Books,2,499,0.0,998.0,Mohali,Punjab,Credit Card
ORD_04508,CUST_0317,2025-01-30,Perfume,Beauty,2,999,0.05,1898.1,Ludhiana,Punjab,UPI
ORD_04509,CUST_0640,2024-11-23,Face Wash,Beauty,3,299,0.1,807.3,Chandigarh,Chandigarh,Credit Card
ORD_04510,CUST_0096,2024-11-10,Shampoo,Beauty,4,399,0.1,1436.4,Patiala,Punjab,Cash on Delivery
ORD_04511,CUST_0035,2024-11-04,Table Lamp,Home,4,799,0.15,2716.6,Solan,Himachal Pradesh,Cash on Delivery
ORD_04512,CUST_0105,2025-07-16,Sneakers,Clothing,3,1999,0.2,4797.6,Ludhiana,Punjab,Debit Card
ORD_04513,CUST_0587,2024-08-21,Table Lamp,Home,1,799,0.0,799.0,New Delhi,Delhi,UPI
ORD_04514,CUST_0931,2024-02-25,Smart Watch,Electronics,4,2499,0.0,9996.0,Chandigarh,Chandigarh,UPI
ORD_04515,CUST_0923,2024-01-29,Self Help Book,Books,2,599,0.0,1198.0,New Delhi,Delhi,Cash on Delivery
ORD_04516,CUST_0568,2025-05-21,Face Wash,Beauty,4,299,0.05,1136.2,Ludhiana,Punjab,Debit Card
ORD_04517,CUST_0502,2025-11-05,Exam Guide,Books,3,699,0.05,1992.15,New Delhi,Delhi,UPI
ORD_04518,CUST_0363,2024-08-03,Storage Box,Home,4,499,0.0,1996.0,New Delhi,Delhi,Credit Card
ORD_04519,CUST_0421,2024-01-14,Smart Watch,Electronics,3,2499,0.15,6372.45,Amritsar,Punjab,Debit Card
ORD_04520,CUST_0703,2024-04-26,Table Lamp,Home,4,799,0.1,2876.4,Chandigarh,Chandigarh,Credit Card
ORD_04521,CUST_0439,2024-08-03,Power Bank,Electronics,1,999,0.05,949.05,Amritsar,Punjab,Cash on Delivery
ORD_04522,CUST_0427,2024-02-29,Storage Box,Home,4,499,0.15,1696.6,New Delhi,Delhi,UPI
ORD_04523,CUST_0159,2024-01-18,Perfume,Beauty,2,999,0.0,1998.0,Amritsar,Punjab,Debit Card
ORD_04524,CUST_0360,2024-05-21,Body Lotion,Beauty,3,349,0.0,1047.0,Shimla,Himachal Pradesh,Debit Card
ORD_04525,CUST_0662,2024-10-11,Face Wash,Beauty,4,299,0.05,1136.2,Shimla,Himachal Pradesh,Cash on Delivery
ORD_04526,CUST_0419,2025-05-21,Storage Box,Home,2,499,0.05,948.1,Panipat,Haryana,Credit Card
ORD_04527,CUST_0312,2025-03-11,Sneakers,Clothing,1,1999,0.1,1799.1,Panipat,Haryana,UPI
ORD_04528,CUST_0572,2025-10-07,Sneakers,Clothing,3,1999,0.1,5397.3,Mohali,Punjab,Credit Card
ORD_04529,CUST_0338,2024-01-22,Shampoo,Beauty,2,399,0.0,798.0,Chandigarh,Chandigarh,Debit Card
ORD_04530,CUST_0235,2025-10-03,Self Help Book,Books,2,599,0.0,1198.0,Sonipat,Haryana,Debit Card
ORD_04531,CUST_0985,2025-08-28,Table Lamp,Home,4,799,0.1,2876.4,Faridabad,Haryana,Cash on Delivery
ORD_04532,CUST_0749,2025-07-26,Perfume,Beauty,3,999,0.2,2397.6,Patiala,Punjab,Credit Card
ORD_04533,CUST_0376,2025-04-14,Self Help Book,Books,3,599,0.1,1617.3,Panipat,Haryana,Cash on Delivery
ORD_04534,CUST_0745,2025-09-10,Novel,Books,1,499,0.15,424.15,New Delhi,Delhi,UPI
ORD_04535,CUST_0807,2024-09-04,Face Wash,Beauty,2,299,0.05,568.1,Sonipat,Haryana,Credit Card
ORD_04536,CUST_0582,2025-07-13,Bedsheet,Home,4,999,0.0,3996.0,New Delhi,Delhi,Cash on Delivery
ORD_04537,CUST_0292,2025-07-08,Perfume,Beauty,3,999,0.2,2397.6,Shimla,Himachal Pradesh,Debit Card
ORD_04538,CUST_0450,2025-04-05,Table Lamp,Home,3,799,0.2,1917.6,Chandigarh,Chandigarh,Credit Card
ORD_04539,CUST_0256,2025-11-28,Novel,Books,1,499,0.15,424.15,New Delhi,Delhi,UPI
ORD_04540,CUST_0769,2025-04-03,Wireless Headphones,Electronics,3,1999,0.1,5397.3,Solan,Himachal Pradesh,Cash on Delivery
ORD_04541,CUST_0361,2024-06-07,Bedsheet,Home,4,999,0.15,3396.6,Chandigarh,Chandigarh,UPI
ORD_04542,CUST_0324,2025-02-07,Exam Guide,Books,2,699,0.05,1328.1,Faridabad,Haryana,Cash on Delivery
ORD_04543,CUST_0818,2024-07-11,Bluetooth Speaker,Electronics,2,1599,0.1,2878.2,New Delhi,Delhi,Debit Card
ORD_04544,CUST_0113,2025-12-16,Storage Box,Home,1,499,0.0,499.0,New Delhi,Delhi,Credit Card
ORD_04545,CUST_0316,2025-10-13,Self Help Book,Books,1,599,0.0,599.0,New Delhi,Delhi,Debit Card
ORD_04546,CUST_0436,2025-09-12,Bedsheet,Home,1,999,0.0,999.0,Chandigarh,Chandigarh,Cash on Delivery
ORD_04547,CUST_0497,2024-02-01,Novel,Books,2,499,0.1,898.2,New Delhi,Delhi,Cash on Delivery
ORD_04548,CUST_0873,2025-12-05,Sneakers,Clothing,2,1999,0.0,3998.0,Mohali,Punjab,Debit Card
ORD_04549,CUST_0598,2024-11-14,Jeans,Clothing,2,1299,0.1,2338.2,Mohali,Punjab,Credit Card
ORD_04550,CUST_0247,2025-11-29,Wireless Headphones,Electronics,2,1999,0.0,3998.0,Shimla,Himachal Pradesh,Debit Card
ORD_04551,CUST_0754,2024-06-11,Table Lamp,Home,3,799,0.0,2397.0,Shimla,Himachal Pradesh,UPI
ORD_04552,CUST_0808,2025-10-01,Bedsheet,Home,1,999,0.1,899.1,New Delhi,Delhi,Credit Card
ORD_04553,CUST_0152,2025-10-10,Table Lamp,Home,3,799,0.0,2397.0,Solan,Himachal Pradesh,UPI
ORD_04554,CUST_0879,2025-06-29,Jeans,Clothing,1,1299,0.05,1234.05,Solan,Himachal Pradesh,Cash on Delivery
ORD_04555,CUST_1000,2024-04-28,Bluetooth Speaker,Electronics,2,1599,0.05,3038.1,New Delhi,Delhi,Cash on Delivery
ORD_04556,CUST_0265,2025-05-13,Bedsheet,Home,4,999,0.15,3396.6,Amritsar,Punjab,Credit Card
ORD_04557,CUST_0705,2024-08-06,Smart Watch,Electronics,4,2499,0.2,7996.8,Ludhiana,Punjab,Cash on Delivery
ORD_04558,CUST_0194,2024-01-04,Self Help Book,Books,3,599,0.0,1797.0,Gurugram,Haryana,UPI
ORD_04559,CUST_0497,2024-06-23,Jeans,Clothing,2,1299,0.0,2598.0,Sonipat,Haryana,Cash on Delivery
ORD_04560,CUST_0034,2025-07-18,Shampoo,Beauty,4,399,0.2,1276.8,Ludhiana,Punjab,Debit Card
ORD_04561,CUST_0944,2024-10-09,Novel,Books,3,499,0.0,1497.0,Chandigarh,Chandigarh,UPI
ORD_04562,CUST_0573,2024-04-04,Novel,Books,4,499,0.0,1996.0,New Delhi,Delhi,Cash on Delivery
ORD_04563,CUST_0228,2025-12-19,Self Help Book,Books,3,599,0.0,1797.0,New Delhi,Delhi,Debit Card
ORD_04564,CUST_0818,2024-08-02,Table Lamp,Home,1,799,0.0,799.0,Chandigarh,Chandigarh,Credit Card
ORD_04565,CUST_0875,2025-12-04,Programming Book,Books,2,899,0.0,1798.0,Solan,Himachal Pradesh,Debit Card
ORD_04566,CUST_0910,2025-05-09,Exam Guide,Books,4,699,0.0,2796.0,Solan,Himachal Pradesh,Credit Card
ORD_04567,CUST_0582,2025-09-03,Shampoo,Beauty,1,399,0.0,399.0,Patiala,Punjab,Credit Card
ORD_04568,CUST_0299,2024-01-31,Body Lotion,Beauty,2,349,0.1,628.2,Chandigarh,Chandigarh,Credit Card
ORD_04569,CUST_0936,2025-11-16,Storage Box,Home,4,499,0.15,1696.6,Chandigarh,Chandigarh,UPI
ORD_04570,CUST_0475,2025-04-13,Novel,Books,4,499,0.05,1896.2,Shimla,Himachal Pradesh,Debit Card
ORD_04571,CUST_0932,2024-03-10,Storage Box,Home,1,499,0.0,499.0,Chandigarh,Chandigarh,Credit Card
ORD_04572,CUST_0588,2025-09-27,Hoodie,Clothing,2,999,0.2,1598.4,New Delhi,Delhi,UPI
ORD_04573,CUST_0894,2024-05-13,Body Lotion,Beauty,2,349,0.2,558.4,Chandigarh,Chandigarh,Debit Card
ORD_04574,CUST_0735,2024-02-09,Self Help Book,Books,2,599,0.05,1138.1,Sonipat,Haryana,Credit Card
ORD_04575,CUST_0086,2025-11-12,Exam Guide,Books,1,699,0.1,629.1,Chandigarh,Chandigarh,Credit Card
ORD_04576,CUST_0628,2025-02-22,Self Help Book,Books,1,599,0.1,539.1,Chandigarh,Chandigarh,Cash on Delivery
ORD_04577,CUST_0891,2024-07-19,Self Help Book,Books,1,599,0.05,569.05,New Delhi,Delhi,Cash on Delivery
ORD_04578,CUST_0048,2024-10-29,Programming Book,Books,2,899,0.05,1708.1,Faridabad,Haryana,Debit Card
ORD_04579,CUST_0715,2025-06-05,Face Wash,Beauty,3,299,0.0,897.0,Shimla,Himachal Pradesh,Debit Card
ORD_04580,CUST_0367,2025-11-30,Wireless Headphones,Electronics,3,1999,0.05,5697.15,New Delhi,Delhi,Debit Card
ORD_04581,CUST_0411,2025-07-19,Bedsheet,Home,3,999,0.0,2997.0,Shimla,Himachal Pradesh,Debit Card
ORD_04582,CUST_0621,2025-07-16,Bedsheet,Home,3,999,0.1,2697.3,Chandigarh,Chandigarh,UPI
ORD_04583,CUST_0302,2025-05-20,Coffee Maker,Home,1,2499,0.1,2249.1,Gurugram,Haryana,UPI
ORD_04584,CUST_0060,2024-10-28,Bedsheet,Home,3,999,0.0,2997.0,Chandigarh,Chandigarh,UPI
ORD_04585,CUST_0063,2024-04-10,Perfume,Beauty,3,999,0.0,2997.0,New Delhi,Delhi,Cash on Delivery
ORD_04586,CUST_0193,2025-04-11,Novel,Books,1,499,0.0,499.0,Shimla,Himachal Pradesh,Debit Card
ORD_04587,CUST_0234,2025-06-16,Perfume,Beauty,3,999,0.05,2847.15,New Delhi,Delhi,Cash on Delivery
ORD_04588,CUST_0755,2024-11-05,Body Lotion,Beauty,2,349,0.05,663.1,Faridabad,Haryana,UPI
ORD_04589,CUST_0117,2025-11-30,Table Lamp,Home,3,799,0.05,2277.15,New Delhi,Delhi,Cash on Delivery
ORD_04590,CUST_0785,2025-04-17,Novel,Books,3,499,0.0,1497.0,Chandigarh,Chandigarh,Credit Card
ORD_04591,CUST_0446,2024-02-07,Jeans,Clothing,4,1299,0.2,4156.8,Gurugram,Haryana,Debit Card
ORD_04592,CUST_0890,2024-02-11,Sneakers,Clothing,2,1999,0.2,3198.4,Mohali,Punjab,Debit Card
ORD_04593,CUST_0899,2025-11-08,Body Lotion,Beauty,2,349,0.15,593.3,New Delhi,Delhi,Cash on Delivery
ORD_04594,CUST_0050,2024-03-25,Smart Watch,Electronics,2,2499,0.0,4998.0,Faridabad,Haryana,Cash on Delivery
ORD_04595,CUST_0107,2024-09-10,Coffee Maker,Home,1,2499,0.0,2499.0,Solan,Himachal Pradesh,UPI
ORD_04596,CUST_0699,2025-04-18,Shampoo,Beauty,1,399,0.1,359.1,Patiala,Punjab,Cash on Delivery
ORD_04597,CUST_0689,2024-03-17,Programming Book,Books,3,899,0.05,2562.15,Chandigarh,Chandigarh,Debit Card
ORD_04598,CUST_0879,2024-10-24,Bluetooth Speaker,Electronics,3,1599,0.05,4557.15,Solan,Himachal Pradesh,Debit Card
ORD_04599,CUST_0967,2024-02-22,Novel,Books,4,499,0.05,1896.2,Sonipat,Haryana,Credit Card
ORD_04600,CUST_0240,2025-12-01,Power Bank,Electronics,2,999,0.0,1998.0,Solan,Himachal Pradesh,Cash on Delivery
ORD_04601,CUST_0823,2024-09-12,Table Lamp,Home,3,799,0.05,2277.15,Panipat,Haryana,UPI
ORD_04602,CUST_0157,2024-04-08,Table Lamp,Home,2,799,0.1,1438.2,Chandigarh,Chandigarh,UPI
ORD_04603,CUST_0244,2025-10-23,Table Lamp,Home,1,799,0.0,799.0,Gurugram,Haryana,Debit Card
ORD_04604,CUST_0534,2024-01-24,Sneakers,Clothing,1,1999,0.05,1899.05,New Delhi,Delhi,Cash on Delivery
ORD_04605,CUST_0363,2025-09-11,Power Bank,Electronics,2,999,0.0,1998.0,Panipat,Haryana,Credit Card
ORD_04606,CUST_0849,2024-06-26,Jeans,Clothing,3,1299,0.05,3702.15,New Delhi,Delhi,UPI
ORD_04607,CUST_0405,2024-02-13,Shampoo,Beauty,2,399,0.15,678.3,Panipat,Haryana,Cash on Delivery
ORD_04608,CUST_0269,2024-06-05,Novel,Books,1,499,0.05,474.05,Chandigarh,Chandigarh,UPI
ORD_04609,CUST_0174,2025-08-08,Power Bank,Electronics,2,999,0.15,1698.3,Chandigarh,Chandigarh,Cash on Delivery
ORD_04610,CUST_0972,2024-10-27,Shampoo,Beauty,4,399,0.2,1276.8,Shimla,Himachal Pradesh,Credit Card
ORD_04611,CUST_0411,2024-06-11,Hoodie,Clothing,2,999,0.0,1998.0,Shimla,Himachal Pradesh,Credit Card
ORD_04612,CUST_0196,2025-04-01,Bedsheet,Home,4,999,0.0,3996.0,New Delhi,Delhi,Credit Card
ORD_04613,CUST_0495,2025-02-21,Wireless Headphones,Electronics,3,1999,0.0,5997.0,Chandigarh,Chandigarh,Credit Card
ORD_04614,CUST_0645,2024-11-23,Bedsheet,Home,3,999,0.1,2697.3,Chandigarh,Chandigarh,Cash on Delivery
ORD_04615,CUST_0452,2024-06-12,Programming Book,Books,3,899,0.05,2562.15,Gurugram,Haryana,UPI
ORD_04616,CUST_0863,2025-05-01,Bluetooth Speaker,Electronics,4,1599,0.1,5756.4,Chandigarh,Chandigarh,Credit Card
ORD_04617,CUST_0225,2024-11-28,Bluetooth Speaker,Electronics,2,1599,0.15,2718.3,Chandigarh,Chandigarh,Debit Card
ORD_04618,CUST_0229,2024-11-26,Programming Book,Books,2,899,0.05,1708.1,New Delhi,Delhi,UPI
ORD_04619,CUST_0740,2025-12-28,Self Help Book,Books,1,599,0.15,509.15,New Delhi,Delhi,UPI
ORD_04620,CUST_0908,2025-02-23,Shampoo,Beauty,2,399,0.1,718.2,Solan,Himachal Pradesh,Debit Card
ORD_04621,CUST_0579,2024-02-21,Programming Book,Books,1,899,0.2,719.2,New Delhi,Delhi,Credit Card
ORD_04622,CUST_0961,2025-07-04,Storage Box,Home,4,499,0.15,1696.6,Sonipat,Haryana,Debit Card
ORD_04623,CUST_0658,2025-03-11,Novel,Books,1,499,0.0,499.0,Chandigarh,Chandigarh,Credit Card
ORD_04624,CUST_0508,2024-05-07,Novel,Books,1,499,0.05,474.05,Chandigarh,Chandigarh,UPI
ORD_04625,CUST_0146,2024-07-17,Coffee Maker,Home,3,2499,0.0,7497.0,Chandigarh,Chandigarh,Debit Card
ORD_04626,CUST_0604,2024-02-17,Storage Box,Home,1,499,0.1,449.1,Solan,Himachal Pradesh,Debit Card
ORD_04627,CUST_0019,2024-08-16,Coffee Maker,Home,1,2499,0.05,2374.05,New Delhi,Delhi,Credit Card
ORD_04628,CUST_0333,2024-11-30,Face Wash,Beauty,3,299,0.2,717.6,Ludhiana,Punjab,Debit Card
ORD_04629,CUST_0695,2025-03-13,Body Lotion,Beauty,1,349,0.0,349.0,Solan,Himachal Pradesh,Cash on Delivery
ORD_04630,CUST_0738,2024-06-28,Jeans,Clothing,4,1299,0.1,4676.4,New Delhi,Delhi,Debit Card
ORD_04631,CUST_0418,2024-01-16,Shampoo,Beauty,4,399,0.05,1516.2,Ludhiana,Punjab,UPI
ORD_04632,CUST_0545,2025-04-11,Self Help Book,Books,4,599,0.15,2036.6,Panipat,Haryana,UPI
ORD_04633,CUST_0459,2025-06-04,Face Wash,Beauty,4,299,0.05,1136.2,Patiala,Punjab,Debit Card
ORD_04634,CUST_0805,2024-06-20,Bedsheet,Home,3,999,0.05,2847.15,New Delhi,Delhi,Debit Card
ORD_04635,CUST_0736,2025-01-01,Shampoo,Beauty,4,399,0.05,1516.2,Solan,Himachal Pradesh,Debit Card
ORD_04636,CUST_0630,2025-11-03,Bedsheet,Home,1,999,0.0,999.0,Amritsar,Punjab,Credit Card
ORD_04637,CUST_0168,2024-04-07,Storage Box,Home,4,499,0.0,1996.0,Sonipat,Haryana,Credit Card
ORD_04638,CUST_0820,2024-07-28,Wireless Headphones,Electronics,2,1999,0.1,3598.2,Shimla,Himachal Pradesh,UPI
ORD_04639,CUST_0695,2025-04-26,Hoodie,Clothing,3,999,0.0,2997.0,Amritsar,Punjab,UPI
ORD_04640,CUST_0318,2025-01-28,Hoodie,Clothing,3,999,0.15,2547.45,Ludhiana,Punjab,UPI
ORD_04641,CUST_0798,2025-02-12,Table Lamp,Home,2,799,0.0,1598.0,Solan,Himachal Pradesh,Debit Card
ORD_04642,CUST_0220,2024-05-19,Smart Watch,Electronics,3,2499,0.0,7497.0,Chandigarh,Chandigarh,Credit Card
ORD_04643,CUST_0654,2025-11-06,Power Bank,Electronics,1,999,0.05,949.05,Chandigarh,Chandigarh,Cash on Delivery
ORD_04644,CUST_0230,2024-06-13,Bluetooth Speaker,Electronics,4,1599,0.15,5436.6,Shimla,Himachal Pradesh,Credit Card
ORD_04645,CUST_0373,2024-12-18,Jeans,Clothing,1,1299,0.0,1299.0,Shimla,Himachal Pradesh,Debit Card
ORD_04646,CUST_0007,2025-09-26,Programming Book,Books,4,899,0.15,3056.6,Amritsar,Punjab,Cash on Delivery
ORD_04647,CUST_0136,2025-01-06,Coffee Maker,Home,2,2499,0.1,4498.2,Chandigarh,Chandigarh,UPI
ORD_04648,CUST_0166,2025-11-19,Hoodie,Clothing,1,999,0.0,999.0,New Delhi,Delhi,UPI
ORD_04649,CUST_0858,2024-12-16,Bedsheet,Home,1,999,0.05,949.05,New Delhi,Delhi,Cash on Delivery
ORD_04650,CUST_0666,2024-07-31,T-Shirt,Clothing,3,599,0.0,1797.0,Faridabad,Haryana,Credit Card
ORD_04651,CUST_0304,2025-11-01,Storage Box,Home,4,499,0.2,1596.8,Ludhiana,Punjab,Credit Card
ORD_04652,CUST_0879,2025-06-18,Storage Box,Home,4,499,0.0,1996.0,Shimla,Himachal Pradesh,Debit Card
ORD_04653,CUST_0784,2024-07-28,Self Help Book,Books,1,599,0.05,569.05,New Delhi,Delhi,Credit Card
ORD_04654,CUST_0491,2025-10-25,Sneakers,Clothing,3,1999,0.05,5697.15,Gurugram,Haryana,Credit Card
ORD_04655,CUST_0980,2025-05-25,Programming Book,Books,4,899,0.0,3596.0,Sonipat,Haryana,Cash on Delivery
ORD_04656,CUST_0935,2024-08-29,Table Lamp,Home,4,799,0.05,3036.2,Chandigarh,Chandigarh,Debit Card
ORD_04657,CUST_0733,2024-03-17,Shampoo,Beauty,3,399,0.1,1077.3,Chandigarh,Chandigarh,Debit Card
ORD_04658,CUST_0795,2025-09-11,Exam Guide,Books,1,699,0.1,629.1,Ludhiana,Punjab,Cash on Delivery
ORD_04659,CUST_0293,2025-07-30,Power Bank,Electronics,3,999,0.1,2697.3,Chandigarh,Chandigarh,Debit Card
ORD_04660,CUST_0456,2024-01-30,Power Bank,Electronics,1,999,0.0,999.0,Chandigarh,Chandigarh,UPI
ORD_04661,CUST_0283,2024-12-02,Smart Watch,Electronics,3,2499,0.1,6747.3,Gurugram,Haryana,Credit Card
ORD_04662,CUST_0614,2025-08-05,Self Help Book,Books,2,599,0.05,1138.1,Chandigarh,Chandigarh,Cash on Delivery
ORD_04663,CUST_0953,2024-08-02,Sneakers,Clothing,2,1999,0.0,3998.0,New Delhi,Delhi,Debit Card
ORD_04664,CUST_0414,2024-03-27,Body Lotion,Beauty,1,349,0.15,296.65,Shimla,Himachal Pradesh,Cash on Delivery
ORD_04665,CUST_0420,2024-07-25,Coffee Maker,Home,2,2499,0.05,4748.1,Shimla,Himachal Pradesh,Debit Card
ORD_04666,CUST_0424,2024-05-12,Hoodie,Clothing,1,999,0.2,799.2,Ludhiana,Punjab,UPI
ORD_04667,CUST_0977,2025-02-26,Storage Box,Home,2,499,0.2,798.4,New Delhi,Delhi,Credit Card
ORD_04668,CUST_0794,2025-03-26,Body Lotion,Beauty,2,349,0.1,628.2,Chandigarh,Chandigarh,Credit Card
ORD_04669,CUST_0145,2024-02-18,Coffee Maker,Home,3,2499,0.15,6372.45,New Delhi,Delhi,UPI
ORD_04670,CUST_0636,2025-03-23,Exam Guide,Books,1,699,0.1,629.1,New Delhi,Delhi,UPI
ORD_04671,CUST_0378,2025-07-26,Bluetooth Speaker,Electronics,1,1599,0.05,1519.05,Chandigarh,Chandigarh,Credit Card
ORD_04672,CUST_0997,2025-06-01,Bluetooth Speaker,Electronics,4,1599,0.1,5756.4,Chandigarh,Chandigarh,Debit Card
ORD_04673,CUST_0791,2024-07-22,Bedsheet,Home,2,999,0.05,1898.1,Gurugram,Haryana,Cash on Delivery
ORD_04674,CUST_0033,2025-05-09,Hoodie,Clothing,4,999,0.0,3996.0,Gurugram,Haryana,UPI
ORD_04675,CUST_0703,2025-07-16,Shampoo,Beauty,2,399,0.05,758.1,Gurugram,Haryana,Credit Card
ORD_04676,CUST_0794,2024-06-16,Shampoo,Beauty,3,399,0.0,1197.0,Sonipat,Haryana,Credit Card
ORD_04677,CUST_0411,2024-02-26,Bluetooth Speaker,Electronics,3,1599,0.1,4317.3,Ludhiana,Punjab,Credit Card
ORD_04678,CUST_0187,2025-09-05,Jeans,Clothing,1,1299,0.1,1169.1,Chandigarh,Chandigarh,Debit Card
ORD_04679,CUST_0414,2024-02-23,T-Shirt,Clothing,4,599,0.15,2036.6,New Delhi,Delhi,Cash on Delivery
ORD_04680,CUST_0763,2025-08-14,Bedsheet,Home,3,999,0.2,2397.6,New Delhi,Delhi,UPI
ORD_04681,CUST_0089,2024-04-22,Coffee Maker,Home,4,2499,0.05,9496.2,Chandigarh,Chandigarh,Debit Card
ORD_04682,CUST_0555,2024-07-25,T-Shirt,Clothing,2,599,0.2,958.4,Shimla,Himachal Pradesh,Cash on Delivery
ORD_04683,CUST_0642,2024-06-03,Body Lotion,Beauty,1,349,0.15,296.65,Faridabad,Haryana,Cash on Delivery
ORD_04684,CUST_0200,2025-02-27,Bluetooth Speaker,Electronics,3,1599,0.1,4317.3,Chandigarh,Chandigarh,Debit Card
ORD_04685,CUST_0263,2024-04-07,Coffee Maker,Home,4,2499,0.05,9496.2,Shimla,Himachal Pradesh,Cash on Delivery
ORD_04686,CUST_0371,2024-09-12,Self Help Book,Books,4,599,0.05,2276.2,Chandigarh,Chandigarh,Credit Card
ORD_04687,CUST_0864,2024-05-18,Smart Watch,Electronics,2,2499,0.15,4248.3,Chandigarh,Chandigarh,Credit Card
ORD_04688,CUST_0824,2024-11-03,Exam Guide,Books,1,699,0.0,699.0,Shimla,Himachal Pradesh,Debit Card
ORD_04689,CUST_0798,2025-02-13,Wireless Headphones,Electronics,4,1999,0.05,7596.2,Patiala,Punjab,UPI
ORD_04690,CUST_0839,2024-06-14,Storage Box,Home,3,499,0.05,1422.15,Solan,Himachal Pradesh,Cash on Delivery
ORD_04691,CUST_0121,2024-11-03,Storage Box,Home,3,499,0.05,1422.15,Sonipat,Haryana,Credit Card
ORD_04692,CUST_0530,2024-11-11,Body Lotion,Beauty,3,349,0.2,837.6,Solan,Himachal Pradesh,UPI
ORD_04693,CUST_0658,2025-09-05,Exam Guide,Books,2,699,0.1,1258.2,Chandigarh,Chandigarh,Cash on Delivery
ORD_04694,CUST_0007,2025-04-28,Smart Watch,Electronics,1,2499,0.05,2374.05,New Delhi,Delhi,Debit Card
ORD_04695,CUST_0093,2024-04-23,Novel,Books,1,499,0.1,449.1,Patiala,Punjab,UPI
ORD_04696,CUST_0105,2025-05-19,Novel,Books,1,499,0.05,474.05,Mohali,Punjab,Credit Card
ORD_04697,CUST_0853,2025-02-04,Programming Book,Books,2,899,0.1,1618.2,Faridabad,Haryana,UPI
ORD_04698,CUST_0180,2025-08-15,Body Lotion,Beauty,1,349,0.15,296.65,Amritsar,Punjab,UPI
ORD_04699,CUST_0606,2024-08-04,Bedsheet,Home,4,999,0.15,3396.6,Chandigarh,Chandigarh,Debit Card
ORD_04700,CUST_0758,2024-05-08,Storage Box,Home,3,499,0.0,1497.0,Shimla,Himachal Pradesh,Cash on Delivery
ORD_04701,CUST_0492,2024-04-16,Sneakers,Clothing,4,1999,0.15,6796.6,Solan,Himachal Pradesh,UPI
ORD_04702,CUST_0613,2025-04-23,Power Bank,Electronics,2,999,0.1,1798.2,Chandigarh,Chandigarh,Credit Card
ORD_04703,CUST_0100,2025-05-07,Bedsheet,Home,4,999,0.05,3796.2,New Delhi,Delhi,Debit Card
ORD_04704,CUST_0073,2025-08-10,Hoodie,Clothing,1,999,0.0,999.0,New Delhi,Delhi,UPI
ORD_04705,CUST_0400,2025-01-17,Table Lamp,Home,4,799,0.0,3196.0,New Delhi,Delhi,Credit Card
ORD_04706,CUST_0827,2025-01-21,Wireless Headphones,Electronics,2,1999,0.2,3198.4,Chandigarh,Chandigarh,UPI
ORD_04707,CUST_0617,2024-06-07,Bluetooth Speaker,Electronics,2,1599,0.1,2878.2,New Delhi,Delhi,UPI
ORD_04708,CUST_0411,2025-01-13,Body Lotion,Beauty,3,349,0.05,994.65,Solan,Himachal Pradesh,Credit Card
ORD_04709,CUST_0943,2025-10-28,Table Lamp,Home,3,799,0.1,2157.3,Solan,Himachal Pradesh,Debit Card
ORD_04710,CUST_0669,2025-05-26,Bluetooth Speaker,Electronics,1,1599,0.0,1599.0,Chandigarh,Chandigarh,UPI
ORD_04711,CUST_0925,2024-09-21,Programming Book,Books,3,899,0.1,2427.3,Chandigarh,Chandigarh,Cash on Delivery
ORD_04712,CUST_0314,2024-12-15,Hoodie,Clothing,3,999,0.05,2847.15,Shimla,Himachal Pradesh,Debit Card
ORD_04713,CUST_0246,2024-11-06,Exam Guide,Books,1,699,0.15,594.15,Ludhiana,Punjab,Cash on Delivery
ORD_04714,CUST_0883,2025-04-19,Smart Watch,Electronics,2,2499,0.2,3998.4,New Delhi,Delhi,Cash on Delivery
ORD_04715,CUST_0353,2024-12-26,Coffee Maker,Home,1,2499,0.1,2249.1,Solan,Himachal Pradesh,UPI
ORD_04716,CUST_0352,2024-07-31,Perfume,Beauty,3,999,0.05,2847.15,Gurugram,Haryana,Debit Card
ORD_04717,CUST_0939,2025-10-10,Smart Watch,Electronics,1,2499,0.2,1999.2,Solan,Himachal Pradesh,Debit Card
ORD_04718,CUST_0102,2025-05-31,Storage Box,Home,3,499,0.0,1497.0,Ludhiana,Punjab,UPI
ORD_04719,CUST_0517,2025-05-30,Shampoo,Beauty,1,399,0.1,359.1,Shimla,Himachal Pradesh,Credit Card
ORD_04720,CUST_0296,2024-05-21,Exam Guide,Books,1,699,0.0,699.0,Chandigarh,Chandigarh,Cash on Delivery
ORD_04721,CUST_0128,2024-12-15,Bedsheet,Home,1,999,0.05,949.05,Chandigarh,Chandigarh,Debit Card
ORD_04722,CUST_0244,2024-08-26,Shampoo,Beauty,1,399,0.0,399.0,Chandigarh,Chandigarh,Cash on Delivery
ORD_04723,CUST_0867,2024-10-03,Sneakers,Clothing,4,1999,0.2,6396.8,Sonipat,Haryana,Cash on Delivery
ORD_04724,CUST_0345,2025-11-10,T-Shirt,Clothing,3,599,0.05,1707.15,Panipat,Haryana,UPI
ORD_04725,CUST_0526,2024-04-19,Shampoo,Beauty,1,399,0.0,399.0,New Delhi,Delhi,Credit Card
ORD_04726,CUST_0309,2025-06-17,Body Lotion,Beauty,1,349,0.0,349.0,Gurugram,Haryana,Credit Card
ORD_04727,CUST_0813,2025-05-31,Face Wash,Beauty,1,299,0.05,284.05,Solan,Himachal Pradesh,Cash on Delivery
ORD_04728,CUST_0913,2024-06-12,Smart Watch,Electronics,4,2499,0.2,7996.8,Faridabad,Haryana,Debit Card
ORD_04729,CUST_0941,2025-07-24,Shampoo,Beauty,4,399,0.0,1596.0,Panipat,Haryana,Credit Card
ORD_04730,CUST_0514,2024-01-17,T-Shirt,Clothing,1,599,0.05,569.05,New Delhi,Delhi,UPI
ORD_04731,CUST_0342,2024-09-05,Bedsheet,Home,4,999,0.0,3996.0,Ludhiana,Punjab,UPI
ORD_04732,CUST_0755,2025-10-08,T-Shirt,Clothing,3,599,0.05,1707.15,Panipat,Haryana,Credit Card
ORD_04733,CUST_0695,2025-03-25,Hoodie,Clothing,3,999,0.1,2697.3,Chandigarh,Chandigarh,Credit Card
ORD_04734,CUST_0096,2024-09-02,Wireless Headphones,Electronics,1,1999,0.15,1699.15,Solan,Himachal Pradesh,Credit Card
ORD_04735,CUST_0884,2025-08-03,Table Lamp,Home,1,799,0.1,719.1,Chandigarh,Chandigarh,Debit Card
ORD_04736,CUST_0602,2024-12-13,Storage Box,Home,3,499,0.0,1497.0,New Delhi,Delhi,Credit Card
ORD_04737,CUST_0921,2024-05-16,Wireless Headphones,Electronics,1,1999,0.1,1799.1,New Delhi,Delhi,UPI
ORD_04738,CUST_0361,2025-06-14,Bluetooth Speaker,Electronics,2,1599,0.05,3038.1,Solan,Himachal Pradesh,UPI
ORD_04739,CUST_0114,2025-10-25,Power Bank,Electronics,2,999,0.0,1998.0,New Delhi,Delhi,Credit Card
ORD_04740,CUST_0431,2024-11-20,Body Lotion,Beauty,4,349,0.2,1116.8,Panipat,Haryana,UPI
ORD_04741,CUST_0802,2024-09-15,Sneakers,Clothing,1,1999,0.15,1699.15,Solan,Himachal Pradesh,Debit Card
ORD_04742,CUST_0706,2024-04-25,Storage Box,Home,2,499,0.15,848.3,Chandigarh,Chandigarh,UPI
ORD_04743,CUST_0279,2024-01-02,Coffee Maker,Home,3,2499,0.15,6372.45,Chandigarh,Chandigarh,Cash on Delivery
ORD_04744,CUST_0890,2024-08-15,Coffee Maker,Home,4,2499,0.0,9996.0,Mohali,Punjab,Cash on Delivery
ORD_04745,CUST_0248,2025-12-24,Exam Guide,Books,2,699,0.1,1258.2,Chandigarh,Chandigarh,Cash on Delivery
ORD_04746,CUST_0084,2025-07-03,Shampoo,Beauty,3,399,0.0,1197.0,Solan,Himachal Pradesh,Debit Card
ORD_04747,CUST_0782,2024-02-07,Storage Box,Home,1,499,0.05,474.05,New Delhi,Delhi,UPI
ORD_04748,CUST_0165,2024-05-11,Hoodie,Clothing,4,999,0.15,3396.6,Solan,Himachal Pradesh,Credit Card
ORD_04749,CUST_0875,2024-09-01,T-Shirt,Clothing,3,599,0.0,1797.0,New Delhi,Delhi,Credit Card
ORD_04750,CUST_0879,2025-08-08,Hoodie,Clothing,1,999,0.05,949.05,Chandigarh,Chandigarh,Debit Card
ORD_04751,CUST_0072,2024-01-06,Smart Watch,Electronics,1,2499,0.0,2499.0,Chandigarh,Chandigarh,UPI
ORD_04752,CUST_0084,2024-04-21,Jeans,Clothing,4,1299,0.15,4416.6,Chandigarh,Chandigarh,Debit Card
ORD_04753,CUST_0797,2024-03-15,Smart Watch,Electronics,4,2499,0.1,8996.4,Solan,Himachal Pradesh,Debit Card
ORD_04754,CUST_0346,2025-12-13,Bluetooth Speaker,Electronics,3,1599,0.1,4317.3,New Delhi,Delhi,Cash on Delivery
ORD_04755,CUST_0068,2024-10-22,Body Lotion,Beauty,1,349,0.1,314.1,Chandigarh,Chandigarh,UPI
ORD_04756,CUST_0374,2024-10-31,Exam Guide,Books,3,699,0.2,1677.6,Amritsar,Punjab,Cash on Delivery
ORD_04757,CUST_0066,2024-04-08,Smart Watch,Electronics,1,2499,0.0,2499.0,Solan,Himachal Pradesh,Cash on Delivery
ORD_04758,CUST_0528,2025-01-31,Wireless Headphones,Electronics,4,1999,0.05,7596.2,Chandigarh,Chandigarh,Debit Card
ORD_04759,CUST_0314,2024-01-06,Sneakers,Clothing,1,1999,0.1,1799.1,Faridabad,Haryana,Cash on Delivery
ORD_04760,CUST_0241,2024-10-09,Exam Guide,Books,2,699,0.15,1188.3,Chandigarh,Chandigarh,Debit Card
ORD_04761,CUST_0087,2025-07-30,Wireless Headphones,Electronics,2,1999,0.0,3998.0,Chandigarh,Chandigarh,Credit Card
ORD_04762,CUST_0007,2024-03-13,Sneakers,Clothing,2,1999,0.0,3998.0,Panipat,Haryana,UPI
ORD_04763,CUST_0602,2024-12-20,Shampoo,Beauty,4,399,0.05,1516.2,New Delhi,Delhi,Cash on Delivery
ORD_04764,CUST_0403,2025-06-26,Storage Box,Home,3,499,0.1,1347.3,Panipat,Haryana,Debit Card
ORD_04765,CUST_0409,2025-11-11,Programming Book,Books,2,899,0.2,1438.4,Solan,Himachal Pradesh,Credit Card
ORD_04766,CUST_0472,2024-07-23,Face Wash,Beauty,4,299,0.1,1076.4,Faridabad,Haryana,Debit Card
ORD_04767,CUST_0791,2025-01-28,Novel,Books,2,499,0.0,998.0,Shimla,Himachal Pradesh,Cash on Delivery
ORD_04768,CUST_0912,2024-07-30,Bedsheet,Home,2,999,0.1,1798.2,New Delhi,Delhi,Debit Card
ORD_04769,CUST_0282,2024-10-31,Storage Box,Home,4,499,0.1,1796.4,Sonipat,Haryana,UPI
ORD_04770,CUST_0361,2024-11-22,Programming Book,Books,1,899,0.05,854.05,Panipat,Haryana,Credit Card
ORD_04771,CUST_0836,2025-07-08,Smart Watch,Electronics,1,2499,0.05,2374.05,Solan,Himachal Pradesh,Debit Card
ORD_04772,CUST_0348,2024-04-28,Bluetooth Speaker,Electronics,4,1599,0.05,6076.2,Solan,Himachal Pradesh,Debit Card
ORD_04773,CUST_0755,2024-02-11,Programming Book,Books,1,899,0.05,854.05,New Delhi,Delhi,Debit Card
ORD_04774,CUST_0905,2025-03-24,Storage Box,Home,1,499,0.2,399.2,Chandigarh,Chandigarh,UPI
ORD_04775,CUST_0221,2024-07-05,Hoodie,Clothing,2,999,0.0,1998.0,Shimla,Himachal Pradesh,UPI
ORD_04776,CUST_0419,2025-12-07,Table Lamp,Home,3,799,0.1,2157.3,Chandigarh,Chandigarh,Cash on Delivery
ORD_04777,CUST_0245,2024-03-02,Face Wash,Beauty,1,299,0.15,254.15,Amritsar,Punjab,Credit Card
ORD_04778,CUST_0378,2025-07-25,Bluetooth Speaker,Electronics,4,1599,0.0,6396.0,Mohali,Punjab,Cash on Delivery
ORD_04779,CUST_0709,2024-08-03,Face Wash,Beauty,2,299,0.2,478.4,Ludhiana,Punjab,Debit Card
ORD_04780,CUST_0414,2025-09-12,Jeans,Clothing,4,1299,0.0,5196.0,Amritsar,Punjab,Credit Card
ORD_04781,CUST_0469,2024-07-10,Power Bank,Electronics,1,999,0.1,899.1,New Delhi,Delhi,Credit Card
ORD_04782,CUST_0327,2025-04-12,Face Wash,Beauty,3,299,0.15,762.45,Chandigarh,Chandigarh,Credit Card
ORD_04783,CUST_0106,2025-06-20,Hoodie,Clothing,4,999,0.1,3596.4,Gurugram,Haryana,Debit Card
ORD_04784,CUST_0579,2024-04-24,Programming Book,Books,4,899,0.0,3596.0,Shimla,Himachal Pradesh,UPI
ORD_04785,CUST_0401,2024-10-13,Novel,Books,4,499,0.2,1596.8,Ludhiana,Punjab,UPI
ORD_04786,CUST_0742,2025-02-17,Bedsheet,Home,1,999,0.2,799.2,New Delhi,Delhi,UPI
ORD_04787,CUST_0842,2025-06-15,Storage Box,Home,1,499,0.15,424.15,Amritsar,Punjab,UPI
ORD_04788,CUST_0922,2025-08-12,Bluetooth Speaker,Electronics,4,1599,0.05,6076.2,Chandigarh,Chandigarh,Debit Card
ORD_04789,CUST_0154,2024-02-04,Bluetooth Speaker,Electronics,2,1599,0.05,3038.1,Panipat,Haryana,UPI
ORD_04790,CUST_0847,2024-12-26,Jeans,Clothing,4,1299,0.15,4416.6,Shimla,Himachal Pradesh,Credit Card
ORD_04791,CUST_0178,2024-10-14,Perfume,Beauty,2,999,0.05,1898.1,Shimla,Himachal Pradesh,UPI
ORD_04792,CUST_0217,2025-02-25,Jeans,Clothing,3,1299,0.1,3507.3,Solan,Himachal Pradesh,Cash on Delivery
ORD_04793,CUST_0325,2024-03-29,Exam Guide,Books,3,699,0.0,2097.0,Solan,Himachal Pradesh,Credit Card
ORD_04794,CUST_0912,2024-05-24,Jeans,Clothing,3,1299,0.15,3312.45,Chandigarh,Chandigarh,Credit Card
ORD_04795,CUST_0082,2025-05-02,Body Lotion,Beauty,3,349,0.05,994.65,Panipat,Haryana,Debit Card
ORD_04796,CUST_0321,2024-03-06,Novel,Books,1,499,0.0,499.0,Chandigarh,Chandigarh,UPI
ORD_04797,CUST_0401,2024-02-03,Coffee Maker,Home,2,2499,0.1,4498.2,Ludhiana,Punjab,Credit Card
ORD_04798,CUST_0784,2024-01-19,Jeans,Clothing,4,1299,0.15,4416.6,Chandigarh,Chandigarh,Debit Card
ORD_04799,CUST_0371,2025-07-02,Storage Box,Home,1,499,0.1,449.1,New Delhi,Delhi,UPI
ORD_04800,CUST_0757,2025-11-11,Hoodie,Clothing,1,999,0.05,949.05,Solan,Himachal Pradesh,Credit Card
ORD_04801,CUST_0088,2024-08-31,Table Lamp,Home,3,799,0.05,2277.15,Shimla,Himachal Pradesh,Debit Card
ORD_04802,CUST_0187,2025-05-10,Bluetooth Speaker,Electronics,2,1599,0.15,2718.3,New Delhi,Delhi,Credit Card
ORD_04803,CUST_0915,2025-05-10,Body Lotion,Beauty,4,349,0.0,1396.0,Chandigarh,Chandigarh,Cash on Delivery
ORD_04804,CUST_0316,2025-12-05,Power Bank,Electronics,3,999,0.15,2547.45,Faridabad,Haryana,Cash on Delivery
ORD_04805,CUST_0750,2025-04-06,Bedsheet,Home,3,999,0.1,2697.3,Chandigarh,Chandigarh,Debit Card
ORD_04806,CUST_0168,2024-07-01,Novel,Books,1,499,0.1,449.1,Chandigarh,Chandigarh,Debit Card
ORD_04807,CUST_0837,2024-01-06,Jeans,Clothing,1,1299,0.1,1169.1,New Delhi,Delhi,UPI
ORD_04808,CUST_0273,2024-04-09,Wireless Headphones,Electronics,3,1999,0.15,5097.45,Faridabad,Haryana,Credit Card
ORD_04809,CUST_0239,2024-03-20,Sneakers,Clothing,1,1999,0.1,1799.1,New Delhi,Delhi,UPI
ORD_04810,CUST_0561,2024-10-17,Exam Guide,Books,2,699,0.0,1398.0,Chandigarh,Chandigarh,Debit Card
ORD_04811,CUST_0594,2025-11-11,Exam Guide,Books,4,699,0.2,2236.8,New Delhi,Delhi,Cash on Delivery
ORD_04812,CUST_0847,2025-04-18,Smart Watch,Electronics,1,2499,0.1,2249.1,Mohali,Punjab,UPI
ORD_04813,CUST_0095,2025-10-05,Face Wash,Beauty,4,299,0.1,1076.4,Gurugram,Haryana,Debit Card
ORD_04814,CUST_0459,2024-11-26,Novel,Books,2,499,0.0,998.0,Solan,Himachal Pradesh,Debit Card
ORD_04815,CUST_0949,2024-12-11,Power Bank,Electronics,3,999,0.1,2697.3,Shimla,Himachal Pradesh,Debit Card
ORD_04816,CUST_0294,2025-10-30,Exam Guide,Books,3,699,0.0,2097.0,New Delhi,Delhi,Debit Card
ORD_04817,CUST_0158,2025-05-30,Sneakers,Clothing,1,1999,0.0,1999.0,Mohali,Punjab,UPI
ORD_04818,CUST_0540,2025-05-22,Exam Guide,Books,4,699,0.05,2656.2,Mohali,Punjab,Credit Card
ORD_04819,CUST_0360,2024-01-21,Coffee Maker,Home,1,2499,0.2,1999.2,New Delhi,Delhi,Cash on Delivery
ORD_04820,CUST_0863,2025-06-29,Wireless Headphones,Electronics,2,1999,0.0,3998.0,New Delhi,Delhi,Cash on Delivery
ORD_04821,CUST_0595,2025-07-27,Novel,Books,3,499,0.05,1422.15,Amritsar,Punjab,UPI
ORD_04822,CUST_0600,2025-02-16,Jeans,Clothing,1,1299,0.05,1234.05,New Delhi,Delhi,Debit Card
ORD_04823,CUST_0765,2024-11-07,Smart Watch,Electronics,1,2499,0.1,2249.1,Ludhiana,Punjab,Cash on Delivery
ORD_04824,CUST_0685,2024-06-09,Exam Guide,Books,3,699,0.15,1782.45,New Delhi,Delhi,Cash on Delivery
ORD_04825,CUST_0071,2024-09-01,Exam Guide,Books,3,699,0.1,1887.3,Shimla,Himachal Pradesh,Debit Card
ORD_04826,CUST_0373,2025-08-17,Power Bank,Electronics,1,999,0.0,999.0,Faridabad,Haryana,Cash on Delivery
ORD_04827,CUST_0926,2024-03-07,Table Lamp,Home,3,799,0.1,2157.3,Panipat,Haryana,Credit Card
ORD_04828,CUST_0010,2025-06-12,Coffee Maker,Home,1,2499,0.15,2124.15,New Delhi,Delhi,UPI
ORD_04829,CUST_0817,2025-02-07,Hoodie,Clothing,3,999,0.05,2847.15,Solan,Himachal Pradesh,Debit Card
ORD_04830,CUST_0084,2024-01-06,Bedsheet,Home,4,999,0.1,3596.4,Shimla,Himachal Pradesh,Debit Card
ORD_04831,CUST_0692,2025-11-16,Programming Book,Books,1,899,0.15,764.15,New Delhi,Delhi,UPI
ORD_04832,CUST_0988,2025-11-29,Coffee Maker,Home,2,2499,0.0,4998.0,New Delhi,Delhi,Credit Card
ORD_04833,CUST_0034,2025-05-23,Perfume,Beauty,4,999,0.05,3796.2,Sonipat,Haryana,UPI
ORD_04834,CUST_0215,2025-03-01,T-Shirt,Clothing,4,599,0.1,2156.4,Solan,Himachal Pradesh,Credit Card
ORD_04835,CUST_0178,2025-06-03,Coffee Maker,Home,3,2499,0.1,6747.3,New Delhi,Delhi,UPI
ORD_04836,CUST_0823,2025-02-03,Body Lotion,Beauty,1,349,0.05,331.55,Amritsar,Punjab,Cash on Delivery
ORD_04837,CUST_0656,2025-06-13,Smart Watch,Electronics,3,2499,0.0,7497.0,Panipat,Haryana,Credit Card
ORD_04838,CUST_0940,2024-12-03,Coffee Maker,Home,2,2499,0.05,4748.1,Shimla,Himachal Pradesh,Credit Card
ORD_04839,CUST_0064,2025-06-01,Wireless Headphones,Electronics,1,1999,0.0,1999.0,Mohali,Punjab,UPI
ORD_04840,CUST_0313,2024-07-07,Programming Book,Books,2,899,0.05,1708.1,Mohali,Punjab,Credit Card
ORD_04841,CUST_0320,2024-06-19,Table Lamp,Home,1,799,0.0,799.0,Shimla,Himachal Pradesh,UPI
ORD_04842,CUST_0942,2025-08-15,Shampoo,Beauty,4,399,0.0,1596.0,Ludhiana,Punjab,Credit Card
ORD_04843,CUST_0305,2025-11-15,Bluetooth Speaker,Electronics,3,1599,0.05,4557.15,Panipat,Haryana,Credit Card
ORD_04844,CUST_0816,2024-04-17,Exam Guide,Books,3,699,0.05,1992.15,New Delhi,Delhi,Cash on Delivery
ORD_04845,CUST_0439,2025-08-04,Exam Guide,Books,4,699,0.05,2656.2,Chandigarh,Chandigarh,Credit Card
ORD_04846,CUST_0973,2024-04-18,Face Wash,Beauty,2,299,0.1,538.2,Patiala,Punjab,Cash on Delivery
ORD_04847,CUST_0255,2025-05-15,Face Wash,Beauty,3,299,0.2,717.6,Mohali,Punjab,Cash on Delivery
ORD_04848,CUST_0239,2025-08-23,Novel,Books,2,499,0.1,898.2,Chandigarh,Chandigarh,Cash on Delivery
ORD_04849,CUST_0099,2024-10-21,Smart Watch,Electronics,1,2499,0.05,2374.05,Gurugram,Haryana,Cash on Delivery
ORD_04850,CUST_0891,2024-09-23,Storage Box,Home,3,499,0.05,1422.15,New Delhi,Delhi,Cash on Delivery
ORD_04851,CUST_0486,2024-06-18,Table Lamp,Home,4,799,0.05,3036.2,New Delhi,Delhi,Credit Card
ORD_04852,CUST_0078,2025-08-11,Table Lamp,Home,4,799,0.2,2556.8,Mohali,Punjab,UPI
ORD_04853,CUST_0812,2025-11-08,Programming Book,Books,1,899,0.05,854.05,New Delhi,Delhi,UPI
ORD_04854,CUST_0685,2024-07-27,Shampoo,Beauty,4,399,0.05,1516.2,Chandigarh,Chandigarh,Cash on Delivery
ORD_04855,CUST_0474,2024-07-13,Programming Book,Books,4,899,0.1,3236.4,Gurugram,Haryana,Credit Card
ORD_04856,CUST_0136,2025-06-26,Body Lotion,Beauty,2,349,0.0,698.0,Patiala,Punjab,Cash on Delivery
ORD_04857,CUST_0700,2025-01-04,Bluetooth Speaker,Electronics,2,1599,0.2,2558.4,Shimla,Himachal Pradesh,Cash on Delivery
ORD_04858,CUST_0296,2025-10-26,Programming Book,Books,4,899,0.05,3416.2,New Delhi,Delhi,Credit Card
ORD_04859,CUST_0854,2024-04-12,Table Lamp,Home,1,799,0.05,759.05,Mohali,Punjab,UPI
ORD_04860,CUST_0576,2025-11-23,Face Wash,Beauty,3,299,0.0,897.0,New Delhi,Delhi,Debit Card
ORD_04861,CUST_0329,2024-08-30,Hoodie,Clothing,1,999,0.05,949.05,Mohali,Punjab,Cash on Delivery
ORD_04862,CUST_0976,2025-10-17,Bluetooth Speaker,Electronics,3,1599,0.0,4797.0,Ludhiana,Punjab,Debit Card
ORD_04863,CUST_0333,2024-05-24,Jeans,Clothing,2,1299,0.1,2338.2,Solan,Himachal Pradesh,Debit Card
ORD_04864,CUST_0066,2024-09-06,Programming Book,Books,4,899,0.05,3416.2,New Delhi,Delhi,Cash on Delivery
ORD_04865,CUST_0215,2024-01-01,Power Bank,Electronics,4,999,0.2,3196.8,Amritsar,Punjab,UPI
ORD_04866,CUST_0380,2024-10-28,Face Wash,Beauty,4,299,0.0,1196.0,Sonipat,Haryana,Credit Card
ORD_04867,CUST_0809,2025-12-02,Bedsheet,Home,4,999,0.15,3396.6,Shimla,Himachal Pradesh,Credit Card
ORD_04868,CUST_0999,2024-09-03,Bedsheet,Home,4,999,0.1,3596.4,Shimla,Himachal Pradesh,Debit Card
ORD_04869,CUST_0559,2024-10-29,T-Shirt,Clothing,3,599,0.1,1617.3,Panipat,Haryana,UPI
ORD_04870,CUST_0473,2024-04-18,Body Lotion,Beauty,4,349,0.2,1116.8,Faridabad,Haryana,Cash on Delivery
ORD_04871,CUST_0014,2024-02-12,Programming Book,Books,1,899,0.0,899.0,Solan,Himachal Pradesh,UPI
ORD_04872,CUST_0705,2024-04-19,Wireless Headphones,Electronics,2,1999,0.1,3598.2,Faridabad,Haryana,Debit Card
ORD_04873,CUST_0066,2024-05-14,Body Lotion,Beauty,3,349,0.15,889.95,Chandigarh,Chandigarh,Credit Card
ORD_04874,CUST_0227,2025-03-18,Perfume,Beauty,1,999,0.15,849.15,Shimla,Himachal Pradesh,Credit Card
ORD_04875,CUST_0735,2024-01-29,Perfume,Beauty,2,999,0.1,1798.2,Shimla,Himachal Pradesh,Debit Card
ORD_04876,CUST_0909,2024-01-05,Power Bank,Electronics,4,999,0.05,3796.2,New Delhi,Delhi,UPI
ORD_04877,CUST_0266,2025-06-26,Coffee Maker,Home,2,2499,0.1,4498.2,New Delhi,Delhi,UPI
ORD_04878,CUST_0450,2025-07-18,Perfume,Beauty,2,999,0.05,1898.1,Amritsar,Punjab,Credit Card
ORD_04879,CUST_0814,2025-08-15,Wireless Headphones,Electronics,3,1999,0.05,5697.15,New Delhi,Delhi,Credit Card
ORD_04880,CUST_0110,2025-09-28,Bluetooth Speaker,Electronics,3,1599,0.05,4557.15,New Delhi,Delhi,Credit Card
ORD_04881,CUST_0393,2024-11-11,Novel,Books,2,499,0.05,948.1,Chandigarh,Chandigarh,Credit Card
ORD_04882,CUST_0262,2024-09-05,Body Lotion,Beauty,3,349,0.0,1047.0,Ludhiana,Punjab,Credit Card
ORD_04883,CUST_0191,2025-01-27,Smart Watch,Electronics,1,2499,0.1,2249.1,New Delhi,Delhi,Credit Card
ORD_04884,CUST_0673,2024-04-12,Table Lamp,Home,4,799,0.0,3196.0,Sonipat,Haryana,Cash on Delivery
ORD_04885,CUST_0404,2024-05-11,Storage Box,Home,1,499,0.05,474.05,Shimla,Himachal Pradesh,Cash on Delivery
ORD_04886,CUST_0534,2024-06-29,Jeans,Clothing,4,1299,0.2,4156.8,Chandigarh,Chandigarh,UPI
ORD_04887,CUST_0532,2024-04-07,Novel,Books,2,499,0.1,898.2,New Delhi,Delhi,Cash on Delivery
ORD_04888,CUST_0537,2024-01-08,Novel,Books,4,499,0.15,1696.6,Chandigarh,Chandigarh,Cash on Delivery
ORD_04889,CUST_0123,2024-09-13,T-Shirt,Clothing,4,599,0.05,2276.2,New Delhi,Delhi,UPI
ORD_04890,CUST_0783,2025-11-29,Sneakers,Clothing,3,1999,0.1,5397.3,Chandigarh,Chandigarh,Cash on Delivery
ORD_04891,CUST_0037,2024-08-19,Programming Book,Books,3,899,0.05,2562.15,New Delhi,Delhi,Credit Card
ORD_04892,CUST_0017,2024-11-15,Jeans,Clothing,1,1299,0.15,1104.15,New Delhi,Delhi,Debit Card
ORD_04893,CUST_0987,2025-01-29,Jeans,Clothing,3,1299,0.15,3312.45,Solan,Himachal Pradesh,UPI
ORD_04894,CUST_0466,2025-12-14,Wireless Headphones,Electronics,2,1999,0.05,3798.1,Faridabad,Haryana,UPI
ORD_04895,CUST_0632,2024-12-24,Power Bank,Electronics,2,999,0.0,1998.0,Panipat,Haryana,UPI
ORD_04896,CUST_0777,2025-03-31,Exam Guide,Books,4,699,0.0,2796.0,Shimla,Himachal Pradesh,Cash on Delivery
ORD_04897,CUST_0977,2025-07-30,Smart Watch,Electronics,1,2499,0.1,2249.1,New Delhi,Delhi,Cash on Delivery
ORD_04898,CUST_0367,2024-11-28,Shampoo,Beauty,2,399,0.1,718.2,New Delhi,Delhi,UPI
ORD_04899,CUST_0333,2024-04-10,Sneakers,Clothing,2,1999,0.1,3598.2,Chandigarh,Chandigarh,Credit Card
ORD_04900,CUST_0208,2024-09-17,Bluetooth Speaker,Electronics,4,1599,0.0,6396.0,New Delhi,Delhi,Credit Card
ORD_04901,CUST_0905,2024-04-10,Smart Watch,Electronics,1,2499,0.15,2124.15,New Delhi,Delhi,UPI
ORD_04902,CUST_0507,2025-07-20,Shampoo,Beauty,1,399,0.1,359.1,New Delhi,Delhi,UPI
ORD_04903,CUST_0088,2024-10-21,Exam Guide,Books,2,699,0.15,1188.3,Shimla,Himachal Pradesh,Debit Card
ORD_04904,CUST_0844,2024-03-27,Perfume,Beauty,1,999,0.05,949.05,Chandigarh,Chandigarh,Cash on Delivery
ORD_04905,CUST_0267,2024-12-06,Sneakers,Clothing,3,1999,0.05,5697.15,Ludhiana,Punjab,UPI
ORD_04906,CUST_0293,2025-02-03,T-Shirt,Clothing,2,599,0.1,1078.2,Shimla,Himachal Pradesh,Debit Card
ORD_04907,CUST_0024,2025-11-02,Table Lamp,Home,4,799,0.0,3196.0,Amritsar,Punjab,Cash on Delivery
ORD_04908,CUST_0414,2025-09-24,Jeans,Clothing,3,1299,0.05,3702.15,Sonipat,Haryana,UPI
ORD_04909,CUST_0392,2024-01-18,Power Bank,Electronics,4,999,0.2,3196.8,Chandigarh,Chandigarh,Credit Card
ORD_04910,CUST_0534,2025-09-08,Body Lotion,Beauty,3,349,0.0,1047.0,Shimla,Himachal Pradesh,Cash on Delivery
ORD_04911,CUST_0671,2024-04-27,Coffee Maker,Home,4,2499,0.0,9996.0,Shimla,Himachal Pradesh,Credit Card
ORD_04912,CUST_0650,2025-10-26,Self Help Book,Books,3,599,0.0,1797.0,Sonipat,Haryana,Debit Card
ORD_04913,CUST_0123,2024-06-03,Bluetooth Speaker,Electronics,1,1599,0.1,1439.1,Solan,Himachal Pradesh,UPI
ORD_04914,CUST_0973,2025-11-11,Wireless Headphones,Electronics,1,1999,0.0,1999.0,Panipat,Haryana,UPI
ORD_04915,CUST_0018,2024-11-22,Shampoo,Beauty,2,399,0.1,718.2,Chandigarh,Chandigarh,Debit Card
ORD_04916,CUST_0952,2025-01-12,Programming Book,Books,1,899,0.2,719.2,Ludhiana,Punjab,Credit Card
ORD_04917,CUST_0112,2024-04-30,Sneakers,Clothing,1,1999,0.0,1999.0,Solan,Himachal Pradesh,Cash on Delivery
ORD_04918,CUST_0447,2024-11-27,Face Wash,Beauty,4,299,0.1,1076.4,Amritsar,Punjab,Credit Card
ORD_04919,CUST_0838,2025-10-12,Power Bank,Electronics,2,999,0.05,1898.1,Solan,Himachal Pradesh,Credit Card
ORD_04920,CUST_0154,2024-06-17,Sneakers,Clothing,4,1999,0.2,6396.8,New Delhi,Delhi,Debit Card
ORD_04921,CUST_0750,2024-09-11,Perfume,Beauty,3,999,0.0,2997.0,New Delhi,Delhi,Credit Card
ORD_04922,CUST_0300,2024-11-02,Storage Box,Home,2,499,0.0,998.0,New Delhi,Delhi,UPI
ORD_04923,CUST_0602,2025-05-08,Bedsheet,Home,3,999,0.1,2697.3,Faridabad,Haryana,Cash on Delivery
ORD_04924,CUST_0156,2025-05-31,Table Lamp,Home,3,799,0.1,2157.3,Solan,Himachal Pradesh,Debit Card
ORD_04925,CUST_0833,2024-11-14,Body Lotion,Beauty,2,349,0.05,663.1,Faridabad,Haryana,Debit Card
ORD_04926,CUST_0938,2024-10-31,Power Bank,Electronics,1,999,0.15,849.15,Shimla,Himachal Pradesh,Debit Card
ORD_04927,CUST_0624,2025-05-11,Self Help Book,Books,4,599,0.05,2276.2,Chandigarh,Chandigarh,Debit Card
ORD_04928,CUST_0916,2024-06-14,Hoodie,Clothing,2,999,0.05,1898.1,New Delhi,Delhi,Cash on Delivery
ORD_04929,CUST_0562,2024-08-28,Hoodie,Clothing,3,999,0.15,2547.45,Chandigarh,Chandigarh,UPI
ORD_04930,CUST_0293,2025-12-15,Bluetooth Speaker,Electronics,2,1599,0.15,2718.3,Amritsar,Punjab,Cash on Delivery
ORD_04931,CUST_0349,2025-03-08,Bluetooth Speaker,Electronics,3,1599,0.05,4557.15,Gurugram,Haryana,Credit Card
ORD_04932,CUST_0314,2025-05-02,Face Wash,Beauty,1,299,0.05,284.05,New Delhi,Delhi,Debit Card
ORD_04933,CUST_0089,2024-03-19,Sneakers,Clothing,4,1999,0.0,7996.0,Shimla,Himachal Pradesh,Credit Card
ORD_04934,CUST_0165,2024-06-03,Face Wash,Beauty,4,299,0.0,1196.0,New Delhi,Delhi,Debit Card
ORD_04935,CUST_0202,2025-03-15,Smart Watch,Electronics,4,2499,0.05,9496.2,Shimla,Himachal Pradesh,Credit Card
ORD_04936,CUST_0328,2025-10-04,Hoodie,Clothing,3,999,0.05,2847.15,Shimla,Himachal Pradesh,Debit Card
ORD_04937,CUST_0288,2025-05-27,T-Shirt,Clothing,1,599,0.1,539.1,Chandigarh,Chandigarh,Cash on Delivery
ORD_04938,CUST_0497,2024-12-30,Hoodie,Clothing,2,999,0.05,1898.1,Ludhiana,Punjab,UPI
ORD_04939,CUST_0575,2025-09-14,Exam Guide,Books,4,699,0.0,2796.0,Mohali,Punjab,Cash on Delivery
ORD_04940,CUST_0041,2025-03-25,Sneakers,Clothing,1,1999,0.1,1799.1,Sonipat,Haryana,Credit Card
ORD_04941,CUST_0365,2024-09-15,T-Shirt,Clothing,1,599,0.05,569.05,New Delhi,Delhi,Debit Card
ORD_04942,CUST_0223,2025-04-01,Jeans,Clothing,3,1299,0.1,3507.3,Faridabad,Haryana,Debit Card
ORD_04943,CUST_0870,2025-02-06,Shampoo,Beauty,2,399,0.0,798.0,Shimla,Himachal Pradesh,Credit Card
ORD_04944,CUST_0299,2024-04-07,Shampoo,Beauty,2,399,0.05,758.1,Sonipat,Haryana,Debit Card
ORD_04945,CUST_0285,2024-09-06,Hoodie,Clothing,3,999,0.05,2847.15,Chandigarh,Chandigarh,UPI
ORD_04946,CUST_0995,2025-06-08,Jeans,Clothing,2,1299,0.0,2598.0,Shimla,Himachal Pradesh,Cash on Delivery
ORD_04947,CUST_0662,2024-07-08,T-Shirt,Clothing,2,599,0.1,1078.2,Chandigarh,Chandigarh,Debit Card
ORD_04948,CUST_0899,2024-06-02,Table Lamp,Home,2,799,0.05,1518.1,Shimla,Himachal Pradesh,Credit Card
ORD_04949,CUST_0278,2025-08-28,Body Lotion,Beauty,3,349,0.05,994.65,Chandigarh,Chandigarh,Debit Card
ORD_04950,CUST_0935,2024-04-08,Power Bank,Electronics,2,999,0.0,1998.0,Solan,Himachal Pradesh,Cash on Delivery
ORD_04951,CUST_0542,2025-11-27,Smart Watch,Electronics,1,2499,0.1,2249.1,New Delhi,Delhi,Cash on Delivery
ORD_04952,CUST_0473,2024-12-09,Programming Book,Books,1,899,0.15,764.15,Chandigarh,Chandigarh,Cash on Delivery
ORD_04953,CUST_0694,2025-11-23,Sneakers,Clothing,1,1999,0.1,1799.1,Patiala,Punjab,UPI
ORD_04954,CUST_0309,2024-12-03,Novel,Books,3,499,0.15,1272.45,New Delhi,Delhi,UPI
ORD_04955,CUST_0134,2024-07-01,Shampoo,Beauty,3,399,0.15,1017.45,Patiala,Punjab,UPI
ORD_04956,CUST_0387,2025-05-03,Self Help Book,Books,2,599,0.05,1138.1,Panipat,Haryana,Cash on Delivery
ORD_04957,CUST_0894,2025-12-11,Programming Book,Books,4,899,0.0,3596.0,New Delhi,Delhi,UPI
ORD_04958,CUST_0413,2025-11-12,Sneakers,Clothing,3,1999,0.15,5097.45,Gurugram,Haryana,Credit Card
ORD_04959,CUST_0151,2025-12-20,Exam Guide,Books,2,699,0.0,1398.0,Chandigarh,Chandigarh,Credit Card
ORD_04960,CUST_0171,2024-02-15,T-Shirt,Clothing,4,599,0.05,2276.2,Gurugram,Haryana,UPI
ORD_04961,CUST_0264,2025-12-06,Self Help Book,Books,1,599,0.0,599.0,Solan,Himachal Pradesh,UPI
ORD_04962,CUST_0069,2024-09-12,T-Shirt,Clothing,3,599,0.05,1707.15,New Delhi,Delhi,Debit Card
ORD_04963,CUST_0911,2024-08-01,Storage Box,Home,3,499,0.15,1272.45,Amritsar,Punjab,UPI
ORD_04964,CUST_0129,2024-02-21,Coffee Maker,Home,4,2499,0.0,9996.0,Solan,Himachal Pradesh,Credit Card
ORD_04965,CUST_0771,2025-03-05,Coffee Maker,Home,2,2499,0.2,3998.4,Sonipat,Haryana,Debit Card
ORD_04966,CUST_0824,2024-07-21,Sneakers,Clothing,3,1999,0.0,5997.0,Gurugram,Haryana,Credit Card
ORD_04967,CUST_0576,2024-10-28,Hoodie,Clothing,2,999,0.1,1798.2,Shimla,Himachal Pradesh,UPI
ORD_04968,CUST_0425,2024-05-09,Wireless Headphones,Electronics,3,1999,0.05,5697.15,Chandigarh,Chandigarh,UPI
ORD_04969,CUST_0189,2024-06-13,Storage Box,Home,2,499,0.0,998.0,Chandigarh,Chandigarh,Credit Card
ORD_04970,CUST_0541,2025-09-15,Programming Book,Books,1,899,0.05,854.05,New Delhi,Delhi,UPI
ORD_04971,CUST_0909,2025-06-04,Sneakers,Clothing,3,1999,0.1,5397.3,Shimla,Himachal Pradesh,Credit Card
ORD_04972,CUST_0574,2024-06-20,Sneakers,Clothing,3,1999,0.2,4797.6,Solan,Himachal Pradesh,Cash on Delivery
ORD_04973,CUST_0896,2024-11-17,Table Lamp,Home,1,799,0.1,719.1,Patiala,Punjab,Debit Card
ORD_04974,CUST_0613,2025-07-08,Novel,Books,3,499,0.05,1422.15,Sonipat,Haryana,Debit Card
ORD_04975,CUST_0395,2025-06-21,Face Wash,Beauty,3,299,0.0,897.0,Chandigarh,Chandigarh,Cash on Delivery
ORD_04976,CUST_0903,2024-02-15,Bedsheet,Home,2,999,0.1,1798.2,Sonipat,Haryana,Cash on Delivery
ORD_04977,CUST_0772,2025-08-10,Shampoo,Beauty,4,399,0.0,1596.0,Shimla,Himachal Pradesh,Credit Card
ORD_04978,CUST_0232,2024-03-27,Shampoo,Beauty,2,399,0.1,718.2,Gurugram,Haryana,Cash on Delivery
ORD_04979,CUST_0054,2025-03-11,T-Shirt,Clothing,2,599,0.0,1198.0,Solan,Himachal Pradesh,Debit Card
ORD_04980,CUST_0849,2025-07-19,Jeans,Clothing,2,1299,0.1,2338.2,Patiala,Punjab,Debit Card
ORD_04981,CUST_0995,2025-10-19,Shampoo,Beauty,3,399,0.05,1137.15,Chandigarh,Chandigarh,UPI
ORD_04982,CUST_0328,2025-08-11,Power Bank,Electronics,1,999,0.15,849.15,Patiala,Punjab,UPI
ORD_04983,CUST_0539,2025-08-20,Shampoo,Beauty,2,399,0.1,718.2,Solan,Himachal Pradesh,Debit Card
ORD_04984,CUST_0031,2024-02-09,Novel,Books,2,499,0.05,948.1,Ludhiana,Punjab,Credit Card
ORD_04985,CUST_0157,2025-08-22,Jeans,Clothing,4,1299,0.0,5196.0,Patiala,Punjab,Cash on Delivery
ORD_04986,CUST_0923,2024-02-24,Sneakers,Clothing,3,1999,0.15,5097.45,Mohali,Punjab,Debit Card
ORD_04987,CUST_0993,2025-08-13,Power Bank,Electronics,1,999,0.05,949.05,Solan,Himachal Pradesh,Cash on Delivery
ORD_04988,CUST_0608,2024-05-19,Shampoo,Beauty,2,399,0.1,718.2,New Delhi,Delhi,Debit Card
ORD_04989,CUST_0752,2024-01-16,Jeans,Clothing,1,1299,0.05,1234.05,Mohali,Punjab,Cash on Delivery
ORD_04990,CUST_0910,2024-01-10,T-Shirt,Clothing,3,599,0.05,1707.15,Chandigarh,Chandigarh,UPI
ORD_04991,CUST_0777,2024-05-18,Sneakers,Clothing,4,1999,0.05,7596.2,Solan,Himachal Pradesh,Cash on Delivery
ORD_04992,CUST_0512,2025-11-02,Face Wash,Beauty,2,299,0.1,538.2,Chandigarh,Chandigarh,Debit Card
ORD_04993,CUST_0359,2024-06-02,Storage Box,Home,3,499,0.1,1347.3,Sonipat,Haryana,Credit Card
ORD_04994,CUST_0794,2025-08-22,Novel,Books,4,499,0.1,1796.4,New Delhi,Delhi,Debit Card
ORD_04995,CUST_0599,2025-12-10,Sneakers,Clothing,1,1999,0.0,1999.0,Shimla,Himachal Pradesh,Debit Card
ORD_04996,CUST_0829,2024-02-21,Novel,Books,4,499,0.15,1696.6,Chandigarh,Chandigarh,Cash on Delivery
ORD_04997,CUST_0499,2025-07-14,Smart Watch,Electronics,2,2499,0.05,4748.1,New Delhi,Delhi,Credit Card
ORD_04998,CUST_0556,2025-06-17,Face Wash,Beauty,3,299,0.1,807.3,Gurugram,Haryana,Cash on Delivery
ORD_04999,CUST_0472,2025-08-07,Perfume,Beauty,2,999,0.0,1998.0,Shimla,Himachal Pradesh,Credit Card
ORD_05000,CUST_0938,2024-08-10,Bedsheet,Home,1,999,0.2,799.2,Sonipat,Haryana,Debit Card
